amount,transaction_type,payment_method,account_age,failed_transactions,is_fraud
95950.08,Online Purchase,UPI,1004,3,1
15464.03,Online Purchase,Net Banking,131,0,0
34975.87,Online Purchase,Debit Card,2233,6,1
88430.93,Online Purchase,Debit Card,1732,5,1
32375.53,Bill Payment,Credit Card,380,6,1
127139.41,Bill Payment,Credit Card,1882,8,1
138352.08,Online Purchase,UPI,1482,9,1
10526.32,Money Transfer,UPI,327,3,0
57080.92,Cash Withdrawal,UPI,667,5,1
100559.26,Online Purchase,Debit Card,2188,3,1
56980.37,Money Transfer,UPI,230,3,0
120776.37,Cash Withdrawal,UPI,272,3,0
85120.29,Bill Payment,Debit Card,2045,6,0
96463.5,Money Transfer,UPI,572,3,0
80892.7,Cash Withdrawal,Net Banking,1483,3,0
20835.93,Cash Withdrawal,Credit Card,193,1,0
24081.3,Cash Withdrawal,Credit Card,1577,6,0
70260.68,Bill Payment,Credit Card,470,10,0
112656.58,Bill Payment,Credit Card,1203,6,1
586.47,Bill Payment,Debit Card,2080,1,0
44836.87,Money Transfer,Debit Card,1532,2,0
116816.11,Online Purchase,UPI,2002,0,1
54510.82,Bill Payment,Debit Card,238,3,0
142047.72,Online Purchase,Net Banking,284,8,1
19345.88,Cash Withdrawal,Debit Card,1086,8,0
63528.38,Money Transfer,Debit Card,1277,6,0
97516.72,Cash Withdrawal,Net Banking,496,3,1
50779.03,Money Transfer,Debit Card,30,1,0
8925.18,Online Purchase,Credit Card,1354,1,0
41843.74,Cash Withdrawal,Debit Card,2209,2,0
132369.22,Cash Withdrawal,Debit Card,1938,6,1
14629.93,Cash Withdrawal,UPI,1735,6,0
109388.47,Online Purchase,Credit Card,1650,5,0
16479.43,Money Transfer,Debit Card,2197,7,1
27604.86,Cash Withdrawal,Debit Card,309,7,0
128409.44,Online Purchase,Credit Card,2215,0,0
138962.41,Money Transfer,Debit Card,1665,7,1
129711.09,Online Purchase,Debit Card,1553,0,0
39853.94,Cash Withdrawal,UPI,1733,8,0
73052.04,Money Transfer,UPI,892,0,0
81375.06,Bill Payment,Credit Card,206,9,1
137916.13,Money Transfer,Credit Card,2081,1,0
10371.35,Online Purchase,Debit Card,1654,1,0
85494.34,Online Purchase,Credit Card,1718,10,1
78465.13,Bill Payment,Debit Card,1287,3,0
19718.65,Bill Payment,Net Banking,1296,1,1
93211.77,Online Purchase,Credit Card,2203,3,0
19955.24,Bill Payment,Credit Card,1001,5,0
65783.87,Bill Payment,Credit Card,2272,4,0
15627.62,Money Transfer,UPI,473,1,0
23401.64,Bill Payment,Debit Card,1405,3,0
127951.63,Cash Withdrawal,UPI,209,1,0
124419.28,Online Purchase,Credit Card,1367,2,0
39367.09,Cash Withdrawal,Net Banking,2298,0,0
141763.14,Money Transfer,Credit Card,1513,9,1
64525.03,Online Purchase,UPI,1494,0,0
31590.47,Money Transfer,Credit Card,1449,8,0
61015.97,Money Transfer,Debit Card,666,2,0
3815.48,Bill Payment,Net Banking,1017,4,1
105221.6,Cash Withdrawal,Credit Card,1928,3,1
137775.94,Bill Payment,UPI,933,3,1
29050.16,Bill Payment,UPI,285,4,0
76459.91,Bill Payment,Credit Card,473,4,1
144383.89,Bill Payment,Credit Card,445,9,1
109308.9,Bill Payment,Net Banking,2484,8,1
134935.76,Money Transfer,UPI,182,6,1
138843.72,Money Transfer,UPI,1767,1,0
138123.55,Bill Payment,Credit Card,1231,8,1
61318.1,Cash Withdrawal,UPI,2271,2,1
99772.92,Cash Withdrawal,Debit Card,2332,4,1
125075.4,Bill Payment,UPI,861,6,0
91038.57,Bill Payment,Net Banking,1810,7,0
76724.98,Money Transfer,Credit Card,1163,8,1
92927.19,Online Purchase,Debit Card,1272,3,0
22188.36,Online Purchase,Debit Card,1947,9,0
11016.95,Cash Withdrawal,Debit Card,1573,7,0
22220.94,Online Purchase,Credit Card,1742,3,0
143699.11,Cash Withdrawal,Credit Card,2284,3,0
18291.65,Money Transfer,Net Banking,2176,8,0
142510.94,Cash Withdrawal,Net Banking,2245,7,0
111573.95,Cash Withdrawal,Net Banking,1062,3,0
41668.97,Cash Withdrawal,Debit Card,1125,7,1
42930.65,Bill Payment,UPI,1310,8,1
22709.52,Cash Withdrawal,Debit Card,877,1,0
49699.12,Cash Withdrawal,Net Banking,256,3,0
58482.57,Online Purchase,Net Banking,1954,0,0
44862.04,Cash Withdrawal,Net Banking,2205,8,0
134681.92,Cash Withdrawal,Debit Card,1118,6,1
58389.69,Cash Withdrawal,Debit Card,1915,2,0
80165.13,Cash Withdrawal,Credit Card,344,10,1
130041.02,Money Transfer,Credit Card,1066,6,1
68259.43,Bill Payment,Net Banking,1140,6,1
12377.74,Online Purchase,Credit Card,1434,3,0
117206.83,Online Purchase,Credit Card,1013,3,0
93238.21,Money Transfer,Debit Card,1940,10,1
142168.78,Cash Withdrawal,UPI,1511,2,0
144563.84,Online Purchase,Debit Card,1275,1,0
139340.19,Cash Withdrawal,Net Banking,813,1,0
124602.69,Money Transfer,Credit Card,1236,10,1
18246.15,Online Purchase,UPI,2183,6,0
10436.61,Bill Payment,Credit Card,1721,7,1
144122.06,Cash Withdrawal,Debit Card,1784,2,0
144824.51,Bill Payment,Net Banking,1905,6,0
88911.95,Bill Payment,Debit Card,355,4,0
36655.13,Cash Withdrawal,Net Banking,1378,0,0
48819.62,Cash Withdrawal,Debit Card,1454,4,0
132059.96,Bill Payment,Credit Card,2117,3,1
108039.19,Cash Withdrawal,Debit Card,1951,10,1
67281.36,Online Purchase,Credit Card,1206,3,0
36571.44,Bill Payment,Net Banking,2268,8,1
149495.06,Bill Payment,UPI,1859,4,1
34657.65,Money Transfer,UPI,490,8,0
103555.52,Money Transfer,Debit Card,1984,4,0
146493.39,Bill Payment,Credit Card,796,4,1
26998.29,Online Purchase,Debit Card,1124,0,0
83048.51,Money Transfer,Net Banking,421,0,0
70462.6,Cash Withdrawal,UPI,756,0,0
129272.27,Online Purchase,Credit Card,1642,7,1
94453.91,Online Purchase,Debit Card,612,9,0
12868.62,Money Transfer,Credit Card,2286,6,0
118632.05,Money Transfer,Net Banking,1846,7,1
88319.92,Cash Withdrawal,UPI,2330,9,1
144020.31,Online Purchase,Debit Card,865,4,0
23642.86,Money Transfer,Credit Card,642,0,0
103436.73,Cash Withdrawal,UPI,134,3,1
42479.48,Cash Withdrawal,Credit Card,957,4,0
93796.2,Money Transfer,Net Banking,471,8,1
22433.51,Bill Payment,Debit Card,293,0,0
46211.01,Bill Payment,Net Banking,510,7,0
104990.08,Bill Payment,Net Banking,1794,1,0
133424.49,Bill Payment,UPI,106,1,1
101177.33,Online Purchase,UPI,2361,0,0
26361.09,Cash Withdrawal,UPI,744,9,0
122155.32,Online Purchase,Net Banking,1426,6,1
100553.01,Money Transfer,UPI,1687,7,1
141784.51,Online Purchase,Net Banking,361,5,1
17476.65,Cash Withdrawal,Credit Card,2223,7,0
28218.62,Bill Payment,Net Banking,1811,0,0
82428.02,Bill Payment,Net Banking,1986,1,1
94540.34,Money Transfer,Debit Card,1273,8,1
61257.8,Money Transfer,Credit Card,1891,1,0
23180.27,Bill Payment,UPI,1702,7,0
36635.26,Money Transfer,Net Banking,781,9,0
131911.01,Online Purchase,UPI,1700,5,0
76209.88,Online Purchase,UPI,1223,9,1
99025.12,Money Transfer,Net Banking,2207,7,1
82832.42,Cash Withdrawal,Net Banking,1319,3,0
35896.95,Cash Withdrawal,Debit Card,1683,0,0
70999.14,Cash Withdrawal,Net Banking,624,7,0
19024.32,Bill Payment,Credit Card,1804,1,0
68593.52,Money Transfer,Net Banking,633,1,0
145383.62,Bill Payment,Net Banking,329,5,0
128915.39,Cash Withdrawal,UPI,1999,8,1
10356.27,Bill Payment,Debit Card,371,6,0
114079.42,Online Purchase,Net Banking,682,4,0
6994.05,Online Purchase,UPI,1469,5,0
36705.2,Cash Withdrawal,Debit Card,697,2,0
130638.86,Money Transfer,Net Banking,2389,2,1
95721.9,Cash Withdrawal,UPI,39,7,0
101673.87,Money Transfer,Credit Card,1810,5,0
44943.22,Cash Withdrawal,UPI,1872,4,1
57765.52,Cash Withdrawal,Credit Card,972,6,0
86264.31,Bill Payment,Credit Card,1622,4,1
129773.6,Online Purchase,Net Banking,1173,3,0
52912.91,Money Transfer,UPI,561,10,1
94155.97,Online Purchase,UPI,1806,0,0
109880.73,Online Purchase,UPI,1339,6,1
19910.75,Bill Payment,UPI,674,4,0
141633.75,Bill Payment,UPI,472,7,0
21199.48,Money Transfer,Net Banking,2283,5,1
59246.73,Bill Payment,Credit Card,1863,5,0
100883.89,Cash Withdrawal,UPI,444,10,1
3851.19,Bill Payment,Debit Card,259,10,0
136417.21,Bill Payment,Net Banking,478,2,1
5678.1,Cash Withdrawal,Credit Card,399,3,0
20436.04,Cash Withdrawal,UPI,2213,6,0
109017.21,Cash Withdrawal,Credit Card,2005,9,1
142733.08,Online Purchase,UPI,890,7,1
35493.28,Bill Payment,Credit Card,1505,8,0
96759.54,Online Purchase,Net Banking,1131,3,0
142356.72,Cash Withdrawal,Credit Card,869,10,1
145666.89,Online Purchase,UPI,998,2,0
30860.32,Money Transfer,Debit Card,955,5,0
118317.7,Online Purchase,UPI,593,2,0
119797.22,Online Purchase,Credit Card,540,0,1
118285.89,Bill Payment,Credit Card,714,4,1
111283.54,Online Purchase,Credit Card,1951,7,0
77034.37,Online Purchase,Net Banking,2064,3,0
6600.42,Bill Payment,Net Banking,128,0,0
127110.05,Cash Withdrawal,Credit Card,2009,7,1
12210.49,Money Transfer,Credit Card,517,4,0
87846.17,Bill Payment,Net Banking,2447,8,1
75882.11,Cash Withdrawal,Credit Card,469,10,0
115367.51,Money Transfer,Net Banking,1850,3,1
124130.14,Cash Withdrawal,Net Banking,390,5,1
99799.67,Bill Payment,Debit Card,1943,1,1
12896.12,Cash Withdrawal,Credit Card,1527,2,0
88011.12,Bill Payment,Credit Card,1683,5,0
141175.37,Cash Withdrawal,Credit Card,1179,9,1
15629.72,Money Transfer,Debit Card,1976,3,0
52582.09,Bill Payment,Credit Card,1142,9,1
64423.95,Online Purchase,UPI,119,2,0
114385.19,Bill Payment,UPI,26,2,0
84991.53,Cash Withdrawal,Credit Card,582,10,0
13854.48,Money Transfer,Net Banking,1720,7,0
55570.96,Bill Payment,Credit Card,216,2,1
92713.94,Online Purchase,UPI,1815,10,1
91100.69,Cash Withdrawal,UPI,883,8,1
64544.05,Bill Payment,Net Banking,2159,10,1
33155.71,Online Purchase,Credit Card,838,4,0
115125.69,Bill Payment,UPI,1344,1,1
112077.42,Money Transfer,Debit Card,1558,8,1
75089.33,Bill Payment,Credit Card,1627,0,0
69017.16,Online Purchase,UPI,2359,6,0
106453.89,Cash Withdrawal,UPI,472,6,1
48782.75,Cash Withdrawal,UPI,361,6,0
36573.14,Cash Withdrawal,Credit Card,1622,4,0
33313.65,Money Transfer,Credit Card,2091,10,1
76541.81,Bill Payment,UPI,605,3,1
38469.64,Money Transfer,Debit Card,309,2,0
94229.52,Cash Withdrawal,Net Banking,2313,10,0
93715.81,Bill Payment,Debit Card,1802,1,0
94744.63,Bill Payment,Credit Card,1442,8,1
69315.2,Online Purchase,Credit Card,1511,4,1
129651.08,Online Purchase,Net Banking,1896,9,1
118793.49,Online Purchase,Net Banking,2342,10,1
90790.37,Money Transfer,Credit Card,1846,1,0
125622.84,Online Purchase,Debit Card,161,3,0
148648.8,Money Transfer,UPI,1528,4,1
116192.27,Online Purchase,UPI,270,5,1
101789.06,Bill Payment,UPI,2469,2,1
87452.65,Money Transfer,UPI,1271,10,0
58854.5,Online Purchase,UPI,2290,6,0
49338.64,Money Transfer,Credit Card,1735,8,1
54453.39,Money Transfer,Debit Card,1400,7,1
149996.5,Money Transfer,Credit Card,1212,1,1
81011.64,Online Purchase,UPI,537,9,1
24420.86,Money Transfer,Net Banking,179,6,0
107965.89,Cash Withdrawal,UPI,1839,3,0
46489.24,Cash Withdrawal,Debit Card,1507,10,0
147667.53,Cash Withdrawal,UPI,1565,8,1
144943.6,Money Transfer,Debit Card,1025,0,0
131130.13,Online Purchase,Credit Card,1168,1,0
40991.42,Money Transfer,Net Banking,376,3,0
132706.0,Online Purchase,Net Banking,219,6,1
35443.13,Online Purchase,UPI,920,0,0
14952.56,Bill Payment,Debit Card,564,0,0
124481.26,Money Transfer,Net Banking,1838,9,1
11975.94,Bill Payment,Debit Card,613,8,0
91371.13,Cash Withdrawal,Credit Card,1181,3,0
7257.64,Cash Withdrawal,Net Banking,258,1,0
75024.4,Online Purchase,Debit Card,589,4,1
92259.96,Money Transfer,Net Banking,768,10,0
78570.34,Bill Payment,Credit Card,2155,8,1
148250.89,Online Purchase,Net Banking,1926,0,0
147157.81,Bill Payment,Credit Card,1463,1,1
109967.86,Online Purchase,UPI,547,0,1
50848.23,Money Transfer,Net Banking,1961,10,1
20314.4,Cash Withdrawal,Credit Card,1202,3,1
30000.53,Online Purchase,UPI,1271,8,0
122329.37,Cash Withdrawal,UPI,150,10,1
53610.43,Online Purchase,UPI,1120,1,0
65599.01,Cash Withdrawal,Net Banking,1584,5,0
74480.86,Cash Withdrawal,UPI,2127,4,0
109089.49,Online Purchase,Net Banking,2468,2,0
48249.59,Online Purchase,UPI,1211,4,0
107677.67,Money Transfer,Net Banking,1440,7,1
130518.57,Bill Payment,Net Banking,1125,10,0
142190.87,Online Purchase,Net Banking,1489,8,0
101943.65,Online Purchase,Debit Card,2489,10,0
5316.36,Online Purchase,Debit Card,1501,5,0
85129.97,Money Transfer,Net Banking,1520,5,1
11625.13,Money Transfer,UPI,1631,5,0
37516.79,Online Purchase,Credit Card,763,7,0
137040.02,Online Purchase,UPI,1067,7,1
91820.39,Cash Withdrawal,Debit Card,503,2,0
67861.2,Cash Withdrawal,Credit Card,1310,10,1
9834.37,Bill Payment,UPI,646,10,1
54287.68,Money Transfer,Credit Card,824,2,1
74153.89,Bill Payment,UPI,1915,8,1
132648.54,Online Purchase,UPI,1631,7,1
115397.77,Online Purchase,Debit Card,1299,10,1
69928.4,Bill Payment,Debit Card,2259,10,0
115190.47,Money Transfer,Net Banking,2060,0,0
77763.51,Bill Payment,Debit Card,664,5,0
33898.0,Bill Payment,Credit Card,1027,3,0
82671.13,Money Transfer,UPI,2186,1,0
25378.52,Money Transfer,Debit Card,2479,5,0
84586.34,Online Purchase,Credit Card,187,10,0
39771.92,Money Transfer,Net Banking,125,7,0
81882.06,Bill Payment,Net Banking,1004,10,1
68086.27,Online Purchase,Debit Card,1801,6,0
30683.05,Money Transfer,UPI,1308,5,0
19701.85,Bill Payment,Credit Card,1308,3,0
40194.0,Money Transfer,Debit Card,397,0,0
57684.06,Cash Withdrawal,Debit Card,655,5,0
108197.15,Money Transfer,Debit Card,2041,8,1
131873.44,Cash Withdrawal,Credit Card,369,6,1
145006.33,Money Transfer,UPI,200,0,1
89668.06,Cash Withdrawal,UPI,2199,0,0
64696.07,Bill Payment,UPI,1652,5,1
7768.54,Money Transfer,UPI,2267,4,1
75687.9,Bill Payment,Credit Card,528,1,0
119255.09,Bill Payment,UPI,591,3,0
60267.92,Online Purchase,Credit Card,160,2,0
120614.48,Cash Withdrawal,Debit Card,2484,8,1
139712.17,Bill Payment,Debit Card,1610,9,1
44955.23,Bill Payment,Net Banking,2306,4,0
2593.88,Bill Payment,Credit Card,1707,9,1
134825.19,Online Purchase,Net Banking,1088,10,0
116446.69,Money Transfer,Credit Card,2391,7,1
94390.88,Cash Withdrawal,Debit Card,993,0,0
105108.08,Money Transfer,Credit Card,1807,5,1
62002.72,Money Transfer,Net Banking,2056,9,0
130935.37,Online Purchase,Debit Card,2125,3,0
149718.62,Cash Withdrawal,Net Banking,1286,2,0
80015.75,Bill Payment,UPI,2499,7,1
37053.22,Bill Payment,Debit Card,1220,4,0
103566.96,Cash Withdrawal,UPI,1966,5,1
140179.36,Bill Payment,UPI,500,9,1
57016.16,Cash Withdrawal,UPI,600,4,1
143301.53,Online Purchase,UPI,1812,10,1
71913.98,Money Transfer,UPI,2303,4,1
92389.99,Money Transfer,Debit Card,208,10,0
33928.18,Money Transfer,Credit Card,411,6,1
70913.35,Money Transfer,Credit Card,2255,2,0
140261.31,Cash Withdrawal,Net Banking,817,4,1
96920.1,Online Purchase,Debit Card,2192,0,0
26342.21,Money Transfer,Credit Card,1627,7,1
112375.58,Bill Payment,Credit Card,38,4,1
16184.37,Bill Payment,UPI,1862,10,0
74137.47,Money Transfer,Net Banking,1118,3,0
49669.55,Cash Withdrawal,UPI,763,0,0
118636.07,Money Transfer,Debit Card,1661,6,1
13101.99,Online Purchase,Debit Card,576,7,0
37282.26,Bill Payment,Net Banking,965,7,0
143109.82,Bill Payment,Credit Card,1072,10,1
35521.76,Online Purchase,Net Banking,1257,2,0
75427.82,Bill Payment,Credit Card,1209,5,0
32947.38,Money Transfer,Net Banking,628,7,0
90900.27,Cash Withdrawal,Net Banking,2202,10,0
114302.76,Online Purchase,Net Banking,2164,5,1
84668.89,Online Purchase,Debit Card,2346,8,1
49284.83,Cash Withdrawal,Credit Card,842,9,0
134843.51,Cash Withdrawal,Credit Card,1858,2,0
68574.09,Online Purchase,Net Banking,1263,0,0
122486.34,Money Transfer,Credit Card,186,6,1
9657.61,Online Purchase,Credit Card,1934,0,0
27079.2,Money Transfer,Net Banking,1534,6,0
137575.55,Cash Withdrawal,Net Banking,329,10,0
131195.6,Money Transfer,UPI,486,2,0
59019.49,Money Transfer,Debit Card,15,0,0
69504.28,Cash Withdrawal,Net Banking,941,3,0
23352.69,Money Transfer,Credit Card,132,10,1
114931.41,Online Purchase,Debit Card,845,1,1
5133.08,Online Purchase,Debit Card,182,6,0
81010.0,Online Purchase,Debit Card,2064,4,1
137467.92,Bill Payment,UPI,971,4,0
147855.76,Money Transfer,Net Banking,1231,4,1
142283.19,Money Transfer,Net Banking,2277,7,1
51727.78,Cash Withdrawal,UPI,1706,6,1
56531.38,Cash Withdrawal,Debit Card,924,4,0
21738.33,Cash Withdrawal,Credit Card,2304,6,0
83637.29,Money Transfer,Net Banking,995,4,1
97041.21,Cash Withdrawal,UPI,379,8,0
28653.19,Bill Payment,Net Banking,2478,9,1
11010.37,Money Transfer,Net Banking,856,5,1
136358.22,Money Transfer,Debit Card,481,7,0
104374.38,Money Transfer,Net Banking,981,8,1
42530.57,Cash Withdrawal,UPI,1264,4,0
132433.51,Cash Withdrawal,Credit Card,1924,5,0
55668.67,Cash Withdrawal,Credit Card,2305,3,0
2531.36,Cash Withdrawal,UPI,625,3,0
57037.98,Money Transfer,Net Banking,2256,10,0
50700.89,Cash Withdrawal,Net Banking,1888,2,0
52891.21,Money Transfer,Net Banking,754,8,0
143589.81,Online Purchase,Credit Card,199,0,1
126397.45,Money Transfer,Credit Card,619,0,1
68455.85,Online Purchase,Net Banking,1999,0,1
82791.37,Online Purchase,Credit Card,2169,4,0
43074.61,Cash Withdrawal,Debit Card,439,1,0
36221.23,Bill Payment,UPI,1095,6,1
143898.74,Cash Withdrawal,Debit Card,926,4,0
127195.28,Online Purchase,Credit Card,1661,6,1
71453.16,Online Purchase,Debit Card,339,7,0
96771.6,Bill Payment,Credit Card,2164,0,1
135200.82,Cash Withdrawal,UPI,191,1,0
42127.91,Online Purchase,Debit Card,1289,0,0
88096.71,Cash Withdrawal,Credit Card,1226,2,0
85047.72,Cash Withdrawal,UPI,1573,2,0
103427.65,Online Purchase,UPI,220,1,0
125817.33,Bill Payment,Net Banking,1337,0,0
117553.87,Cash Withdrawal,Net Banking,935,5,1
56376.51,Money Transfer,Net Banking,352,9,1
37042.82,Online Purchase,Credit Card,1098,2,0
117605.15,Money Transfer,Net Banking,1298,5,1
878.76,Bill Payment,Net Banking,1475,4,1
13185.86,Cash Withdrawal,Net Banking,2282,8,0
15583.61,Online Purchase,UPI,2271,1,0
117687.36,Cash Withdrawal,Credit Card,1196,6,1
12796.46,Money Transfer,Debit Card,1560,2,0
45239.58,Cash Withdrawal,Debit Card,260,2,0
63223.24,Cash Withdrawal,Credit Card,1480,4,0
108162.83,Cash Withdrawal,Debit Card,1876,1,1
1114.43,Cash Withdrawal,UPI,1557,5,0
64649.37,Money Transfer,UPI,1314,9,0
30207.64,Bill Payment,Debit Card,1632,5,0
104274.17,Cash Withdrawal,Debit Card,1335,6,1
117901.39,Bill Payment,Credit Card,2310,3,0
81889.8,Online Purchase,Net Banking,859,7,0
124709.14,Online Purchase,Net Banking,2046,2,0
36378.97,Money Transfer,Net Banking,1545,1,0
89730.28,Cash Withdrawal,Net Banking,2227,0,0
53993.47,Online Purchase,Credit Card,1017,10,0
25034.14,Online Purchase,Net Banking,1359,6,1
14881.12,Money Transfer,Debit Card,1826,5,0
115874.1,Money Transfer,UPI,101,7,1
62454.72,Online Purchase,Credit Card,581,5,1
68354.36,Money Transfer,Net Banking,1427,7,1
108326.89,Cash Withdrawal,UPI,276,4,1
106645.77,Online Purchase,UPI,448,10,0
139495.37,Money Transfer,Debit Card,2261,2,1
64012.77,Cash Withdrawal,Debit Card,1660,10,1
96107.78,Cash Withdrawal,Net Banking,120,9,0
67491.29,Cash Withdrawal,Net Banking,19,3,1
112873.59,Online Purchase,Credit Card,2200,2,1
29641.43,Online Purchase,UPI,2005,8,0
47079.28,Cash Withdrawal,Net Banking,2405,1,0
126843.12,Money Transfer,UPI,2418,1,0
47046.54,Money Transfer,UPI,480,2,0
21289.65,Cash Withdrawal,Net Banking,2443,2,0
63513.51,Cash Withdrawal,Debit Card,2273,2,0
21130.45,Bill Payment,Net Banking,220,5,0
72742.88,Money Transfer,Net Banking,2301,8,1
61429.24,Cash Withdrawal,Net Banking,1819,7,1
84853.13,Money Transfer,UPI,134,4,1
43371.68,Cash Withdrawal,Net Banking,2252,8,1
17219.58,Bill Payment,Credit Card,1808,8,1
63830.69,Money Transfer,UPI,133,7,1
129343.72,Online Purchase,Net Banking,481,3,1
110668.19,Bill Payment,Net Banking,680,9,1
31072.29,Money Transfer,Credit Card,2336,5,0
89568.97,Money Transfer,UPI,1199,4,0
142864.36,Online Purchase,Debit Card,1686,0,0
130070.43,Money Transfer,Debit Card,1023,2,0
124289.42,Cash Withdrawal,Net Banking,583,9,1
94209.14,Cash Withdrawal,Net Banking,310,10,0
115355.75,Cash Withdrawal,UPI,1512,7,0
49160.66,Online Purchase,Credit Card,1878,10,0
53797.59,Online Purchase,Net Banking,893,6,0
74257.77,Bill Payment,UPI,1384,8,1
84964.7,Cash Withdrawal,UPI,199,0,1
117605.08,Cash Withdrawal,Credit Card,509,2,1
201.32,Cash Withdrawal,Debit Card,541,10,1
131176.06,Bill Payment,Credit Card,1477,4,1
99709.87,Money Transfer,Credit Card,1624,10,1
104946.26,Money Transfer,Net Banking,374,1,1
71573.33,Money Transfer,Debit Card,2128,10,1
1308.58,Bill Payment,Credit Card,1730,2,0
34419.14,Online Purchase,Credit Card,423,5,0
44958.37,Cash Withdrawal,Debit Card,586,1,0
1370.36,Money Transfer,Net Banking,1439,3,0
22790.98,Cash Withdrawal,Net Banking,890,1,0
21087.97,Online Purchase,Net Banking,1440,6,0
21060.55,Bill Payment,Credit Card,1017,8,0
108204.83,Bill Payment,Credit Card,1236,3,0
76477.43,Cash Withdrawal,UPI,224,3,0
17000.28,Cash Withdrawal,Credit Card,2164,0,0
140095.27,Money Transfer,Net Banking,2329,6,1
102473.01,Cash Withdrawal,Credit Card,69,9,1
39401.57,Online Purchase,Credit Card,1631,8,1
106923.1,Cash Withdrawal,Net Banking,1648,1,0
80694.54,Money Transfer,UPI,343,4,1
138146.64,Money Transfer,UPI,1601,9,1
125195.52,Online Purchase,UPI,1792,3,1
13023.3,Cash Withdrawal,Credit Card,1858,9,0
46462.58,Money Transfer,Credit Card,52,2,0
24658.51,Bill Payment,UPI,684,5,1
117190.48,Bill Payment,Credit Card,121,5,0
40869.89,Online Purchase,UPI,2362,10,1
68334.15,Bill Payment,Credit Card,2047,9,1
23680.77,Online Purchase,Credit Card,936,8,1
128817.48,Online Purchase,Debit Card,189,7,1
138041.96,Money Transfer,Credit Card,2265,10,1
48338.12,Cash Withdrawal,UPI,1112,1,0
17998.2,Online Purchase,Debit Card,915,8,0
143116.5,Online Purchase,Net Banking,1157,4,1
83008.4,Online Purchase,UPI,822,4,0
45656.01,Money Transfer,Net Banking,1509,9,0
149668.29,Money Transfer,Debit Card,617,0,0
3684.15,Bill Payment,Credit Card,1373,0,0
56503.6,Bill Payment,Credit Card,841,8,0
63030.39,Online Purchase,Debit Card,1147,1,1
34797.74,Cash Withdrawal,UPI,1878,1,0
75863.62,Cash Withdrawal,Credit Card,2425,9,1
99400.34,Money Transfer,Debit Card,1195,4,0
138913.69,Cash Withdrawal,UPI,1303,7,1
11295.65,Money Transfer,Debit Card,2395,1,0
24739.81,Cash Withdrawal,UPI,1666,1,0
144698.74,Money Transfer,Net Banking,1263,7,1
18075.04,Money Transfer,UPI,2472,0,0
128500.33,Money Transfer,Credit Card,1017,5,1
7437.7,Bill Payment,UPI,713,0,0
128204.74,Money Transfer,Credit Card,1893,1,0
21054.98,Online Purchase,Credit Card,911,2,0
60147.21,Online Purchase,UPI,308,0,0
29742.78,Cash Withdrawal,Debit Card,377,5,1
141347.87,Online Purchase,Debit Card,2351,6,0
59310.3,Online Purchase,Net Banking,1748,2,0
136254.8,Bill Payment,UPI,1827,2,1
92914.56,Money Transfer,UPI,2044,6,0
71906.74,Online Purchase,UPI,1569,2,0
96433.61,Money Transfer,Credit Card,1567,5,1
117237.12,Bill Payment,UPI,1591,4,1
47899.75,Money Transfer,Credit Card,1151,0,0
70805.49,Bill Payment,Debit Card,654,1,0
36248.8,Online Purchase,Debit Card,2359,6,0
125899.42,Money Transfer,Debit Card,969,9,1
110741.95,Bill Payment,Credit Card,1441,9,1
84510.02,Money Transfer,Net Banking,2221,4,1
5790.76,Online Purchase,Debit Card,2465,3,1
71750.55,Bill Payment,Debit Card,535,5,0
137825.24,Bill Payment,Credit Card,90,2,0
137591.9,Online Purchase,UPI,298,5,0
99354.72,Online Purchase,UPI,1237,5,1
23709.83,Cash Withdrawal,Net Banking,1300,2,0
84340.4,Bill Payment,Debit Card,2413,2,0
110125.85,Bill Payment,Debit Card,728,0,0
142309.85,Cash Withdrawal,Credit Card,746,9,1
121340.16,Money Transfer,Credit Card,2033,2,1
11763.22,Bill Payment,UPI,688,10,0
13400.03,Bill Payment,Net Banking,47,4,1
104007.09,Bill Payment,UPI,443,0,1
65789.2,Cash Withdrawal,Debit Card,1696,7,0
52749.55,Cash Withdrawal,Credit Card,1964,9,0
103105.34,Money Transfer,Net Banking,302,0,1
47875.66,Online Purchase,Credit Card,1401,2,0
24219.58,Online Purchase,Credit Card,1385,9,0
133994.6,Online Purchase,Net Banking,676,9,0
23649.86,Online Purchase,UPI,842,3,0
83161.45,Bill Payment,UPI,1219,3,1
58996.04,Cash Withdrawal,Debit Card,224,5,1
13235.49,Cash Withdrawal,Debit Card,398,0,0
95764.78,Online Purchase,Net Banking,474,4,0
70694.57,Bill Payment,Credit Card,2229,6,1
132835.35,Bill Payment,Debit Card,1826,0,1
69812.19,Money Transfer,UPI,2312,0,1
104501.0,Online Purchase,Credit Card,1409,8,1
113492.89,Money Transfer,Credit Card,1586,8,1
80373.61,Cash Withdrawal,Debit Card,1951,4,1
135426.3,Online Purchase,Debit Card,493,7,1
147656.76,Money Transfer,Debit Card,517,0,1
148243.16,Cash Withdrawal,Debit Card,606,9,1
136629.59,Online Purchase,Credit Card,1590,8,1
48986.41,Bill Payment,Net Banking,51,9,0
117274.68,Online Purchase,Net Banking,613,2,0
87443.3,Online Purchase,Credit Card,2305,1,0
130134.54,Bill Payment,Net Banking,1082,6,0
85846.28,Cash Withdrawal,Credit Card,706,4,1
92774.85,Cash Withdrawal,Credit Card,1622,5,0
7488.72,Cash Withdrawal,UPI,1526,0,0
119068.44,Bill Payment,UPI,2014,10,1
130348.11,Money Transfer,UPI,1815,5,1
62574.23,Online Purchase,Debit Card,1810,3,0
61134.84,Cash Withdrawal,UPI,231,8,0
9935.98,Cash Withdrawal,Debit Card,2148,9,1
28995.24,Money Transfer,Credit Card,1022,0,0
137712.86,Money Transfer,UPI,1509,7,1
95347.93,Online Purchase,Credit Card,991,5,0
66970.9,Cash Withdrawal,UPI,1411,2,0
38873.12,Online Purchase,UPI,113,6,1
128087.82,Money Transfer,Debit Card,923,10,1
97772.94,Online Purchase,Credit Card,1942,2,0
90211.18,Online Purchase,Debit Card,1034,9,0
45888.41,Bill Payment,Net Banking,1543,5,0
32809.54,Bill Payment,Net Banking,2395,1,1
149914.46,Bill Payment,UPI,1223,10,1
9669.17,Bill Payment,UPI,1135,4,0
142832.95,Bill Payment,Debit Card,615,8,1
134963.09,Cash Withdrawal,UPI,574,0,0
149620.62,Bill Payment,Net Banking,1658,6,0
87495.25,Money Transfer,UPI,911,10,1
117756.07,Bill Payment,UPI,697,10,0
27252.27,Online Purchase,Net Banking,525,4,0
83898.85,Money Transfer,UPI,366,3,0
111657.07,Bill Payment,Net Banking,1358,5,1
44178.26,Online Purchase,Net Banking,220,10,0
141650.72,Online Purchase,Net Banking,797,8,1
102136.59,Bill Payment,Net Banking,222,2,1
30124.46,Cash Withdrawal,Net Banking,587,5,0
27135.48,Online Purchase,Net Banking,1363,10,0
47080.77,Online Purchase,Credit Card,1852,4,1
116053.99,Money Transfer,Net Banking,361,2,0
95059.78,Cash Withdrawal,Net Banking,1956,6,1
80114.01,Bill Payment,Credit Card,1320,8,1
101544.55,Money Transfer,Debit Card,1411,4,1
57594.22,Bill Payment,Debit Card,268,0,0
43695.09,Bill Payment,Net Banking,549,5,0
73577.78,Money Transfer,Debit Card,1653,0,1
109102.61,Money Transfer,Debit Card,90,9,1
18561.98,Online Purchase,Net Banking,1048,8,0
89129.22,Online Purchase,Credit Card,81,0,0
62574.66,Cash Withdrawal,Credit Card,2242,4,1
23053.75,Online Purchase,UPI,1724,10,1
78094.35,Money Transfer,Net Banking,430,8,0
17748.41,Online Purchase,Credit Card,2039,3,0
116716.04,Money Transfer,UPI,1679,4,1
82266.0,Money Transfer,Net Banking,1355,3,1
100777.81,Online Purchase,Net Banking,611,1,0
11349.73,Online Purchase,UPI,947,7,0
44473.72,Cash Withdrawal,Credit Card,409,2,0
127852.08,Bill Payment,UPI,1745,1,1
113754.78,Online Purchase,Credit Card,567,10,1
49366.26,Cash Withdrawal,UPI,381,5,0
27512.13,Cash Withdrawal,Net Banking,1870,4,0
103516.37,Cash Withdrawal,Net Banking,684,1,1
108989.03,Money Transfer,Credit Card,1705,9,1
85384.62,Cash Withdrawal,Debit Card,1556,5,0
129400.11,Money Transfer,Net Banking,2000,1,0
66159.11,Online Purchase,UPI,1288,0,0
101721.55,Money Transfer,UPI,2127,8,1
92774.03,Cash Withdrawal,Debit Card,1974,5,0
96246.53,Money Transfer,Credit Card,48,10,0
75884.58,Cash Withdrawal,Net Banking,678,1,0
48163.01,Bill Payment,UPI,207,8,1
96533.27,Cash Withdrawal,Debit Card,323,7,0
85997.94,Online Purchase,Net Banking,1832,5,1
74656.26,Online Purchase,Credit Card,1653,6,1
82409.91,Online Purchase,UPI,2083,8,1
100754.01,Bill Payment,UPI,223,3,0
49862.7,Cash Withdrawal,UPI,1854,1,0
98870.65,Online Purchase,UPI,1455,10,0
43868.34,Bill Payment,Credit Card,188,2,0
123293.62,Cash Withdrawal,Credit Card,1042,9,1
18199.8,Cash Withdrawal,Debit Card,1873,3,0
16254.09,Cash Withdrawal,Credit Card,2412,1,0
67630.64,Money Transfer,Net Banking,18,8,1
83028.63,Cash Withdrawal,Net Banking,2083,2,0
26130.18,Money Transfer,Credit Card,1587,10,0
132416.11,Cash Withdrawal,Net Banking,2495,3,1
144542.67,Bill Payment,Net Banking,547,2,1
105032.14,Bill Payment,UPI,2268,10,1
31535.93,Bill Payment,UPI,544,10,0
26754.12,Bill Payment,Credit Card,1443,8,0
85638.67,Cash Withdrawal,UPI,1731,0,0
3888.29,Money Transfer,Credit Card,232,3,0
117851.28,Bill Payment,UPI,600,0,0
44341.57,Online Purchase,UPI,1854,1,0
101361.35,Money Transfer,Net Banking,974,8,1
119843.38,Bill Payment,Credit Card,1563,6,1
118237.92,Bill Payment,Credit Card,54,4,1
130340.61,Cash Withdrawal,Debit Card,1507,9,1
90547.71,Money Transfer,UPI,1839,2,0
11262.9,Money Transfer,Credit Card,1546,0,0
83534.13,Money Transfer,Debit Card,2393,4,1
70003.07,Money Transfer,Credit Card,630,5,0
116071.78,Bill Payment,Net Banking,2346,8,1
117626.31,Bill Payment,Debit Card,754,8,1
75820.54,Cash Withdrawal,Net Banking,377,5,1
32081.74,Bill Payment,UPI,1478,4,1
112923.09,Cash Withdrawal,Credit Card,470,10,1
36128.15,Money Transfer,Credit Card,1315,6,0
141753.65,Cash Withdrawal,UPI,2213,4,1
77578.49,Bill Payment,Net Banking,1994,0,0
97764.08,Bill Payment,Credit Card,394,2,0
116020.45,Online Purchase,Credit Card,864,10,1
32054.95,Cash Withdrawal,Credit Card,843,8,0
131807.72,Cash Withdrawal,Credit Card,630,0,1
49824.13,Online Purchase,Credit Card,223,2,0
83756.82,Money Transfer,UPI,1670,6,1
60726.76,Bill Payment,Credit Card,1596,10,1
984.25,Online Purchase,Credit Card,298,5,0
16009.72,Bill Payment,Credit Card,1154,7,0
123336.14,Online Purchase,Net Banking,641,8,1
112038.41,Bill Payment,Debit Card,1221,10,0
144808.27,Bill Payment,Credit Card,2268,8,1
6361.79,Cash Withdrawal,Credit Card,1249,3,0
135541.6,Bill Payment,Debit Card,1691,10,0
21454.02,Money Transfer,Debit Card,1036,3,0
100679.59,Online Purchase,Net Banking,2252,1,1
10197.68,Online Purchase,Debit Card,2379,7,0
53635.04,Money Transfer,Credit Card,1168,9,1
29105.44,Cash Withdrawal,Net Banking,1345,9,0
104049.37,Money Transfer,UPI,1296,6,1
47050.9,Money Transfer,Net Banking,1134,5,1
109972.62,Cash Withdrawal,Net Banking,1825,5,0
73097.01,Online Purchase,Debit Card,2485,1,0
128821.18,Money Transfer,Debit Card,1079,10,1
11402.45,Online Purchase,Credit Card,2384,9,1
88546.44,Online Purchase,UPI,2227,8,1
116302.07,Bill Payment,Net Banking,915,9,1
43720.77,Cash Withdrawal,Credit Card,1626,5,0
99435.51,Money Transfer,Debit Card,1828,2,1
142311.9,Money Transfer,Net Banking,1470,0,1
73197.56,Online Purchase,UPI,1514,3,1
31095.43,Bill Payment,Net Banking,1924,7,0
6081.71,Bill Payment,Credit Card,2136,10,0
125247.35,Bill Payment,Debit Card,1543,10,1
88193.06,Online Purchase,UPI,1542,3,0
52999.41,Bill Payment,Net Banking,1975,9,1
132316.93,Cash Withdrawal,Debit Card,943,1,0
42193.35,Money Transfer,Debit Card,645,5,0
122561.57,Money Transfer,Net Banking,1353,1,1
71874.31,Money Transfer,Debit Card,1684,0,1
19269.98,Money Transfer,Debit Card,2100,0,0
22115.08,Money Transfer,UPI,738,8,0
89943.69,Online Purchase,UPI,352,3,0
148917.1,Cash Withdrawal,Debit Card,899,6,1
119212.95,Money Transfer,UPI,687,10,1
68075.17,Online Purchase,Debit Card,1550,6,1
2582.74,Cash Withdrawal,Debit Card,2481,1,0
135251.07,Online Purchase,Credit Card,382,7,1
135307.51,Online Purchase,Net Banking,2139,6,1
6611.4,Cash Withdrawal,Debit Card,1975,6,0
120712.69,Online Purchase,Net Banking,549,4,1
34953.68,Online Purchase,UPI,2451,8,0
28434.25,Online Purchase,Credit Card,2129,0,0
30892.26,Bill Payment,Net Banking,1484,1,0
97771.23,Bill Payment,UPI,2196,6,0
91820.91,Cash Withdrawal,Debit Card,1693,8,0
72421.92,Bill Payment,Net Banking,1040,4,0
116151.75,Cash Withdrawal,Debit Card,488,3,0
104926.79,Money Transfer,Credit Card,879,8,1
50831.83,Online Purchase,Debit Card,1594,10,1
13754.18,Money Transfer,Net Banking,2459,6,1
39537.49,Bill Payment,Credit Card,2495,0,0
139609.68,Cash Withdrawal,UPI,2448,0,0
123052.29,Cash Withdrawal,Net Banking,44,3,0
139620.69,Bill Payment,Debit Card,138,9,1
104797.61,Money Transfer,Credit Card,1474,3,0
146349.32,Online Purchase,UPI,1637,5,0
60877.1,Money Transfer,Credit Card,282,1,0
108948.19,Bill Payment,UPI,1133,3,0
29259.33,Cash Withdrawal,Credit Card,1070,2,0
16059.1,Online Purchase,UPI,1393,1,0
143510.73,Bill Payment,Net Banking,1545,9,1
36566.66,Bill Payment,Net Banking,1888,9,0
72347.33,Bill Payment,Credit Card,1568,10,0
33135.31,Money Transfer,UPI,1690,5,0
1557.51,Bill Payment,Debit Card,1177,1,0
112343.34,Bill Payment,Credit Card,2272,2,1
53095.34,Bill Payment,Debit Card,779,7,0
35305.72,Money Transfer,UPI,847,3,0
37529.35,Bill Payment,Debit Card,437,1,0
101404.24,Cash Withdrawal,Credit Card,2218,0,0
55742.36,Bill Payment,Net Banking,2354,4,0
147660.76,Bill Payment,Net Banking,910,9,1
78907.74,Cash Withdrawal,Net Banking,2215,0,0
59118.17,Money Transfer,Net Banking,494,8,1
103412.66,Online Purchase,Debit Card,1555,9,1
54304.19,Bill Payment,Debit Card,2247,4,1
70754.67,Bill Payment,UPI,754,7,1
62922.03,Bill Payment,UPI,1641,4,0
85754.32,Money Transfer,Credit Card,1106,3,0
128460.68,Money Transfer,Debit Card,613,7,0
26573.43,Cash Withdrawal,Debit Card,2118,8,0
117821.41,Bill Payment,UPI,2303,9,1
14936.32,Money Transfer,Credit Card,883,4,0
94516.35,Cash Withdrawal,UPI,1065,5,1
83667.97,Bill Payment,UPI,82,6,1
130118.55,Money Transfer,Debit Card,1166,5,1
76615.63,Cash Withdrawal,Credit Card,1561,9,1
94793.66,Money Transfer,Debit Card,1382,6,0
85788.47,Online Purchase,Credit Card,664,5,1
47600.05,Bill Payment,UPI,2480,10,0
133165.0,Bill Payment,Net Banking,1696,2,1
3562.85,Money Transfer,UPI,328,3,0
15541.1,Online Purchase,Net Banking,2247,0,1
59612.18,Online Purchase,Credit Card,1076,9,1
98259.42,Cash Withdrawal,UPI,940,3,0
66529.75,Money Transfer,Debit Card,2158,2,1
99566.02,Bill Payment,Net Banking,1914,8,0
82326.94,Money Transfer,Debit Card,2421,9,1
112361.85,Cash Withdrawal,UPI,1423,7,1
120725.69,Cash Withdrawal,UPI,1499,6,1
45605.58,Online Purchase,Debit Card,1409,4,0
1346.73,Cash Withdrawal,Net Banking,1228,0,0
119714.92,Money Transfer,Credit Card,2246,5,1
132336.09,Cash Withdrawal,Net Banking,1024,2,0
96934.02,Cash Withdrawal,Debit Card,1078,1,0
36010.32,Bill Payment,UPI,2179,4,0
128036.96,Money Transfer,Debit Card,1187,1,0
92697.64,Bill Payment,Net Banking,770,5,1
7539.85,Online Purchase,Debit Card,419,4,0
107307.87,Online Purchase,Debit Card,370,2,1
32656.49,Cash Withdrawal,UPI,2042,5,0
118734.56,Bill Payment,Credit Card,599,0,1
58924.02,Cash Withdrawal,Debit Card,788,4,0
124254.98,Online Purchase,Debit Card,1577,7,1
149180.86,Money Transfer,Net Banking,385,8,1
31346.23,Cash Withdrawal,UPI,1324,2,0
6423.67,Online Purchase,UPI,1972,10,1
54127.96,Online Purchase,Debit Card,463,3,0
48744.57,Money Transfer,UPI,2395,1,0
36539.09,Online Purchase,Net Banking,2443,2,0
13513.04,Money Transfer,Net Banking,375,10,0
139634.23,Online Purchase,Credit Card,1457,10,1
80499.36,Online Purchase,Debit Card,1999,3,0
83796.73,Bill Payment,Net Banking,791,0,0
53789.31,Money Transfer,UPI,162,7,0
83897.82,Cash Withdrawal,Debit Card,2322,2,0
48619.76,Cash Withdrawal,UPI,2453,8,1
79717.5,Cash Withdrawal,UPI,1079,8,1
207.9,Cash Withdrawal,Debit Card,77,9,0
116424.88,Money Transfer,UPI,260,10,0
122875.56,Money Transfer,Net Banking,2259,2,0
48457.75,Bill Payment,Credit Card,395,8,0
6662.21,Money Transfer,Debit Card,129,3,1
28823.33,Online Purchase,Net Banking,2007,8,0
88586.11,Online Purchase,UPI,905,9,0
2061.61,Money Transfer,Net Banking,328,7,0
9198.96,Cash Withdrawal,UPI,239,9,1
6193.91,Online Purchase,UPI,320,3,0
14658.18,Money Transfer,Net Banking,777,3,0
37389.58,Money Transfer,Net Banking,433,10,0
101206.44,Cash Withdrawal,Credit Card,684,2,0
75753.45,Money Transfer,Net Banking,1444,5,0
149527.86,Bill Payment,Net Banking,1764,5,1
84515.39,Money Transfer,Net Banking,2254,4,1
67915.28,Cash Withdrawal,Credit Card,142,4,0
77689.64,Bill Payment,Credit Card,1231,3,1
47304.21,Bill Payment,Debit Card,387,0,0
23500.46,Bill Payment,UPI,2385,3,0
121680.03,Online Purchase,Net Banking,2331,3,0
108564.72,Cash Withdrawal,Debit Card,2000,9,0
14395.07,Bill Payment,Credit Card,2361,6,1
8482.81,Bill Payment,UPI,1779,6,0
18169.03,Money Transfer,Credit Card,1567,0,0
6273.22,Money Transfer,UPI,2058,3,0
101077.92,Cash Withdrawal,Net Banking,2438,9,1
33390.64,Bill Payment,Net Banking,607,2,0
71430.61,Online Purchase,Net Banking,1076,1,0
65230.22,Money Transfer,Debit Card,1970,8,1
59358.29,Money Transfer,Debit Card,993,1,1
64566.85,Online Purchase,Credit Card,1695,6,1
28654.41,Bill Payment,Credit Card,1249,2,0
92471.53,Cash Withdrawal,Debit Card,1805,0,0
35100.09,Bill Payment,Debit Card,352,1,0
36532.94,Money Transfer,UPI,57,5,0
16780.57,Cash Withdrawal,Net Banking,94,5,1
80747.02,Money Transfer,UPI,2248,7,0
148846.09,Online Purchase,Net Banking,2388,10,1
38392.91,Online Purchase,UPI,823,9,1
69797.63,Online Purchase,Credit Card,1592,10,1
127827.23,Bill Payment,Credit Card,79,4,0
97446.73,Money Transfer,Net Banking,2083,1,0
72750.86,Online Purchase,Debit Card,815,8,0
84147.06,Online Purchase,Credit Card,1014,8,1
73540.93,Money Transfer,Credit Card,1421,10,1
93822.12,Money Transfer,UPI,254,10,1
58136.87,Online Purchase,UPI,924,2,0
58987.7,Money Transfer,Credit Card,1566,8,0
91906.01,Money Transfer,Net Banking,985,9,1
145583.52,Bill Payment,Net Banking,2221,2,1
20872.62,Money Transfer,Debit Card,1266,8,0
64566.64,Money Transfer,Debit Card,1301,1,0
142295.37,Online Purchase,Debit Card,1301,2,0
114838.71,Cash Withdrawal,Net Banking,1243,7,0
123272.61,Bill Payment,Debit Card,770,1,1
4027.11,Bill Payment,Debit Card,2443,3,0
4010.07,Online Purchase,Net Banking,550,8,0
70367.65,Bill Payment,Debit Card,1588,7,0
24651.58,Money Transfer,Credit Card,1674,0,0
142534.69,Money Transfer,Debit Card,838,1,1
143209.39,Cash Withdrawal,Net Banking,1331,7,0
64190.6,Online Purchase,Net Banking,1282,6,0
111395.93,Online Purchase,Credit Card,1850,7,0
6458.15,Money Transfer,Net Banking,161,8,1
114797.46,Online Purchase,Debit Card,1193,7,1
45752.67,Bill Payment,Net Banking,682,6,0
137863.02,Money Transfer,Net Banking,1851,1,0
17064.42,Money Transfer,Net Banking,1694,5,0
26913.9,Money Transfer,Net Banking,370,4,0
97321.61,Money Transfer,Credit Card,374,1,0
95147.46,Online Purchase,Net Banking,2096,9,0
56863.93,Cash Withdrawal,Credit Card,700,5,0
98963.6,Money Transfer,Debit Card,593,2,0
7791.44,Bill Payment,UPI,1828,4,0
17721.34,Money Transfer,Debit Card,15,9,0
1929.94,Cash Withdrawal,Net Banking,2227,0,0
74070.67,Money Transfer,Net Banking,1859,6,1
90222.36,Online Purchase,Debit Card,2242,4,0
83676.54,Money Transfer,Credit Card,758,2,1
52418.07,Money Transfer,Credit Card,2368,9,1
138065.67,Online Purchase,Credit Card,1708,2,1
42728.64,Money Transfer,Net Banking,2372,5,0
14059.63,Bill Payment,UPI,1510,6,0
113790.45,Online Purchase,UPI,1929,2,1
128925.25,Bill Payment,Net Banking,2149,3,0
91846.86,Online Purchase,Credit Card,1982,9,0
147943.14,Bill Payment,Net Banking,2494,5,1
86313.89,Bill Payment,Debit Card,2305,7,0
94815.46,Cash Withdrawal,Debit Card,2497,3,0
146890.72,Online Purchase,Credit Card,99,7,1
17777.07,Money Transfer,Net Banking,1696,0,0
84106.28,Money Transfer,Credit Card,825,4,1
10268.63,Bill Payment,UPI,26,1,0
51270.1,Online Purchase,Debit Card,795,5,0
138349.74,Cash Withdrawal,Net Banking,146,10,1
23392.4,Cash Withdrawal,UPI,1895,6,0
8497.74,Bill Payment,UPI,2275,8,1
86651.91,Bill Payment,UPI,272,2,0
4772.86,Cash Withdrawal,Debit Card,2339,9,0
89319.26,Bill Payment,UPI,130,4,1
74608.46,Money Transfer,UPI,1852,4,1
45417.51,Online Purchase,UPI,154,3,0
66621.74,Online Purchase,Net Banking,2049,2,1
138553.15,Bill Payment,UPI,587,1,0
140709.77,Money Transfer,Debit Card,150,7,1
129735.05,Online Purchase,Credit Card,1274,0,0
89183.71,Online Purchase,UPI,1913,0,1
114950.41,Bill Payment,Credit Card,2366,4,1
31555.87,Money Transfer,Debit Card,1174,4,0
115940.79,Online Purchase,UPI,612,2,1
2386.98,Online Purchase,Debit Card,2223,5,0
40730.71,Bill Payment,Debit Card,702,1,0
133847.24,Cash Withdrawal,Credit Card,533,0,1
101356.84,Online Purchase,Net Banking,221,1,1
26929.55,Cash Withdrawal,UPI,1280,5,0
106963.51,Online Purchase,Net Banking,2326,2,1
120372.34,Cash Withdrawal,Credit Card,1867,4,0
106561.36,Cash Withdrawal,Net Banking,950,3,1
134365.56,Bill Payment,UPI,1606,2,0
99810.57,Bill Payment,Net Banking,1997,0,1
17021.77,Cash Withdrawal,Net Banking,700,4,0
90705.59,Money Transfer,Credit Card,1662,1,1
97452.77,Bill Payment,Net Banking,1642,9,1
93169.14,Money Transfer,Net Banking,1573,1,0
122105.96,Cash Withdrawal,Net Banking,2324,5,1
35499.53,Online Purchase,Net Banking,469,9,0
48874.18,Online Purchase,Net Banking,722,4,0
10534.18,Online Purchase,Net Banking,1342,7,0
9316.19,Money Transfer,Debit Card,2379,10,0
113585.95,Money Transfer,Net Banking,2177,4,1
86731.92,Money Transfer,Debit Card,1297,4,0
136989.32,Bill Payment,Net Banking,1411,1,0
91762.46,Cash Withdrawal,Debit Card,1205,0,0
82377.88,Online Purchase,Credit Card,2294,5,1
42403.17,Online Purchase,Debit Card,1769,9,0
47787.28,Cash Withdrawal,Net Banking,1563,6,0
99406.89,Cash Withdrawal,Debit Card,771,8,1
138679.86,Cash Withdrawal,Debit Card,1182,10,1
1839.25,Online Purchase,Debit Card,1994,10,0
148533.62,Online Purchase,Debit Card,1704,7,0
104339.04,Cash Withdrawal,Debit Card,1862,8,1
123028.71,Cash Withdrawal,UPI,925,2,1
1213.76,Cash Withdrawal,Debit Card,2056,4,0
81970.32,Bill Payment,Credit Card,156,9,1
55349.93,Cash Withdrawal,Credit Card,582,8,0
147551.89,Bill Payment,Net Banking,2118,1,0
91549.58,Money Transfer,Net Banking,320,10,1
119734.93,Bill Payment,Credit Card,1408,8,1
70383.43,Cash Withdrawal,UPI,1725,5,0
119753.66,Bill Payment,Debit Card,145,9,1
109073.06,Bill Payment,Credit Card,1939,9,1
7837.82,Bill Payment,Credit Card,1175,7,1
75888.86,Bill Payment,UPI,543,9,1
128692.97,Online Purchase,Credit Card,2474,2,0
110871.19,Cash Withdrawal,UPI,719,4,0
35505.76,Money Transfer,Credit Card,1405,1,0
89372.06,Money Transfer,Net Banking,1692,6,1
66083.73,Money Transfer,Debit Card,2367,5,1
39732.88,Online Purchase,Credit Card,687,7,0
45274.93,Money Transfer,Net Banking,1598,7,1
79613.28,Cash Withdrawal,Credit Card,1183,7,1
47421.72,Online Purchase,Credit Card,2177,10,1
126651.47,Bill Payment,UPI,1108,4,0
38376.05,Cash Withdrawal,Net Banking,991,10,0
29319.36,Bill Payment,Debit Card,1284,8,1
1370.58,Online Purchase,Credit Card,1685,1,0
102856.38,Bill Payment,Debit Card,1161,4,1
3652.7,Online Purchase,Credit Card,2434,10,0
32602.03,Online Purchase,Credit Card,354,9,1
98493.55,Money Transfer,Credit Card,755,4,1
99105.63,Online Purchase,Net Banking,1133,6,0
100170.12,Bill Payment,UPI,664,1,1
9451.87,Cash Withdrawal,UPI,247,4,0
39773.26,Cash Withdrawal,Credit Card,2015,3,0
26848.48,Cash Withdrawal,Credit Card,590,8,0
32836.14,Online Purchase,Net Banking,1061,1,0
10654.81,Bill Payment,Net Banking,77,7,1
96086.26,Online Purchase,Net Banking,1092,2,0
135702.17,Online Purchase,Net Banking,1959,6,1
109192.34,Online Purchase,Debit Card,14,6,0
122714.7,Cash Withdrawal,Credit Card,2324,8,0
53901.86,Bill Payment,Net Banking,227,10,0
97096.45,Bill Payment,UPI,330,7,0
43564.8,Money Transfer,Debit Card,2272,0,0
99144.04,Bill Payment,Net Banking,438,10,0
73026.88,Cash Withdrawal,Debit Card,574,0,1
107988.88,Money Transfer,Net Banking,1593,1,0
96546.8,Cash Withdrawal,Net Banking,68,0,0
50724.02,Online Purchase,Net Banking,485,3,0
100130.73,Cash Withdrawal,Debit Card,2374,3,0
5627.96,Money Transfer,Net Banking,79,7,0
92793.98,Money Transfer,Debit Card,59,2,0
135708.89,Online Purchase,Net Banking,700,9,1
122638.81,Online Purchase,Net Banking,2438,9,1
120687.58,Cash Withdrawal,UPI,1647,5,1
102644.85,Money Transfer,UPI,874,0,0
50392.01,Online Purchase,UPI,579,6,1
55552.11,Money Transfer,Net Banking,998,9,1
15085.18,Cash Withdrawal,Debit Card,65,7,1
1182.88,Online Purchase,UPI,1705,7,0
31003.42,Bill Payment,Net Banking,1688,3,0
91619.64,Online Purchase,Debit Card,2048,9,0
94116.03,Bill Payment,UPI,1716,0,0
28866.24,Online Purchase,UPI,2211,8,1
115572.66,Money Transfer,UPI,218,3,1
22467.69,Cash Withdrawal,Net Banking,723,2,0
6563.03,Bill Payment,UPI,859,6,0
92561.22,Cash Withdrawal,Credit Card,428,0,0
26465.55,Online Purchase,Net Banking,2110,1,0
35371.44,Cash Withdrawal,UPI,1717,3,0
134766.08,Money Transfer,Credit Card,1336,3,1
110688.41,Money Transfer,Net Banking,904,1,1
72712.72,Cash Withdrawal,Debit Card,886,9,1
58160.81,Money Transfer,Net Banking,796,10,1
40527.21,Bill Payment,Debit Card,132,9,1
20561.57,Cash Withdrawal,Net Banking,1714,2,0
33056.05,Bill Payment,Debit Card,697,9,0
128265.1,Online Purchase,Net Banking,2138,7,0
32544.75,Cash Withdrawal,Net Banking,1144,0,0
110453.21,Money Transfer,Debit Card,1341,6,1
133784.21,Money Transfer,Credit Card,1712,0,1
70650.83,Online Purchase,Net Banking,2176,6,0
119722.83,Online Purchase,Net Banking,2029,3,1
112986.5,Cash Withdrawal,Debit Card,544,5,1
97181.27,Online Purchase,Credit Card,1966,10,1
105525.34,Online Purchase,Net Banking,1900,2,0
60863.52,Bill Payment,Net Banking,6,10,1
134025.82,Bill Payment,Credit Card,1215,6,0
104738.44,Money Transfer,Credit Card,1376,0,1
136509.62,Bill Payment,Credit Card,455,6,1
92908.1,Bill Payment,UPI,718,10,1
10144.19,Money Transfer,Debit Card,1372,3,0
97390.86,Money Transfer,Debit Card,1313,5,0
75584.54,Cash Withdrawal,UPI,224,1,0
67916.36,Online Purchase,Net Banking,2179,10,0
134927.73,Cash Withdrawal,UPI,269,3,0
68735.33,Online Purchase,Net Banking,733,4,0
11634.4,Money Transfer,UPI,459,2,0
131261.47,Online Purchase,UPI,1707,10,1
19890.9,Bill Payment,Net Banking,1819,10,1
28440.19,Online Purchase,Debit Card,2129,10,1
86847.82,Bill Payment,Net Banking,2431,10,0
126301.99,Cash Withdrawal,Net Banking,1246,9,1
118423.3,Money Transfer,UPI,929,7,1
43293.13,Online Purchase,Debit Card,1447,4,0
25037.82,Money Transfer,UPI,747,2,0
103959.6,Money Transfer,Debit Card,975,1,1
47562.21,Money Transfer,Net Banking,1067,5,1
84416.84,Online Purchase,UPI,1409,2,0
81026.0,Money Transfer,UPI,498,0,0
74962.6,Money Transfer,Net Banking,1312,2,1
110800.4,Bill Payment,UPI,1942,4,0
113148.83,Money Transfer,Net Banking,1388,1,0
135036.15,Money Transfer,Credit Card,1262,0,1
126147.45,Cash Withdrawal,UPI,379,5,1
96232.77,Money Transfer,UPI,802,0,1
127432.76,Online Purchase,Net Banking,797,7,1
90801.17,Online Purchase,UPI,1629,2,0
64203.31,Cash Withdrawal,UPI,50,4,1
46281.99,Cash Withdrawal,Credit Card,884,7,0
62399.91,Cash Withdrawal,UPI,671,6,0
62187.65,Online Purchase,Debit Card,852,4,0
130142.12,Bill Payment,Credit Card,2420,6,1
61478.15,Bill Payment,Net Banking,717,8,1
85230.66,Money Transfer,Debit Card,762,6,1
73638.78,Bill Payment,UPI,2024,8,0
33755.58,Online Purchase,Debit Card,1076,4,0
125153.04,Cash Withdrawal,Credit Card,1179,6,1
136028.3,Money Transfer,Credit Card,489,4,1
145596.74,Bill Payment,Net Banking,2317,6,0
94236.61,Cash Withdrawal,Credit Card,1529,8,0
2730.01,Bill Payment,Debit Card,2383,0,0
69210.49,Money Transfer,UPI,669,0,1
62985.15,Bill Payment,Credit Card,1188,4,0
140453.92,Money Transfer,Debit Card,388,9,1
81602.48,Bill Payment,UPI,1112,10,0
54442.15,Bill Payment,Debit Card,53,2,0
56014.83,Cash Withdrawal,Net Banking,1394,2,1
23267.78,Money Transfer,Debit Card,2289,9,0
142879.03,Online Purchase,Net Banking,1887,1,1
19771.7,Online Purchase,Net Banking,1427,4,0
20938.2,Cash Withdrawal,UPI,706,4,1
122204.66,Money Transfer,Debit Card,584,3,1
31555.17,Online Purchase,Net Banking,458,1,1
72689.81,Cash Withdrawal,Credit Card,805,1,1
99002.35,Online Purchase,Net Banking,488,4,1
45316.71,Online Purchase,Credit Card,508,9,1
135186.11,Money Transfer,UPI,120,1,1
111955.08,Bill Payment,UPI,1443,2,0
117142.24,Money Transfer,Credit Card,406,9,1
79372.93,Money Transfer,UPI,704,8,1
108829.87,Money Transfer,Net Banking,1502,9,1
101061.5,Online Purchase,Debit Card,1454,6,1
77186.23,Cash Withdrawal,Credit Card,1288,1,0
78007.16,Cash Withdrawal,UPI,1181,8,0
12428.97,Cash Withdrawal,Credit Card,1577,4,0
110452.55,Cash Withdrawal,Debit Card,2269,6,1
128319.31,Money Transfer,Credit Card,1949,10,1
2016.6,Cash Withdrawal,Credit Card,1624,7,0
101510.15,Online Purchase,Debit Card,1618,6,0
146637.87,Money Transfer,Credit Card,1490,3,1
89284.63,Cash Withdrawal,Credit Card,954,6,0
41849.9,Bill Payment,Net Banking,1459,7,0
142525.81,Cash Withdrawal,UPI,604,7,1
37678.41,Cash Withdrawal,Debit Card,552,0,0
8022.58,Online Purchase,Net Banking,110,2,0
101912.73,Money Transfer,UPI,395,1,0
78040.34,Cash Withdrawal,Net Banking,828,4,0
73588.53,Bill Payment,UPI,2215,8,1
114618.34,Cash Withdrawal,Credit Card,1572,7,1
56512.85,Cash Withdrawal,Credit Card,135,2,0
129068.07,Bill Payment,Debit Card,2014,6,1
107386.91,Cash Withdrawal,Credit Card,2331,10,1
83112.21,Cash Withdrawal,Net Banking,2303,2,0
58768.58,Cash Withdrawal,Net Banking,1445,4,1
4319.23,Online Purchase,Debit Card,1501,5,0
87636.65,Bill Payment,Net Banking,399,6,1
53669.18,Bill Payment,Credit Card,1001,3,1
46883.72,Online Purchase,Credit Card,1249,1,0
3054.83,Bill Payment,Credit Card,1888,10,0
85250.61,Cash Withdrawal,UPI,84,7,0
147866.14,Cash Withdrawal,Net Banking,1321,9,1
73304.96,Money Transfer,UPI,2035,8,0
100141.39,Money Transfer,UPI,1489,6,1
95353.09,Online Purchase,Debit Card,1178,4,1
149434.53,Cash Withdrawal,Debit Card,377,9,1
50592.03,Online Purchase,Net Banking,1750,3,0
11591.57,Bill Payment,UPI,1774,10,0
30091.54,Cash Withdrawal,UPI,2111,7,0
82179.62,Online Purchase,Debit Card,2363,7,1
144321.35,Cash Withdrawal,UPI,2183,9,0
136034.69,Online Purchase,Debit Card,1493,7,1
22655.85,Bill Payment,Net Banking,1681,5,0
136679.56,Money Transfer,Net Banking,1094,4,1
38541.35,Money Transfer,Net Banking,977,1,0
4252.86,Bill Payment,Net Banking,1989,8,0
63360.67,Online Purchase,Debit Card,653,4,1
38833.69,Bill Payment,Debit Card,173,7,0
8393.56,Online Purchase,UPI,2465,4,0
135096.18,Cash Withdrawal,UPI,370,6,0
108662.74,Money Transfer,Debit Card,459,9,1
139947.02,Bill Payment,Net Banking,370,3,0
116001.31,Bill Payment,UPI,2394,6,0
111619.45,Cash Withdrawal,Debit Card,591,1,1
145491.53,Cash Withdrawal,Net Banking,1042,9,1
80067.15,Online Purchase,UPI,2236,6,0
37027.37,Bill Payment,Debit Card,1487,7,0
123222.67,Online Purchase,Credit Card,224,10,1
82953.91,Bill Payment,UPI,500,8,0
128661.31,Cash Withdrawal,Credit Card,1610,4,1
140454.73,Money Transfer,UPI,862,2,0
94739.77,Cash Withdrawal,Credit Card,1123,1,0
141080.26,Cash Withdrawal,Net Banking,1363,6,0
123054.17,Money Transfer,UPI,2074,1,1
90357.18,Bill Payment,Net Banking,113,0,0
27642.57,Cash Withdrawal,Debit Card,13,6,1
45901.58,Online Purchase,Credit Card,647,3,0
145452.72,Money Transfer,Net Banking,1309,7,1
110302.3,Bill Payment,Debit Card,2430,5,0
29879.69,Cash Withdrawal,UPI,746,6,0
141719.1,Money Transfer,Credit Card,95,8,1
94031.44,Online Purchase,Net Banking,813,4,0
25396.52,Cash Withdrawal,Net Banking,2460,4,1
143709.13,Money Transfer,Credit Card,58,8,1
138006.36,Cash Withdrawal,Net Banking,486,3,0
28662.57,Bill Payment,UPI,2025,6,1
128465.03,Money Transfer,UPI,776,6,1
118890.28,Online Purchase,UPI,1073,3,0
136108.5,Bill Payment,Net Banking,352,0,0
130729.38,Cash Withdrawal,Debit Card,1571,6,0
38508.22,Online Purchase,Credit Card,214,5,0
70692.77,Bill Payment,Credit Card,22,4,1
57202.56,Cash Withdrawal,UPI,542,8,1
26987.9,Money Transfer,Net Banking,1390,7,1
47665.88,Cash Withdrawal,Debit Card,1067,1,0
146779.64,Cash Withdrawal,UPI,1477,6,1
131552.76,Bill Payment,UPI,1785,2,1
149185.3,Money Transfer,Net Banking,218,3,1
34556.1,Online Purchase,Net Banking,1066,2,0
65520.84,Cash Withdrawal,Credit Card,1809,5,0
84172.09,Cash Withdrawal,Net Banking,461,2,1
14127.32,Bill Payment,Debit Card,690,8,0
84530.78,Money Transfer,Credit Card,2155,9,1
138069.94,Money Transfer,Net Banking,387,5,1
102228.72,Online Purchase,Net Banking,1531,9,0
15999.88,Bill Payment,Debit Card,119,1,0
106185.23,Cash Withdrawal,Net Banking,1104,9,1
49481.1,Online Purchase,Net Banking,1331,9,1
129505.5,Bill Payment,UPI,228,1,0
90383.5,Online Purchase,Net Banking,1046,2,0
115654.54,Cash Withdrawal,Credit Card,85,3,1
116945.93,Bill Payment,Debit Card,494,4,1
64910.53,Bill Payment,Debit Card,1471,10,1
55181.78,Money Transfer,Net Banking,1825,6,1
84502.26,Cash Withdrawal,Credit Card,1731,5,0
65172.48,Cash Withdrawal,Credit Card,166,8,1
69582.38,Money Transfer,Debit Card,2029,8,1
78749.2,Bill Payment,Net Banking,1792,1,0
71693.94,Money Transfer,Debit Card,1231,3,0
44392.7,Online Purchase,Credit Card,185,8,1
63794.54,Online Purchase,Net Banking,2329,4,1
87876.63,Online Purchase,Credit Card,1896,2,0
126452.18,Online Purchase,Credit Card,1705,4,1
108641.79,Cash Withdrawal,UPI,1399,2,1
11825.26,Bill Payment,Credit Card,1777,8,1
59300.58,Online Purchase,Debit Card,1955,7,0
130330.2,Cash Withdrawal,UPI,1478,10,0
101297.83,Bill Payment,Credit Card,513,2,1
16875.68,Online Purchase,Debit Card,110,3,0
21858.61,Money Transfer,Net Banking,2207,3,1
115481.2,Money Transfer,Net Banking,1729,0,1
135372.06,Cash Withdrawal,Net Banking,1932,0,0
87825.42,Money Transfer,UPI,2333,6,1
1280.35,Cash Withdrawal,Net Banking,2031,9,0
83190.25,Bill Payment,Credit Card,1997,6,0
88696.79,Cash Withdrawal,Debit Card,249,8,1
86502.86,Online Purchase,UPI,1709,7,1
93442.23,Bill Payment,Net Banking,1787,0,1
108958.75,Cash Withdrawal,UPI,1795,3,0
88190.04,Bill Payment,Net Banking,538,4,0
58616.65,Cash Withdrawal,UPI,1935,2,0
42440.34,Online Purchase,Net Banking,529,2,0
90901.78,Online Purchase,Net Banking,2023,4,1
83568.89,Online Purchase,UPI,1069,5,0
26289.75,Online Purchase,Credit Card,1384,6,1
34080.87,Money Transfer,Net Banking,1057,5,0
115429.15,Bill Payment,Debit Card,2112,9,1
105990.1,Cash Withdrawal,Net Banking,455,1,0
91487.41,Online Purchase,Credit Card,2078,1,1
17797.1,Money Transfer,UPI,644,4,0
114318.51,Cash Withdrawal,Credit Card,632,10,1
122892.2,Online Purchase,Debit Card,1799,6,0
1087.48,Cash Withdrawal,UPI,1175,8,1
39975.74,Cash Withdrawal,UPI,1006,2,0
79494.58,Money Transfer,Debit Card,1757,6,0
134719.98,Bill Payment,Credit Card,1813,2,0
107672.1,Online Purchase,Credit Card,1386,5,1
115878.66,Cash Withdrawal,Credit Card,1611,0,0
96255.72,Online Purchase,UPI,1718,6,0
105148.48,Bill Payment,UPI,1410,0,0
135041.26,Money Transfer,Net Banking,1828,10,1
81709.35,Cash Withdrawal,UPI,1657,3,0
12733.71,Bill Payment,Net Banking,517,8,0
42660.79,Online Purchase,UPI,2136,5,0
24088.1,Online Purchase,UPI,989,4,0
148044.51,Online Purchase,Credit Card,1528,4,1
53235.55,Online Purchase,Credit Card,1839,4,0
881.49,Bill Payment,Debit Card,2383,9,0
140637.16,Money Transfer,UPI,1226,4,1
122280.38,Money Transfer,Net Banking,2129,3,1
77516.13,Money Transfer,UPI,1861,1,1
63911.25,Cash Withdrawal,Credit Card,378,0,0
19596.49,Money Transfer,Net Banking,320,5,0
60472.78,Cash Withdrawal,UPI,2394,7,0
149477.12,Cash Withdrawal,Net Banking,668,2,0
72766.18,Cash Withdrawal,Debit Card,2103,8,1
31975.12,Cash Withdrawal,Credit Card,643,8,1
142778.08,Cash Withdrawal,Credit Card,496,5,1
6138.29,Money Transfer,Credit Card,1522,4,0
45558.69,Cash Withdrawal,Credit Card,586,2,0
63321.37,Bill Payment,UPI,884,2,0
73370.17,Online Purchase,UPI,277,0,0
86001.56,Cash Withdrawal,UPI,1546,7,0
125069.15,Money Transfer,Debit Card,2068,10,1
67544.42,Cash Withdrawal,Debit Card,1333,1,0
99708.9,Cash Withdrawal,Net Banking,954,6,1
6968.38,Cash Withdrawal,UPI,363,2,0
85842.02,Bill Payment,Credit Card,2292,1,1
92843.74,Online Purchase,Debit Card,1950,8,0
18130.45,Money Transfer,Credit Card,1127,3,0
105872.09,Cash Withdrawal,Credit Card,2186,9,1
88375.06,Cash Withdrawal,Credit Card,1393,6,1
3706.14,Bill Payment,Net Banking,1054,1,0
14990.11,Money Transfer,UPI,590,2,0
13535.32,Bill Payment,Net Banking,694,0,0
48861.08,Online Purchase,Credit Card,1221,6,1
21454.84,Bill Payment,UPI,1539,1,0
36019.48,Money Transfer,Net Banking,2084,8,1
17350.7,Online Purchase,UPI,1904,8,0
72677.31,Cash Withdrawal,Debit Card,77,4,0
87967.29,Online Purchase,Debit Card,2273,10,0
45761.47,Cash Withdrawal,Net Banking,344,10,0
117453.95,Money Transfer,UPI,2214,2,0
80676.59,Cash Withdrawal,Net Banking,172,0,0
144171.05,Bill Payment,Debit Card,3,0,0
72379.72,Bill Payment,Net Banking,1440,10,1
126118.56,Bill Payment,Credit Card,662,8,1
45165.69,Cash Withdrawal,Credit Card,573,8,0
131754.07,Money Transfer,UPI,1404,10,1
112928.83,Cash Withdrawal,UPI,1008,10,0
51310.31,Cash Withdrawal,UPI,66,2,0
406.92,Cash Withdrawal,Credit Card,40,10,1
83413.02,Cash Withdrawal,Net Banking,2205,1,0
97399.68,Online Purchase,Credit Card,1824,10,1
145808.65,Cash Withdrawal,UPI,1585,2,0
121799.27,Online Purchase,Credit Card,1896,5,0
66742.19,Money Transfer,Credit Card,1152,10,0
53737.37,Online Purchase,UPI,906,3,0
145097.75,Online Purchase,UPI,2019,9,1
29493.41,Cash Withdrawal,Credit Card,1137,9,0
25654.52,Money Transfer,Debit Card,268,9,1
9850.89,Bill Payment,Debit Card,2143,4,1
101729.01,Bill Payment,Net Banking,9,6,1
141466.83,Online Purchase,UPI,1772,6,1
102058.0,Cash Withdrawal,Net Banking,1481,8,1
132581.99,Money Transfer,Credit Card,1139,6,1
47504.67,Cash Withdrawal,Debit Card,1371,1,0
121170.17,Money Transfer,Net Banking,305,3,1
49450.77,Online Purchase,Credit Card,115,7,0
3701.13,Bill Payment,UPI,1013,1,0
143824.52,Online Purchase,UPI,2129,3,0
116384.85,Cash Withdrawal,Credit Card,1829,9,1
146181.38,Online Purchase,Net Banking,1284,1,0
9394.13,Cash Withdrawal,Credit Card,1235,9,0
9961.96,Online Purchase,Credit Card,1208,6,0
92633.57,Cash Withdrawal,Debit Card,2456,10,0
68066.35,Cash Withdrawal,Net Banking,415,5,0
101398.84,Online Purchase,Net Banking,2119,5,1
16290.19,Online Purchase,Credit Card,2429,3,0
18984.65,Bill Payment,UPI,1725,7,0
66749.18,Money Transfer,Debit Card,181,0,1
87719.89,Bill Payment,UPI,2391,8,0
22196.62,Bill Payment,UPI,1193,5,0
77700.32,Money Transfer,Credit Card,973,8,0
83961.54,Online Purchase,Net Banking,1409,3,0
96119.16,Money Transfer,Credit Card,1399,3,0
104247.76,Cash Withdrawal,UPI,2370,9,0
92453.86,Cash Withdrawal,UPI,665,1,0
118399.79,Online Purchase,Net Banking,899,0,0
104013.76,Cash Withdrawal,Debit Card,980,7,0
142892.98,Bill Payment,Net Banking,841,6,1
148482.72,Bill Payment,Credit Card,303,5,1
17366.87,Bill Payment,Net Banking,797,10,0
114853.36,Online Purchase,Credit Card,816,3,1
32919.86,Bill Payment,Debit Card,1392,8,1
29478.54,Money Transfer,UPI,415,0,0
20672.81,Online Purchase,UPI,862,4,0
55509.13,Bill Payment,Debit Card,2159,9,0
131770.34,Online Purchase,Credit Card,592,2,0
28833.03,Cash Withdrawal,UPI,1303,9,0
95457.83,Online Purchase,Debit Card,2194,4,0
49219.32,Online Purchase,UPI,518,8,0
132886.56,Money Transfer,Credit Card,1928,10,1
25198.29,Cash Withdrawal,UPI,2043,8,0
48341.29,Bill Payment,Net Banking,2027,7,0
60201.82,Online Purchase,Debit Card,900,3,0
35234.25,Money Transfer,UPI,1741,6,0
140331.29,Bill Payment,UPI,2256,1,1
12695.82,Cash Withdrawal,UPI,943,9,1
76888.09,Bill Payment,Net Banking,1848,7,0
55190.04,Cash Withdrawal,UPI,1119,6,1
66309.11,Bill Payment,Credit Card,1471,1,0
75314.56,Online Purchase,UPI,933,1,1
54099.51,Money Transfer,UPI,806,10,1
45477.07,Bill Payment,Debit Card,2475,2,0
112882.27,Bill Payment,Credit Card,1227,4,0
117490.93,Cash Withdrawal,Net Banking,2376,10,1
98148.25,Money Transfer,Net Banking,933,3,0
31560.27,Money Transfer,Net Banking,1890,5,0
47029.92,Money Transfer,Net Banking,1711,3,0
127956.32,Online Purchase,UPI,570,9,0
45905.23,Online Purchase,Net Banking,1453,5,1
63915.33,Cash Withdrawal,UPI,1336,9,1
117825.14,Money Transfer,Debit Card,1353,9,1
90490.12,Cash Withdrawal,Net Banking,837,6,1
58026.43,Cash Withdrawal,Credit Card,1347,9,0
95886.6,Bill Payment,Credit Card,703,1,0
26727.65,Cash Withdrawal,Credit Card,765,3,1
144452.88,Bill Payment,Debit Card,955,4,0
10589.92,Online Purchase,UPI,2124,0,0
128970.13,Cash Withdrawal,Net Banking,644,1,1
62820.14,Online Purchase,Net Banking,846,2,0
46532.6,Cash Withdrawal,Debit Card,2473,9,0
88165.04,Cash Withdrawal,UPI,827,0,0
66915.16,Cash Withdrawal,Debit Card,2154,5,0
131897.98,Cash Withdrawal,Net Banking,2360,0,0
43257.98,Cash Withdrawal,UPI,1219,6,0
121516.72,Money Transfer,Net Banking,1021,2,0
110013.27,Cash Withdrawal,Net Banking,752,9,1
104826.85,Online Purchase,Debit Card,647,4,0
80706.86,Online Purchase,Debit Card,2022,6,0
82968.3,Bill Payment,Credit Card,431,8,0
48969.37,Cash Withdrawal,Debit Card,1036,3,0
69378.91,Online Purchase,Net Banking,1562,5,0
128380.39,Cash Withdrawal,Credit Card,44,4,1
137578.83,Bill Payment,Net Banking,1986,7,1
82309.44,Money Transfer,Net Banking,575,7,0
126250.22,Money Transfer,Credit Card,2487,1,1
18710.29,Cash Withdrawal,Debit Card,318,10,0
101639.73,Money Transfer,Net Banking,1467,2,1
5263.28,Money Transfer,Net Banking,196,10,0
96187.73,Online Purchase,Net Banking,1263,7,1
799.39,Cash Withdrawal,Debit Card,1023,5,0
30077.86,Online Purchase,Net Banking,115,0,0
28903.56,Online Purchase,Debit Card,396,10,1
25140.38,Cash Withdrawal,Credit Card,1340,5,0
28513.18,Money Transfer,Net Banking,1753,1,0
15972.21,Bill Payment,Debit Card,62,6,0
1896.01,Money Transfer,Net Banking,902,1,0
41840.8,Bill Payment,Credit Card,276,3,0
115155.02,Cash Withdrawal,Credit Card,2197,9,1
143859.3,Bill Payment,Net Banking,545,5,1
114281.27,Bill Payment,Net Banking,277,5,1
136824.28,Cash Withdrawal,Net Banking,2094,10,1
75562.66,Online Purchase,Debit Card,87,9,0
18696.02,Money Transfer,Net Banking,998,9,1
20719.57,Cash Withdrawal,UPI,828,2,0
96341.63,Money Transfer,Net Banking,1347,2,1
96575.95,Online Purchase,Net Banking,1182,0,1
109957.68,Bill Payment,Debit Card,844,8,1
137659.96,Money Transfer,Debit Card,2491,6,1
27613.47,Online Purchase,Credit Card,2014,1,0
7910.82,Money Transfer,Debit Card,515,1,0
82372.18,Money Transfer,Debit Card,2079,1,0
70114.43,Money Transfer,Debit Card,1004,6,1
37420.52,Bill Payment,Net Banking,825,4,0
72227.49,Bill Payment,Net Banking,1548,2,0
63462.32,Cash Withdrawal,Debit Card,1975,0,0
64166.85,Online Purchase,UPI,2438,8,1
109024.57,Bill Payment,Net Banking,1900,4,1
56334.52,Cash Withdrawal,Credit Card,1365,2,0
29437.79,Money Transfer,Credit Card,53,8,0
56201.25,Cash Withdrawal,Net Banking,1617,5,1
46240.84,Online Purchase,Net Banking,160,1,0
84884.73,Money Transfer,Net Banking,1046,5,1
73344.41,Bill Payment,Credit Card,1579,6,0
36428.7,Online Purchase,UPI,116,10,0
39273.47,Cash Withdrawal,Debit Card,1042,3,0
142771.56,Money Transfer,Credit Card,479,1,0
137540.74,Cash Withdrawal,Credit Card,2124,3,0
24956.96,Cash Withdrawal,UPI,1238,8,0
98807.06,Cash Withdrawal,UPI,1686,1,1
85934.49,Bill Payment,Debit Card,1102,3,0
59755.74,Bill Payment,Credit Card,690,7,1
10569.24,Cash Withdrawal,Net Banking,1182,6,1
56260.24,Money Transfer,Debit Card,1993,2,0
16624.71,Money Transfer,Debit Card,824,0,0
121395.88,Money Transfer,UPI,1675,7,1
93700.78,Money Transfer,Credit Card,1201,1,0
41586.65,Bill Payment,Credit Card,2399,3,0
100953.41,Online Purchase,Credit Card,251,4,0
1183.28,Online Purchase,Credit Card,865,8,0
56412.3,Bill Payment,Net Banking,1939,5,0
50548.88,Bill Payment,UPI,982,5,0
56827.51,Online Purchase,UPI,1353,1,1
130594.17,Cash Withdrawal,Debit Card,106,9,1
79641.34,Money Transfer,UPI,1852,9,0
130490.97,Cash Withdrawal,Debit Card,13,10,0
121911.6,Online Purchase,UPI,188,5,0
35110.44,Cash Withdrawal,Net Banking,334,5,0
139729.37,Cash Withdrawal,Credit Card,1577,4,1
106820.1,Online Purchase,Debit Card,2040,1,1
100992.02,Cash Withdrawal,Debit Card,1828,1,0
81146.12,Money Transfer,Debit Card,699,10,0
15909.9,Online Purchase,Debit Card,1338,6,0
33134.37,Bill Payment,Net Banking,505,10,1
80228.04,Cash Withdrawal,Credit Card,1364,3,0
114973.97,Online Purchase,UPI,1545,6,0
117783.77,Cash Withdrawal,Debit Card,916,4,1
13243.28,Online Purchase,UPI,2426,3,0
17504.32,Bill Payment,Debit Card,1284,6,0
351.61,Online Purchase,Debit Card,1590,6,0
54817.07,Money Transfer,Debit Card,437,6,1
127869.07,Bill Payment,Debit Card,1216,3,0
68422.1,Bill Payment,Debit Card,141,9,1
75406.46,Online Purchase,UPI,2351,7,0
32434.19,Bill Payment,Net Banking,241,5,1
107543.27,Money Transfer,Credit Card,734,7,1
44935.36,Money Transfer,Credit Card,2245,6,1
101717.01,Bill Payment,Net Banking,1602,1,0
42527.68,Money Transfer,Net Banking,399,2,0
118712.49,Online Purchase,UPI,1875,10,1
20720.39,Cash Withdrawal,UPI,594,3,0
112282.54,Online Purchase,UPI,2358,1,0
148273.78,Money Transfer,Net Banking,1750,10,1
138905.2,Online Purchase,UPI,1941,2,0
17690.29,Bill Payment,Net Banking,609,10,0
36825.65,Online Purchase,Debit Card,1625,7,0
89463.71,Money Transfer,Net Banking,368,7,0
97581.61,Bill Payment,Net Banking,1505,0,1
12487.28,Cash Withdrawal,Debit Card,95,9,0
85937.32,Bill Payment,Credit Card,2429,2,0
149993.13,Cash Withdrawal,UPI,2341,2,1
9618.4,Money Transfer,Net Banking,81,6,0
80508.88,Cash Withdrawal,Credit Card,2126,9,1
122842.26,Online Purchase,Debit Card,481,2,0
104312.86,Online Purchase,Net Banking,1288,1,1
86304.65,Money Transfer,Credit Card,2304,4,0
5347.29,Online Purchase,UPI,1490,8,1
146567.75,Online Purchase,Debit Card,1232,0,0
77964.52,Bill Payment,Net Banking,573,9,1
47009.11,Bill Payment,Debit Card,406,10,0
35641.34,Money Transfer,Debit Card,1228,3,0
90361.44,Money Transfer,UPI,1137,2,0
63360.05,Bill Payment,UPI,1564,10,0
60068.9,Online Purchase,UPI,1743,2,0
10676.65,Bill Payment,Debit Card,1525,9,0
123094.18,Money Transfer,Net Banking,629,5,0
65100.71,Online Purchase,Debit Card,318,4,1
16587.52,Cash Withdrawal,Credit Card,1350,10,1
136395.88,Bill Payment,Debit Card,925,4,1
56635.68,Money Transfer,Net Banking,431,1,1
109276.28,Bill Payment,Net Banking,392,8,1
85866.5,Bill Payment,UPI,2489,1,0
25695.04,Cash Withdrawal,Debit Card,1414,10,0
79799.15,Cash Withdrawal,Net Banking,2427,2,0
103030.09,Money Transfer,Debit Card,585,6,1
40178.75,Bill Payment,Debit Card,2494,6,0
27547.37,Bill Payment,Net Banking,2058,4,0
64221.99,Money Transfer,UPI,357,4,1
46979.26,Online Purchase,Credit Card,315,3,0
24850.46,Online Purchase,Credit Card,1171,8,0
121271.2,Online Purchase,Net Banking,2084,2,0
77300.22,Online Purchase,Net Banking,57,9,1
124726.47,Online Purchase,Net Banking,2189,5,1
110873.57,Online Purchase,Net Banking,691,10,0
114580.2,Money Transfer,Debit Card,308,5,0
77101.3,Online Purchase,Net Banking,2030,6,1
145462.29,Bill Payment,Debit Card,2209,1,1
72520.39,Bill Payment,Debit Card,10,10,1
32697.73,Bill Payment,Credit Card,1897,9,0
8718.76,Online Purchase,Net Banking,1346,4,0
872.65,Money Transfer,Net Banking,1453,0,1
73857.71,Online Purchase,Debit Card,1683,1,0
1135.88,Bill Payment,Debit Card,1928,6,0
54737.91,Money Transfer,UPI,446,7,0
65959.57,Money Transfer,UPI,1778,0,0
130590.06,Money Transfer,Credit Card,777,4,1
59242.45,Bill Payment,Credit Card,657,10,1
71946.32,Bill Payment,Credit Card,1725,7,0
119993.03,Money Transfer,UPI,1638,8,1
111309.79,Cash Withdrawal,Debit Card,450,1,0
19005.92,Bill Payment,Credit Card,969,0,0
51386.94,Online Purchase,Net Banking,1967,4,1
12483.97,Cash Withdrawal,Debit Card,625,8,1
42242.71,Online Purchase,UPI,1014,10,0
29842.03,Online Purchase,Debit Card,773,9,0
22394.04,Online Purchase,Debit Card,1644,0,0
28907.39,Money Transfer,Net Banking,73,9,1
129666.08,Cash Withdrawal,Net Banking,2151,4,0
147020.64,Money Transfer,UPI,1746,7,1
64118.22,Online Purchase,UPI,451,4,1
141455.51,Cash Withdrawal,Debit Card,1311,0,1
180.34,Bill Payment,Debit Card,1169,7,0
91017.62,Cash Withdrawal,Debit Card,1034,7,1
45723.07,Online Purchase,Credit Card,2261,2,0
111219.69,Bill Payment,UPI,976,10,1
87690.65,Online Purchase,Credit Card,535,10,0
18141.12,Money Transfer,Debit Card,1826,1,1
82032.2,Bill Payment,UPI,1943,3,0
23135.49,Money Transfer,Debit Card,1713,8,0
133748.84,Bill Payment,UPI,1837,10,1
136636.29,Online Purchase,Net Banking,1717,8,0
75630.03,Online Purchase,Debit Card,2455,4,0
19427.24,Online Purchase,Credit Card,780,6,0
79917.23,Online Purchase,Debit Card,1794,8,1
116927.89,Cash Withdrawal,UPI,848,2,1
85827.51,Online Purchase,Net Banking,2064,8,1
127886.01,Bill Payment,UPI,2262,1,1
6937.31,Money Transfer,UPI,161,10,1
132552.01,Money Transfer,UPI,212,10,0
148431.49,Money Transfer,Credit Card,6,10,1
90813.41,Bill Payment,UPI,341,8,1
20128.38,Bill Payment,UPI,235,10,0
123607.37,Money Transfer,UPI,724,4,0
80654.57,Online Purchase,Net Banking,1055,10,0
82676.58,Cash Withdrawal,Debit Card,1329,4,1
94507.12,Cash Withdrawal,Debit Card,1828,3,0
65142.14,Money Transfer,Net Banking,384,7,1
27835.7,Money Transfer,Debit Card,2334,7,0
27142.96,Bill Payment,Credit Card,1271,2,0
122643.13,Money Transfer,Credit Card,588,1,1
68308.12,Cash Withdrawal,Credit Card,2158,2,0
121218.11,Online Purchase,Net Banking,1573,0,1
2131.45,Online Purchase,Debit Card,1018,1,0
140795.9,Online Purchase,Credit Card,436,8,1
50824.65,Online Purchase,Debit Card,571,7,0
133869.3,Money Transfer,UPI,1359,7,1
8475.74,Bill Payment,Credit Card,87,0,0
44581.1,Cash Withdrawal,Debit Card,5,3,1
64127.6,Money Transfer,UPI,1175,3,0
102694.18,Online Purchase,Net Banking,695,1,1
143474.33,Bill Payment,UPI,313,9,1
54137.98,Online Purchase,Credit Card,2477,2,1
79619.05,Money Transfer,Net Banking,616,10,0
93751.26,Bill Payment,UPI,426,4,0
99293.58,Bill Payment,Credit Card,9,2,0
22073.7,Money Transfer,Net Banking,1830,7,0
17063.29,Cash Withdrawal,UPI,593,1,0
19217.61,Cash Withdrawal,UPI,1308,7,0
104043.78,Cash Withdrawal,UPI,567,10,0
57539.46,Cash Withdrawal,Net Banking,2182,8,0
57755.63,Cash Withdrawal,Debit Card,358,3,0
30571.62,Online Purchase,UPI,2288,7,0
138143.52,Online Purchase,UPI,1479,2,1
21706.62,Cash Withdrawal,Debit Card,864,3,0
20756.42,Money Transfer,Net Banking,108,6,0
105240.12,Online Purchase,Net Banking,2433,2,1
54850.11,Online Purchase,Debit Card,316,0,0
122075.32,Money Transfer,Debit Card,1925,2,0
104814.73,Bill Payment,Net Banking,1686,5,1
96762.59,Online Purchase,UPI,456,2,1
96403.9,Money Transfer,Debit Card,45,6,0
102017.54,Cash Withdrawal,UPI,2344,8,1
34174.5,Money Transfer,UPI,377,8,1
142665.85,Money Transfer,Net Banking,230,3,1
123393.49,Online Purchase,Net Banking,1956,5,0
60824.47,Cash Withdrawal,Debit Card,224,5,0
29290.12,Online Purchase,Credit Card,319,5,0
127006.73,Online Purchase,Debit Card,1156,2,0
9891.34,Online Purchase,UPI,769,8,1
139387.37,Money Transfer,UPI,349,9,1
84604.52,Cash Withdrawal,Credit Card,197,5,1
46359.87,Bill Payment,UPI,1631,8,1
112801.16,Bill Payment,Debit Card,399,5,1
111243.56,Online Purchase,Debit Card,98,9,0
71595.26,Online Purchase,UPI,661,2,0
11905.05,Online Purchase,Debit Card,884,10,0
115346.97,Money Transfer,UPI,1833,2,1
54111.42,Cash Withdrawal,Credit Card,1588,3,1
91597.05,Online Purchase,Debit Card,2323,10,0
14701.17,Online Purchase,Debit Card,1268,8,0
119627.72,Online Purchase,Net Banking,386,7,1
140114.99,Money Transfer,Credit Card,1148,9,1
13475.46,Money Transfer,Net Banking,1057,7,0
114495.64,Cash Withdrawal,Debit Card,508,9,1
54584.47,Bill Payment,Net Banking,1676,9,0
19434.74,Bill Payment,UPI,1531,1,0
75940.77,Bill Payment,Credit Card,234,3,0
84163.98,Money Transfer,Credit Card,1191,6,1
59952.14,Online Purchase,Debit Card,1591,7,0
52405.8,Cash Withdrawal,Net Banking,447,1,1
16341.41,Cash Withdrawal,Net Banking,818,6,0
47661.0,Cash Withdrawal,Debit Card,1951,1,0
5838.52,Money Transfer,Net Banking,597,10,1
85274.17,Cash Withdrawal,Credit Card,1481,6,0
32091.78,Money Transfer,Credit Card,1733,4,1
26498.23,Money Transfer,Credit Card,1122,6,1
131079.01,Cash Withdrawal,Net Banking,2150,3,0
38991.14,Online Purchase,Credit Card,1756,5,0
44606.06,Money Transfer,UPI,1717,7,0
103355.69,Money Transfer,Net Banking,1453,9,1
1588.73,Money Transfer,Credit Card,2370,9,1
99643.03,Bill Payment,Credit Card,617,7,0
74966.91,Bill Payment,Credit Card,1665,4,0
651.17,Cash Withdrawal,Debit Card,1841,10,0
14707.16,Money Transfer,Debit Card,1722,8,0
90181.41,Money Transfer,UPI,860,3,0
86567.78,Online Purchase,UPI,1491,0,0
46114.12,Online Purchase,Net Banking,1868,6,0
52896.46,Cash Withdrawal,UPI,465,2,0
56030.91,Money Transfer,Net Banking,1563,4,0
103313.74,Cash Withdrawal,UPI,407,1,0
15661.42,Online Purchase,Net Banking,425,7,0
93611.47,Online Purchase,Net Banking,2062,9,0
100189.75,Cash Withdrawal,Debit Card,913,7,1
17263.72,Cash Withdrawal,Credit Card,1437,7,0
123080.65,Cash Withdrawal,Credit Card,1535,3,0
40214.61,Bill Payment,UPI,1699,10,1
135038.07,Cash Withdrawal,Credit Card,64,0,1
56223.42,Bill Payment,UPI,699,9,0
36350.48,Cash Withdrawal,Debit Card,1612,0,0
86720.26,Money Transfer,Net Banking,712,6,0
77639.83,Cash Withdrawal,Debit Card,408,2,0
94753.02,Cash Withdrawal,UPI,2265,2,0
30644.01,Online Purchase,Credit Card,1792,0,0
89033.9,Online Purchase,Credit Card,2343,6,1
110151.96,Cash Withdrawal,UPI,765,3,0
33341.11,Money Transfer,Debit Card,1549,4,0
41317.23,Money Transfer,Credit Card,2374,1,1
139087.13,Online Purchase,Credit Card,581,4,1
27176.09,Online Purchase,Net Banking,1481,3,0
73706.44,Online Purchase,Net Banking,302,7,0
11539.27,Cash Withdrawal,Net Banking,1285,10,0
121301.5,Money Transfer,UPI,42,2,0
94718.89,Online Purchase,Credit Card,1405,5,0
92139.35,Online Purchase,Debit Card,2138,4,0
29007.5,Online Purchase,Credit Card,2122,8,0
32524.35,Bill Payment,Credit Card,889,0,0
33042.19,Money Transfer,UPI,1121,7,1
13886.28,Bill Payment,Net Banking,2031,6,0
60051.33,Money Transfer,UPI,709,3,0
133108.5,Bill Payment,Net Banking,422,9,0
88178.08,Money Transfer,Debit Card,1999,6,0
63618.22,Bill Payment,UPI,441,9,1
30038.14,Bill Payment,UPI,264,7,1
5160.63,Bill Payment,Net Banking,1203,9,0
96800.19,Bill Payment,Net Banking,123,1,1
48469.91,Money Transfer,UPI,1005,1,0
55811.88,Money Transfer,UPI,501,0,0
1734.06,Bill Payment,Debit Card,1907,9,0
134821.72,Online Purchase,Net Banking,1162,9,1
32697.77,Bill Payment,Credit Card,2351,10,1
113454.56,Bill Payment,UPI,812,3,1
74140.75,Online Purchase,UPI,1726,1,1
25753.85,Bill Payment,Net Banking,969,9,1
2773.66,Online Purchase,Net Banking,1165,2,0
60481.34,Online Purchase,UPI,67,1,0
124494.55,Cash Withdrawal,UPI,1126,5,0
60111.62,Bill Payment,Net Banking,193,6,1
147596.63,Cash Withdrawal,Credit Card,1532,9,1
33679.75,Online Purchase,Debit Card,431,5,0
108665.58,Money Transfer,Debit Card,361,3,0
121861.07,Online Purchase,Credit Card,1064,0,1
142077.01,Online Purchase,UPI,1349,9,0
56995.51,Money Transfer,Debit Card,2390,7,1
47967.97,Money Transfer,Net Banking,1831,10,1
79185.58,Cash Withdrawal,Net Banking,1150,5,0
72457.68,Online Purchase,UPI,1214,1,0
125347.76,Money Transfer,Debit Card,320,1,0
9134.01,Online Purchase,Debit Card,1918,6,1
15769.75,Money Transfer,UPI,1278,7,0
127186.27,Online Purchase,Debit Card,897,5,1
67919.54,Money Transfer,Net Banking,770,1,1
24713.03,Bill Payment,Credit Card,604,7,0
111779.4,Money Transfer,Credit Card,1888,2,1
71488.44,Cash Withdrawal,UPI,1088,1,0
12701.61,Cash Withdrawal,Debit Card,617,6,0
76238.23,Online Purchase,Net Banking,1117,5,1
97328.4,Cash Withdrawal,Debit Card,1205,3,0
89147.97,Cash Withdrawal,Net Banking,448,10,1
37416.74,Online Purchase,Debit Card,472,0,0
86327.05,Money Transfer,Credit Card,2180,1,1
132401.78,Cash Withdrawal,Net Banking,1610,1,1
123627.89,Bill Payment,Net Banking,843,2,0
52210.2,Bill Payment,UPI,13,1,1
136176.59,Cash Withdrawal,UPI,978,2,1
10511.25,Money Transfer,UPI,1865,2,0
99938.1,Cash Withdrawal,UPI,86,2,0
132200.5,Money Transfer,Credit Card,2434,5,0
87515.51,Cash Withdrawal,Debit Card,1936,1,1
2706.88,Bill Payment,Debit Card,2152,8,1
22072.79,Online Purchase,Credit Card,1248,5,0
110248.77,Bill Payment,Net Banking,1039,5,1
124179.65,Bill Payment,UPI,2122,10,0
135334.81,Cash Withdrawal,Credit Card,1106,10,1
96006.07,Money Transfer,Net Banking,903,10,0
53643.44,Online Purchase,Debit Card,2366,6,1
111680.33,Money Transfer,Net Banking,443,4,0
101852.35,Cash Withdrawal,Debit Card,1087,10,1
49746.23,Cash Withdrawal,UPI,1267,3,0
78059.65,Bill Payment,Credit Card,1776,7,0
118899.58,Bill Payment,UPI,452,0,0
102860.45,Cash Withdrawal,Debit Card,2143,4,1
99681.62,Bill Payment,Net Banking,1181,1,0
2437.3,Online Purchase,Debit Card,1160,9,1
73306.13,Online Purchase,Net Banking,1443,10,0
7580.32,Money Transfer,UPI,1161,8,0
115355.92,Money Transfer,Credit Card,1109,2,0
29589.44,Online Purchase,UPI,897,0,0
53259.37,Cash Withdrawal,Net Banking,1635,1,0
138037.1,Bill Payment,Debit Card,2310,6,0
48439.74,Money Transfer,Debit Card,1025,2,0
30008.52,Bill Payment,Credit Card,1218,9,0
69227.04,Money Transfer,Net Banking,1790,1,1
66341.01,Bill Payment,UPI,1919,5,1
63133.8,Cash Withdrawal,Net Banking,114,8,1
115038.78,Online Purchase,Debit Card,1239,3,0
56029.36,Bill Payment,Credit Card,1609,2,0
992.33,Cash Withdrawal,Credit Card,347,0,0
147927.41,Online Purchase,UPI,2435,1,0
84859.97,Bill Payment,Credit Card,498,9,0
110930.58,Online Purchase,Debit Card,2115,2,0
145095.04,Money Transfer,Debit Card,634,4,1
107899.39,Online Purchase,Net Banking,823,1,1
23038.01,Online Purchase,Credit Card,1013,3,0
3795.99,Cash Withdrawal,Net Banking,228,1,0
72609.56,Money Transfer,Debit Card,2240,4,0
102229.94,Online Purchase,Net Banking,600,10,1
21338.76,Money Transfer,Debit Card,2096,8,1
72121.92,Bill Payment,Credit Card,2412,7,1
41349.68,Cash Withdrawal,Credit Card,1901,6,0
22310.16,Bill Payment,Net Banking,493,9,0
87122.66,Online Purchase,Net Banking,175,5,0
70239.28,Cash Withdrawal,UPI,38,2,0
128390.35,Money Transfer,UPI,2151,6,1
26257.08,Money Transfer,UPI,2307,5,0
128813.72,Money Transfer,UPI,1241,6,1
125914.89,Cash Withdrawal,Net Banking,1933,9,1
86448.24,Bill Payment,Debit Card,1328,9,0
52279.47,Cash Withdrawal,Credit Card,185,0,0
23961.03,Online Purchase,Credit Card,2046,10,0
114010.4,Money Transfer,Credit Card,713,6,1
63066.42,Online Purchase,Credit Card,1026,1,1
112515.25,Cash Withdrawal,UPI,2485,10,0
138540.27,Bill Payment,Credit Card,1842,6,1
95645.63,Money Transfer,Debit Card,1035,7,1
42984.79,Money Transfer,Debit Card,1778,8,0
28925.14,Online Purchase,Credit Card,834,0,0
134004.32,Bill Payment,Net Banking,2328,8,0
51172.63,Cash Withdrawal,Debit Card,850,9,0
75177.46,Bill Payment,Debit Card,276,7,1
56480.12,Online Purchase,Credit Card,521,8,1
17777.33,Money Transfer,Credit Card,2464,8,1
33680.78,Bill Payment,UPI,1600,5,1
130733.85,Bill Payment,Credit Card,2189,9,1
77712.19,Bill Payment,Net Banking,233,8,0
16720.08,Cash Withdrawal,UPI,123,0,0
39206.08,Bill Payment,Credit Card,571,3,0
110107.51,Online Purchase,Debit Card,2022,1,0
84622.04,Online Purchase,UPI,290,6,0
91903.65,Online Purchase,Net Banking,531,4,0
15698.78,Cash Withdrawal,Debit Card,1435,6,0
117253.12,Money Transfer,Credit Card,227,0,0
121723.34,Cash Withdrawal,Credit Card,2264,7,1
114875.66,Money Transfer,Net Banking,1749,8,1
65749.13,Bill Payment,UPI,794,5,0
8782.58,Money Transfer,Credit Card,2411,0,0
112146.61,Online Purchase,Credit Card,1024,0,1
19094.71,Money Transfer,UPI,180,5,0
98315.82,Money Transfer,UPI,532,9,1
98671.66,Online Purchase,Credit Card,1025,8,1
105817.75,Bill Payment,Debit Card,1817,4,0
117053.24,Bill Payment,Debit Card,2158,4,1
81258.73,Online Purchase,Credit Card,1420,6,0
93318.58,Bill Payment,Credit Card,834,2,0
78197.14,Bill Payment,Debit Card,503,5,0
118212.21,Online Purchase,Debit Card,1804,10,1
142961.44,Online Purchase,Net Banking,139,4,1
57688.08,Online Purchase,Credit Card,1144,9,1
2925.39,Cash Withdrawal,Net Banking,1819,0,0
56961.11,Cash Withdrawal,Credit Card,1250,0,0
52235.9,Online Purchase,UPI,1076,9,1
4199.04,Cash Withdrawal,Net Banking,234,1,0
142875.79,Bill Payment,Net Banking,1737,9,1
115374.95,Bill Payment,Debit Card,1562,7,0
138706.7,Money Transfer,Credit Card,1150,10,0
12921.98,Money Transfer,UPI,1383,9,1
92370.53,Bill Payment,UPI,1027,10,0
91239.08,Online Purchase,UPI,2329,10,1
39751.18,Money Transfer,Net Banking,1896,0,0
70019.28,Bill Payment,Net Banking,2280,3,0
86977.59,Online Purchase,UPI,2500,8,1
9700.12,Money Transfer,UPI,1132,4,0
19170.65,Money Transfer,Debit Card,204,3,0
5871.42,Cash Withdrawal,UPI,172,8,0
9215.85,Bill Payment,UPI,67,10,0
127426.16,Online Purchase,Debit Card,1433,1,1
66627.52,Online Purchase,Debit Card,836,5,0
124387.76,Cash Withdrawal,Credit Card,1747,4,1
49048.43,Bill Payment,UPI,1672,10,1
141377.68,Bill Payment,Credit Card,657,5,1
139553.25,Online Purchase,Credit Card,2495,3,0
76668.34,Bill Payment,Debit Card,1552,9,1
108966.34,Cash Withdrawal,Credit Card,317,3,0
149672.16,Cash Withdrawal,Credit Card,2162,0,0
98913.74,Cash Withdrawal,UPI,1103,3,0
44030.49,Money Transfer,UPI,996,5,1
47290.97,Online Purchase,Debit Card,1823,6,0
52862.49,Online Purchase,UPI,1984,9,1
117966.99,Money Transfer,Debit Card,2203,3,0
61201.85,Money Transfer,UPI,1176,5,1
12317.74,Cash Withdrawal,Debit Card,2360,7,0
115919.48,Money Transfer,Net Banking,64,2,1
39580.08,Cash Withdrawal,Credit Card,518,0,0
3687.33,Money Transfer,Credit Card,543,8,0
137801.59,Cash Withdrawal,UPI,523,6,0
36291.09,Bill Payment,Credit Card,1380,5,0
92532.78,Online Purchase,Credit Card,1454,7,0
94661.72,Cash Withdrawal,UPI,1955,2,0
108583.75,Online Purchase,Debit Card,32,9,1
101118.67,Cash Withdrawal,Net Banking,1313,7,1
108407.72,Bill Payment,Credit Card,952,4,1
7338.36,Cash Withdrawal,UPI,1323,6,0
26844.53,Money Transfer,Credit Card,863,6,0
86313.16,Bill Payment,Credit Card,1423,4,1
43247.69,Cash Withdrawal,Net Banking,917,2,0
137662.19,Online Purchase,Debit Card,1142,2,1
82869.3,Money Transfer,Credit Card,2452,0,0
81020.48,Money Transfer,Credit Card,2001,0,0
42347.44,Cash Withdrawal,Net Banking,2134,2,0
44311.74,Online Purchase,Credit Card,1821,6,0
13120.89,Money Transfer,UPI,478,5,0
111667.2,Money Transfer,Credit Card,1340,2,1
41488.59,Online Purchase,UPI,158,6,1
105795.04,Bill Payment,Debit Card,2287,10,0
93949.51,Online Purchase,Debit Card,561,9,1
141480.04,Money Transfer,UPI,1926,2,1
28147.02,Cash Withdrawal,UPI,540,3,0
13397.89,Money Transfer,Credit Card,1779,1,0
91721.46,Money Transfer,Credit Card,1713,4,0
94690.85,Money Transfer,UPI,1984,8,1
27091.64,Bill Payment,Debit Card,1197,10,0
119532.25,Cash Withdrawal,UPI,2226,7,1
32917.69,Bill Payment,Net Banking,1832,5,0
63787.31,Money Transfer,Net Banking,1307,10,1
104575.59,Money Transfer,Net Banking,2004,9,1
35305.52,Bill Payment,UPI,2079,3,0
117445.9,Online Purchase,UPI,1072,10,1
58767.62,Cash Withdrawal,Net Banking,1633,4,0
40320.75,Money Transfer,UPI,187,4,0
33274.38,Money Transfer,Debit Card,452,9,0
19469.38,Online Purchase,Credit Card,1554,1,0
50059.88,Bill Payment,Credit Card,202,8,1
80367.35,Money Transfer,Net Banking,940,4,0
136607.0,Bill Payment,Net Banking,884,8,1
141008.07,Online Purchase,Credit Card,2157,1,0
118722.38,Online Purchase,Debit Card,1160,4,1
94770.17,Money Transfer,Credit Card,1116,1,0
56740.72,Cash Withdrawal,Debit Card,1106,1,1
75726.0,Cash Withdrawal,Credit Card,61,8,1
22861.95,Cash Withdrawal,Debit Card,2481,4,0
63830.39,Online Purchase,UPI,1123,7,1
39714.07,Cash Withdrawal,Net Banking,1193,6,1
145036.26,Bill Payment,Net Banking,1165,8,1
57423.01,Cash Withdrawal,Net Banking,1527,8,0
67895.33,Online Purchase,Net Banking,951,7,1
84516.67,Bill Payment,UPI,589,10,0
14398.82,Money Transfer,Debit Card,2007,9,1
21285.45,Cash Withdrawal,Debit Card,242,7,0
46787.1,Bill Payment,Debit Card,150,5,0
89849.64,Online Purchase,UPI,857,8,0
81883.75,Bill Payment,Debit Card,1319,7,0
77213.22,Online Purchase,Credit Card,1744,1,0
113557.32,Money Transfer,Credit Card,681,3,1
145790.25,Online Purchase,Net Banking,2029,2,0
78735.91,Money Transfer,Net Banking,1636,0,1
65378.36,Bill Payment,UPI,2141,5,0
55807.61,Money Transfer,Debit Card,1189,8,0
120441.78,Bill Payment,UPI,1934,7,1
49593.56,Money Transfer,Debit Card,2148,7,1
62503.81,Money Transfer,Net Banking,275,0,0
28232.4,Online Purchase,Net Banking,1356,1,0
70357.25,Money Transfer,Credit Card,1436,10,1
33981.82,Online Purchase,Debit Card,1125,4,0
130227.16,Bill Payment,UPI,1652,4,1
96275.74,Money Transfer,Credit Card,2428,2,1
32544.58,Money Transfer,UPI,2309,1,0
78395.44,Cash Withdrawal,UPI,2358,9,0
145002.17,Cash Withdrawal,Debit Card,689,0,0
148364.18,Online Purchase,Debit Card,588,2,0
137.01,Online Purchase,Credit Card,562,8,0
63868.32,Cash Withdrawal,UPI,1240,8,0
36191.86,Cash Withdrawal,Net Banking,1580,7,0
125813.55,Bill Payment,Credit Card,2480,3,0
141828.94,Bill Payment,Debit Card,1791,8,1
104295.45,Bill Payment,Credit Card,2286,6,1
26784.06,Bill Payment,Net Banking,1418,6,1
84013.12,Money Transfer,Net Banking,1533,2,0
149316.22,Money Transfer,Net Banking,1479,8,1
87969.64,Bill Payment,Credit Card,1511,4,0
2047.88,Bill Payment,Credit Card,1127,10,0
6683.22,Bill Payment,UPI,235,9,0
129491.48,Cash Withdrawal,Net Banking,2009,2,0
131253.03,Online Purchase,Credit Card,1514,0,0
107025.24,Money Transfer,Debit Card,340,6,0
18002.07,Cash Withdrawal,Credit Card,1288,1,0
41693.98,Money Transfer,Credit Card,1363,10,0
47540.39,Money Transfer,UPI,2115,0,0
60535.65,Online Purchase,Credit Card,791,8,1
40068.73,Money Transfer,Net Banking,183,4,0
103338.63,Cash Withdrawal,Debit Card,14,4,1
52667.65,Bill Payment,Net Banking,2328,1,0
69504.51,Online Purchase,Credit Card,748,1,1
88713.16,Online Purchase,Debit Card,43,3,0
69106.33,Money Transfer,UPI,783,2,0
56958.64,Bill Payment,Debit Card,1143,2,0
62156.02,Money Transfer,UPI,817,2,0
38977.18,Cash Withdrawal,UPI,379,7,0
54605.62,Cash Withdrawal,Debit Card,151,9,1
80738.52,Money Transfer,Net Banking,1421,10,0
119461.08,Money Transfer,UPI,2064,8,1
119164.82,Online Purchase,Debit Card,1058,3,0
4814.06,Online Purchase,Debit Card,1947,2,0
48516.34,Cash Withdrawal,Credit Card,1321,1,0
130412.43,Online Purchase,Debit Card,1727,7,1
97217.41,Online Purchase,Debit Card,1467,4,1
82062.04,Online Purchase,Net Banking,1870,9,1
65301.77,Cash Withdrawal,Net Banking,998,4,0
90181.19,Cash Withdrawal,Net Banking,1230,0,0
131627.16,Online Purchase,Net Banking,1745,4,0
60172.44,Online Purchase,Debit Card,2098,2,0
133000.63,Money Transfer,Debit Card,533,10,1
143991.0,Online Purchase,UPI,580,5,1
24884.78,Online Purchase,Debit Card,821,2,0
12148.25,Money Transfer,Debit Card,1789,1,0
23205.28,Bill Payment,Credit Card,1956,2,0
70673.02,Cash Withdrawal,Debit Card,1935,10,1
69576.25,Money Transfer,Credit Card,1588,2,1
140295.83,Cash Withdrawal,UPI,1160,10,1
63746.41,Cash Withdrawal,Credit Card,1421,7,0
145536.83,Online Purchase,Debit Card,2493,2,0
55432.97,Bill Payment,Credit Card,2455,6,0
96872.03,Money Transfer,Net Banking,770,0,1
65366.55,Bill Payment,Net Banking,737,6,1
46732.7,Cash Withdrawal,Credit Card,1070,6,1
59792.6,Online Purchase,Net Banking,339,5,0
15300.62,Cash Withdrawal,Credit Card,659,5,1
76094.87,Cash Withdrawal,Credit Card,1992,10,0
60315.34,Online Purchase,UPI,1741,4,0
17482.17,Cash Withdrawal,UPI,1940,5,0
145768.36,Online Purchase,Debit Card,1737,8,1
130560.11,Online Purchase,Debit Card,29,5,0
106163.95,Bill Payment,Debit Card,2110,9,1
68302.91,Online Purchase,Net Banking,1154,0,1
73494.25,Bill Payment,Credit Card,2455,10,1
63912.81,Bill Payment,Credit Card,2224,4,1
53597.12,Online Purchase,Net Banking,1330,4,0
89407.26,Bill Payment,Credit Card,2177,6,1
12698.62,Online Purchase,Debit Card,593,10,0
133918.23,Bill Payment,Net Banking,1000,8,1
6192.08,Bill Payment,UPI,157,2,0
108599.15,Online Purchase,Net Banking,2100,1,1
95547.49,Bill Payment,Net Banking,1642,0,1
112040.38,Online Purchase,Net Banking,477,3,0
149238.27,Money Transfer,Credit Card,1533,9,1
114131.78,Cash Withdrawal,UPI,761,4,1
6956.75,Cash Withdrawal,Debit Card,1168,4,1
31149.74,Cash Withdrawal,Debit Card,1126,4,0
118559.71,Bill Payment,Credit Card,907,3,1
48758.86,Online Purchase,UPI,2496,7,0
95252.42,Bill Payment,Net Banking,1949,8,1
51155.34,Bill Payment,Net Banking,622,7,0
74896.3,Money Transfer,Net Banking,1048,6,1
127858.52,Online Purchase,Net Banking,2300,5,1
112226.83,Bill Payment,UPI,1196,5,1
70160.28,Money Transfer,Debit Card,1441,9,1
149374.29,Online Purchase,UPI,2280,7,0
56355.12,Money Transfer,Net Banking,2487,1,1
32823.98,Online Purchase,UPI,732,2,0
147658.97,Cash Withdrawal,Net Banking,1442,3,1
89927.36,Bill Payment,UPI,433,10,0
144039.89,Bill Payment,Net Banking,923,6,1
69640.7,Cash Withdrawal,Debit Card,728,6,1
79946.59,Bill Payment,Net Banking,706,10,0
57564.68,Cash Withdrawal,Net Banking,1681,3,0
92869.51,Money Transfer,Credit Card,2456,9,0
141828.8,Bill Payment,Debit Card,682,9,1
102686.02,Bill Payment,Credit Card,2464,10,1
76749.18,Money Transfer,Debit Card,1876,5,0
35973.37,Cash Withdrawal,Debit Card,1322,2,0
134177.4,Money Transfer,Net Banking,1881,3,0
66603.61,Money Transfer,Debit Card,1890,8,1
120572.68,Bill Payment,Debit Card,1003,7,0
10569.36,Online Purchase,Net Banking,2129,7,0
10647.81,Cash Withdrawal,UPI,2201,1,0
91085.84,Online Purchase,Net Banking,1970,0,0
59819.67,Online Purchase,UPI,1637,8,0
66062.87,Online Purchase,Credit Card,598,4,0
87013.82,Online Purchase,Debit Card,1502,6,0
21378.32,Money Transfer,Net Banking,861,4,1
96341.13,Online Purchase,Net Banking,2014,3,0
51432.19,Cash Withdrawal,UPI,1845,4,0
89204.78,Money Transfer,Debit Card,2138,4,1
132037.57,Bill Payment,UPI,1257,2,0
45780.73,Cash Withdrawal,UPI,633,2,0
43920.7,Cash Withdrawal,UPI,934,0,0
87526.23,Money Transfer,Credit Card,1063,5,0
111844.04,Cash Withdrawal,Net Banking,698,5,0
88111.6,Bill Payment,UPI,1549,7,0
130630.26,Cash Withdrawal,Debit Card,1983,6,1
142047.54,Bill Payment,Debit Card,1267,3,1
41819.5,Online Purchase,Debit Card,1461,7,0
136914.11,Online Purchase,Debit Card,830,5,0
59833.83,Online Purchase,UPI,2079,1,0
144252.26,Online Purchase,Credit Card,1830,9,1
36779.37,Money Transfer,Debit Card,936,7,1
146908.69,Bill Payment,UPI,375,3,0
137628.28,Money Transfer,UPI,250,3,1
87893.04,Cash Withdrawal,Net Banking,403,8,0
7757.31,Online Purchase,Debit Card,1960,1,0
71457.77,Online Purchase,Debit Card,2451,7,1
1539.41,Cash Withdrawal,Credit Card,1814,10,1
120884.3,Cash Withdrawal,Credit Card,1032,6,1
73941.51,Money Transfer,UPI,2078,7,0
142720.21,Bill Payment,UPI,2180,3,1
101708.6,Bill Payment,Net Banking,457,2,0
47949.21,Cash Withdrawal,Net Banking,669,2,0
64859.04,Bill Payment,Credit Card,1816,5,0
80834.66,Money Transfer,Debit Card,446,3,1
75316.77,Bill Payment,Net Banking,422,10,1
91468.05,Money Transfer,UPI,641,3,0
117893.09,Money Transfer,Debit Card,1334,8,0
98058.25,Cash Withdrawal,UPI,937,4,0
128450.01,Bill Payment,UPI,594,4,1
53154.64,Bill Payment,Net Banking,1262,6,0
114428.02,Online Purchase,Net Banking,227,6,1
120825.08,Cash Withdrawal,UPI,80,3,1
107529.24,Bill Payment,UPI,97,5,1
57422.71,Money Transfer,Debit Card,2061,7,0
16114.5,Money Transfer,Debit Card,1334,7,0
88981.75,Online Purchase,Net Banking,1995,3,0
91045.06,Cash Withdrawal,Credit Card,416,0,0
41479.33,Bill Payment,Net Banking,1165,1,0
132139.38,Online Purchase,UPI,1695,2,0
88512.27,Money Transfer,Credit Card,1796,3,1
82033.11,Bill Payment,UPI,90,2,0
10293.79,Bill Payment,UPI,1827,3,0
70302.13,Cash Withdrawal,UPI,1365,3,0
105638.64,Bill Payment,Credit Card,575,1,0
64156.91,Cash Withdrawal,Credit Card,2165,0,0
76888.02,Online Purchase,Net Banking,132,8,0
49127.79,Cash Withdrawal,UPI,2355,5,0
110191.63,Online Purchase,Credit Card,2179,2,0
126960.27,Online Purchase,Net Banking,2499,10,0
112810.91,Cash Withdrawal,UPI,1908,7,0
149153.02,Money Transfer,UPI,300,2,0
51037.48,Cash Withdrawal,Credit Card,1645,9,1
93591.09,Cash Withdrawal,Credit Card,35,3,0
22659.19,Money Transfer,UPI,2181,7,0
30129.7,Bill Payment,Debit Card,774,2,0
27319.85,Online Purchase,Credit Card,522,8,1
10483.11,Bill Payment,Debit Card,856,3,0
63700.12,Bill Payment,Debit Card,890,5,1
131657.88,Cash Withdrawal,Credit Card,1537,0,1
111616.96,Money Transfer,Net Banking,202,7,1
29875.8,Cash Withdrawal,Credit Card,381,2,0
86787.7,Online Purchase,Debit Card,859,1,0
111122.24,Bill Payment,UPI,1701,3,1
13709.57,Bill Payment,Net Banking,1046,8,1
68597.37,Online Purchase,Net Banking,1721,6,0
15099.9,Bill Payment,UPI,268,6,0
97835.08,Money Transfer,Credit Card,1597,7,1
144638.75,Bill Payment,Credit Card,577,3,1
1490.16,Money Transfer,Debit Card,1925,0,1
120376.8,Bill Payment,UPI,1700,2,1
26278.16,Money Transfer,Debit Card,1496,1,0
4594.02,Money Transfer,UPI,1654,10,1
126229.61,Bill Payment,Credit Card,106,5,1
70628.3,Money Transfer,Net Banking,191,8,1
89816.27,Money Transfer,Debit Card,411,0,0
33482.68,Cash Withdrawal,Credit Card,461,7,0
62320.02,Cash Withdrawal,Debit Card,2471,10,1
71488.9,Bill Payment,Debit Card,1323,10,1
143540.11,Online Purchase,Net Banking,2019,9,1
32974.74,Money Transfer,Debit Card,924,10,1
14308.9,Cash Withdrawal,UPI,432,3,0
27775.55,Bill Payment,UPI,1893,10,0
77583.96,Bill Payment,Debit Card,1344,6,1
21868.63,Online Purchase,Net Banking,197,3,0
2246.83,Online Purchase,Debit Card,664,6,0
85855.8,Cash Withdrawal,UPI,770,10,0
145619.89,Cash Withdrawal,Net Banking,880,7,1
81927.33,Online Purchase,UPI,2108,5,1
133889.77,Bill Payment,UPI,1997,8,1
14565.86,Bill Payment,UPI,259,5,0
3909.56,Money Transfer,Credit Card,931,7,0
18129.63,Bill Payment,Debit Card,1424,4,0
83039.45,Online Purchase,Debit Card,1629,8,1
126017.92,Money Transfer,Credit Card,814,5,1
117012.66,Online Purchase,UPI,2210,3,0
149576.51,Money Transfer,UPI,651,1,0
95272.61,Money Transfer,Debit Card,2216,9,1
30409.2,Online Purchase,Net Banking,1215,6,0
145804.13,Cash Withdrawal,Net Banking,1319,2,0
45068.98,Online Purchase,UPI,2277,10,1
138465.52,Online Purchase,Credit Card,1681,2,1
123383.94,Money Transfer,Net Banking,654,10,1
88753.32,Money Transfer,UPI,289,3,0
41505.06,Cash Withdrawal,Credit Card,2400,10,1
66562.87,Bill Payment,UPI,45,10,1
46742.97,Online Purchase,Net Banking,952,10,0
123353.83,Cash Withdrawal,Debit Card,289,5,0
142428.24,Online Purchase,Net Banking,1047,1,0
63944.0,Money Transfer,Net Banking,1193,3,0
13377.09,Bill Payment,Debit Card,2026,6,0
95745.18,Bill Payment,UPI,1031,10,1
63004.84,Bill Payment,UPI,341,0,1
120918.12,Money Transfer,Net Banking,907,9,1
39936.55,Cash Withdrawal,Net Banking,2485,8,0
100166.8,Online Purchase,Credit Card,2419,10,0
86386.27,Online Purchase,Debit Card,1478,9,0
135578.06,Cash Withdrawal,Net Banking,164,5,0
66092.74,Cash Withdrawal,Credit Card,1634,10,0
64826.42,Online Purchase,Debit Card,2323,2,1
141897.87,Online Purchase,UPI,1689,0,0
127429.57,Bill Payment,UPI,1410,5,0
37380.29,Cash Withdrawal,Credit Card,1330,7,0
95257.62,Money Transfer,Debit Card,2288,8,1
111131.65,Bill Payment,Debit Card,2048,1,1
92498.77,Money Transfer,UPI,1253,1,0
13655.83,Cash Withdrawal,UPI,2037,10,1
57466.19,Bill Payment,Net Banking,1437,5,0
134377.46,Money Transfer,Debit Card,1323,0,1
87318.84,Bill Payment,Debit Card,1631,9,0
29873.08,Online Purchase,Net Banking,1079,2,0
79970.88,Cash Withdrawal,Debit Card,1578,1,0
110468.72,Bill Payment,Credit Card,1327,3,1
6211.85,Money Transfer,UPI,108,7,1
104292.36,Money Transfer,Debit Card,926,7,1
32473.62,Online Purchase,UPI,999,0,0
72542.67,Cash Withdrawal,Net Banking,2279,8,0
28916.64,Money Transfer,Net Banking,2358,6,0
106041.21,Bill Payment,UPI,1767,5,1
138833.32,Money Transfer,UPI,2214,5,1
104010.54,Bill Payment,Debit Card,2205,9,1
147153.55,Cash Withdrawal,UPI,430,9,1
52316.58,Money Transfer,Net Banking,1103,9,0
69089.81,Cash Withdrawal,Net Banking,2421,6,1
149368.71,Online Purchase,Net Banking,2290,10,1
52205.7,Money Transfer,Credit Card,1452,1,0
41485.95,Bill Payment,Credit Card,2449,7,0
114678.34,Money Transfer,Net Banking,882,10,1
80805.52,Bill Payment,UPI,953,9,0
76242.44,Cash Withdrawal,Debit Card,2211,10,0
129423.84,Online Purchase,UPI,2407,1,0
10744.91,Online Purchase,Net Banking,661,3,0
90268.67,Money Transfer,Debit Card,121,10,0
109327.2,Bill Payment,Credit Card,386,6,1
142359.58,Cash Withdrawal,Net Banking,1562,7,1
51559.97,Online Purchase,UPI,1455,2,0
131871.77,Cash Withdrawal,Credit Card,756,4,1
34073.37,Online Purchase,UPI,1851,1,0
3158.07,Online Purchase,Credit Card,1529,1,0
144543.6,Online Purchase,Credit Card,1339,6,1
120025.72,Bill Payment,Credit Card,707,3,0
74780.38,Money Transfer,UPI,398,10,0
89997.77,Money Transfer,Net Banking,728,8,1
122867.42,Online Purchase,Credit Card,2202,1,0
46818.64,Bill Payment,Credit Card,1430,10,1
77821.48,Online Purchase,Net Banking,792,9,1
92017.42,Bill Payment,Net Banking,2245,6,0
141607.26,Online Purchase,UPI,1009,5,1
144062.02,Cash Withdrawal,Debit Card,1656,0,1
137499.91,Cash Withdrawal,Credit Card,2130,1,0
48150.9,Cash Withdrawal,Debit Card,1158,5,1
114552.04,Bill Payment,Net Banking,1656,6,1
73620.75,Cash Withdrawal,Credit Card,1317,8,1
58382.42,Cash Withdrawal,UPI,226,8,0
28293.03,Online Purchase,UPI,2407,9,0
96175.77,Online Purchase,Credit Card,194,4,1
52829.66,Online Purchase,Net Banking,2083,8,0
76360.96,Online Purchase,Debit Card,405,7,0
133864.18,Bill Payment,Credit Card,834,7,1
96099.13,Online Purchase,Credit Card,1563,3,0
17538.02,Bill Payment,Credit Card,985,10,0
124712.48,Money Transfer,Net Banking,936,5,0
60353.61,Money Transfer,Debit Card,2453,3,0
38801.98,Cash Withdrawal,UPI,840,10,0
40964.98,Online Purchase,Net Banking,1695,6,0
135171.26,Cash Withdrawal,UPI,2459,0,0
59380.72,Cash Withdrawal,Debit Card,914,1,0
17380.23,Cash Withdrawal,Credit Card,752,8,1
141531.12,Bill Payment,Net Banking,1167,8,1
128340.66,Bill Payment,Credit Card,490,6,0
132615.58,Online Purchase,Net Banking,823,2,0
5450.71,Cash Withdrawal,Credit Card,457,3,1
58270.77,Online Purchase,Credit Card,991,6,0
65772.47,Money Transfer,Net Banking,2446,0,0
75592.53,Money Transfer,Debit Card,1303,0,0
142293.55,Bill Payment,UPI,719,5,1
135244.27,Online Purchase,Net Banking,1557,2,0
75888.63,Money Transfer,Debit Card,797,5,0
65886.85,Cash Withdrawal,Credit Card,1007,9,1
83572.28,Money Transfer,UPI,233,1,0
61547.63,Online Purchase,Debit Card,1318,5,1
135237.79,Money Transfer,Credit Card,1562,0,0
122074.54,Online Purchase,Debit Card,145,9,1
3067.02,Cash Withdrawal,Net Banking,1157,10,0
67505.71,Money Transfer,Net Banking,1025,5,0
95540.97,Cash Withdrawal,Debit Card,1861,8,0
33653.59,Bill Payment,Debit Card,1592,4,0
55274.91,Online Purchase,Net Banking,1229,2,1
61614.68,Money Transfer,Net Banking,513,10,1
141287.98,Cash Withdrawal,Net Banking,1887,7,1
58327.58,Bill Payment,UPI,1336,10,1
108523.83,Money Transfer,Debit Card,889,3,0
142205.95,Bill Payment,Net Banking,2246,6,1
46104.16,Cash Withdrawal,Debit Card,1927,1,0
67902.74,Cash Withdrawal,Credit Card,817,3,0
133499.71,Cash Withdrawal,Net Banking,739,7,1
31047.35,Money Transfer,UPI,2308,2,0
86302.86,Money Transfer,Debit Card,1685,5,1
130217.71,Money Transfer,Net Banking,1296,9,0
91887.5,Online Purchase,Credit Card,268,1,1
138033.75,Online Purchase,UPI,369,5,0
53568.78,Money Transfer,Debit Card,1260,1,0
136395.92,Cash Withdrawal,Net Banking,1387,2,1
15314.77,Money Transfer,Debit Card,669,6,1
136543.7,Cash Withdrawal,Debit Card,2301,8,1
105009.41,Bill Payment,Debit Card,465,10,0
136386.81,Online Purchase,Credit Card,556,6,1
71584.32,Online Purchase,UPI,1807,9,1
67155.28,Online Purchase,Net Banking,2322,5,0
148173.51,Bill Payment,Credit Card,726,2,0
101638.24,Money Transfer,Credit Card,808,10,1
106740.09,Online Purchase,UPI,2470,7,1
133668.05,Cash Withdrawal,Debit Card,1496,4,1
42108.85,Online Purchase,Net Banking,1305,2,0
35896.71,Bill Payment,UPI,1839,6,0
40998.2,Cash Withdrawal,Credit Card,1364,8,1
130818.8,Online Purchase,Credit Card,1240,6,1
70571.13,Cash Withdrawal,Credit Card,1108,6,1
120491.59,Cash Withdrawal,Net Banking,1402,2,0
107895.65,Money Transfer,Net Banking,1154,4,1
67536.15,Online Purchase,UPI,2085,1,1
19366.02,Online Purchase,Debit Card,305,2,0
23185.52,Money Transfer,Credit Card,309,0,0
110501.88,Bill Payment,Credit Card,640,9,1
130715.27,Cash Withdrawal,UPI,434,9,1
105651.73,Money Transfer,Credit Card,761,1,0
13828.73,Cash Withdrawal,Debit Card,862,0,0
58096.45,Money Transfer,Net Banking,809,7,0
27991.13,Bill Payment,Credit Card,1813,2,0
12025.79,Money Transfer,UPI,590,8,0
28482.9,Online Purchase,Credit Card,771,2,0
113467.31,Money Transfer,Debit Card,1617,10,1
44578.25,Cash Withdrawal,UPI,894,6,0
51779.38,Money Transfer,Credit Card,1031,4,0
9791.54,Online Purchase,Net Banking,1410,0,0
122673.76,Online Purchase,Net Banking,50,10,1
88261.98,Bill Payment,Credit Card,2332,4,0
47927.69,Bill Payment,Net Banking,1518,7,0
73414.21,Money Transfer,Debit Card,2406,2,1
52998.96,Cash Withdrawal,Net Banking,1329,6,0
134873.53,Cash Withdrawal,Debit Card,582,6,1
3769.53,Money Transfer,UPI,1563,10,1
54919.94,Cash Withdrawal,Debit Card,619,9,0
32627.37,Online Purchase,Net Banking,1935,2,0
29743.7,Cash Withdrawal,Net Banking,649,4,0
128086.82,Bill Payment,Debit Card,779,7,1
74920.62,Cash Withdrawal,Debit Card,1997,10,1
144219.77,Online Purchase,UPI,1953,9,1
35349.35,Cash Withdrawal,Debit Card,1706,7,1
46270.35,Money Transfer,UPI,1273,10,0
91782.85,Money Transfer,UPI,1398,5,0
129628.22,Bill Payment,Net Banking,259,0,0
62608.39,Money Transfer,UPI,957,5,0
135285.81,Cash Withdrawal,UPI,2274,5,1
49726.0,Money Transfer,Debit Card,1319,10,0
136715.99,Money Transfer,Debit Card,2002,9,1
3007.65,Online Purchase,Net Banking,608,9,1
79432.41,Cash Withdrawal,UPI,275,7,1
29057.94,Bill Payment,Debit Card,1491,0,0
33577.66,Online Purchase,UPI,1459,9,0
22003.42,Bill Payment,UPI,1986,5,0
80492.89,Money Transfer,Credit Card,1211,0,0
29321.97,Bill Payment,Debit Card,1541,6,0
127919.88,Bill Payment,UPI,837,2,1
4420.3,Cash Withdrawal,Credit Card,1510,7,0
148947.66,Cash Withdrawal,Net Banking,2275,2,0
113793.39,Online Purchase,UPI,1868,4,1
91020.72,Bill Payment,Debit Card,2403,2,0
2641.74,Online Purchase,UPI,2264,7,0
47358.78,Cash Withdrawal,Credit Card,1779,10,1
26781.97,Online Purchase,UPI,1328,9,0
6003.28,Online Purchase,Debit Card,2035,1,0
21072.72,Online Purchase,Debit Card,963,1,0
145850.68,Bill Payment,Credit Card,1691,5,0
73919.11,Online Purchase,Net Banking,1622,2,0
13512.11,Money Transfer,Net Banking,652,1,0
130312.89,Money Transfer,Debit Card,232,10,1
3731.36,Money Transfer,Net Banking,174,0,0
34976.58,Money Transfer,Debit Card,2051,5,0
113418.87,Cash Withdrawal,Credit Card,2090,4,1
100479.35,Cash Withdrawal,Credit Card,165,3,0
31404.61,Cash Withdrawal,Credit Card,1432,1,0
55280.92,Money Transfer,Net Banking,872,2,0
137288.58,Bill Payment,UPI,2279,5,1
24063.51,Money Transfer,UPI,1371,3,0
39125.24,Online Purchase,UPI,1850,0,0
145163.44,Cash Withdrawal,Debit Card,758,1,1
120714.91,Money Transfer,Debit Card,2336,4,0
101163.53,Bill Payment,UPI,1900,0,0
34548.53,Bill Payment,Debit Card,2094,0,0
32541.89,Money Transfer,UPI,846,7,0
58346.9,Bill Payment,Net Banking,1601,9,0
138130.76,Cash Withdrawal,UPI,1018,1,0
132673.41,Online Purchase,Credit Card,46,4,0
45586.64,Cash Withdrawal,Debit Card,399,0,0
96901.24,Cash Withdrawal,UPI,312,4,1
3456.94,Online Purchase,Credit Card,1238,2,0
139525.85,Money Transfer,Credit Card,125,7,1
16976.76,Money Transfer,Net Banking,2375,8,1
3481.59,Cash Withdrawal,Credit Card,628,3,1
101735.09,Online Purchase,Credit Card,2038,6,0
61922.4,Online Purchase,Credit Card,259,4,0
107858.74,Money Transfer,UPI,100,10,1
130811.54,Money Transfer,Net Banking,8,10,1
84525.47,Cash Withdrawal,Net Banking,949,0,0
13353.56,Bill Payment,Net Banking,1936,8,1
98824.34,Bill Payment,Debit Card,1314,10,1
26177.01,Cash Withdrawal,UPI,1915,5,0
22230.21,Cash Withdrawal,Net Banking,1476,6,1
38054.73,Money Transfer,UPI,1470,10,0
113080.13,Money Transfer,Credit Card,1407,8,0
147408.84,Money Transfer,UPI,2213,10,1
23998.25,Money Transfer,Debit Card,1624,1,0
132120.38,Online Purchase,Credit Card,2358,0,1
82612.24,Money Transfer,Debit Card,1372,7,1
109805.02,Bill Payment,Net Banking,2143,10,0
32938.81,Bill Payment,Net Banking,436,3,0
68102.75,Money Transfer,Credit Card,2067,1,0
137384.97,Bill Payment,Debit Card,1664,4,0
81340.84,Online Purchase,Debit Card,97,0,1
18249.22,Money Transfer,Credit Card,275,4,0
17931.04,Bill Payment,Net Banking,44,9,1
58223.32,Money Transfer,UPI,1756,9,1
71818.08,Online Purchase,Net Banking,130,7,1
4752.94,Cash Withdrawal,Net Banking,2208,1,0
88110.0,Bill Payment,Net Banking,112,6,1
73168.52,Online Purchase,Net Banking,1033,8,1
36883.89,Online Purchase,Net Banking,1556,5,0
147601.64,Online Purchase,UPI,1269,8,1
128210.86,Money Transfer,Net Banking,389,0,0
89055.02,Online Purchase,Net Banking,284,8,1
41283.7,Cash Withdrawal,Credit Card,1038,9,1
77558.78,Money Transfer,Net Banking,1202,2,1
90207.94,Cash Withdrawal,Credit Card,635,1,1
72988.49,Online Purchase,Net Banking,724,6,1
27483.4,Bill Payment,Net Banking,937,7,0
142211.37,Online Purchase,Credit Card,674,2,1
146821.66,Online Purchase,Net Banking,2033,5,0
64553.02,Bill Payment,Credit Card,1715,7,1
65500.04,Cash Withdrawal,Credit Card,267,1,1
142304.44,Bill Payment,Net Banking,1644,8,0
136001.77,Money Transfer,Credit Card,99,2,1
28099.93,Money Transfer,Net Banking,2237,5,0
71734.17,Money Transfer,Net Banking,475,8,1
30446.85,Bill Payment,Debit Card,1601,0,0
76578.38,Online Purchase,Credit Card,2149,10,1
79624.84,Bill Payment,Debit Card,1309,3,0
120203.67,Money Transfer,Net Banking,1960,7,1
25945.45,Online Purchase,Debit Card,521,8,1
114101.65,Cash Withdrawal,Credit Card,2319,2,1
113036.72,Bill Payment,Debit Card,1076,6,1
64837.47,Bill Payment,Net Banking,114,3,0
139623.92,Cash Withdrawal,Net Banking,2484,3,0
19186.22,Cash Withdrawal,Debit Card,989,9,0
74620.31,Online Purchase,Net Banking,2457,0,0
84296.83,Money Transfer,Credit Card,1514,4,1
69729.61,Bill Payment,UPI,2193,9,1
46290.47,Cash Withdrawal,Net Banking,1582,9,0
138525.75,Money Transfer,Net Banking,1381,1,0
146286.47,Online Purchase,UPI,1099,4,0
89205.63,Money Transfer,UPI,1328,3,0
52342.13,Bill Payment,Debit Card,1373,8,0
41850.47,Cash Withdrawal,Debit Card,571,4,1
102928.35,Bill Payment,Debit Card,1896,9,1
17669.89,Bill Payment,Debit Card,843,9,0
124575.35,Money Transfer,Net Banking,1536,3,1
107584.51,Cash Withdrawal,UPI,600,4,1
37955.1,Cash Withdrawal,Net Banking,14,1,1
140124.89,Cash Withdrawal,Net Banking,2256,9,0
76716.65,Cash Withdrawal,Debit Card,1089,0,0
94254.1,Cash Withdrawal,Credit Card,1952,6,1
18004.77,Money Transfer,Credit Card,1481,0,1
10634.97,Online Purchase,UPI,522,1,0
103039.97,Money Transfer,Credit Card,2321,0,1
50707.12,Bill Payment,UPI,1761,3,0
92784.95,Bill Payment,UPI,969,2,1
87659.59,Money Transfer,Debit Card,1570,3,0
2714.34,Money Transfer,Credit Card,2340,9,0
40532.4,Cash Withdrawal,Credit Card,392,3,0
33223.93,Cash Withdrawal,Debit Card,711,3,0
574.94,Bill Payment,Net Banking,2375,9,0
66980.16,Money Transfer,Credit Card,336,6,0
66434.88,Cash Withdrawal,Net Banking,95,8,0
30848.8,Cash Withdrawal,Net Banking,2147,5,0
74904.92,Cash Withdrawal,Net Banking,2485,3,0
105548.11,Cash Withdrawal,Debit Card,1655,3,1
53054.5,Bill Payment,Debit Card,1191,3,0
131671.81,Online Purchase,Debit Card,265,7,0
3379.71,Bill Payment,UPI,1561,0,0
108654.36,Cash Withdrawal,Credit Card,1792,4,1
40441.33,Bill Payment,Net Banking,648,2,0
87865.64,Money Transfer,Credit Card,1563,5,1
34364.17,Money Transfer,Credit Card,2265,0,0
78835.55,Bill Payment,Net Banking,611,4,1
65440.48,Money Transfer,Debit Card,1678,4,1
10110.16,Online Purchase,Credit Card,2346,10,0
130787.0,Money Transfer,UPI,2245,7,0
134248.81,Money Transfer,Credit Card,801,9,1
10200.58,Online Purchase,UPI,733,8,1
69434.32,Bill Payment,Debit Card,626,8,0
36922.42,Online Purchase,UPI,704,4,0
3205.62,Online Purchase,Net Banking,553,2,0
23470.82,Money Transfer,Debit Card,2495,5,0
41963.63,Money Transfer,Net Banking,718,1,0
24396.83,Online Purchase,Credit Card,1546,2,1
69169.83,Cash Withdrawal,Net Banking,2255,8,0
133330.03,Cash Withdrawal,UPI,2481,9,1
112426.56,Bill Payment,Net Banking,684,8,0
19023.35,Online Purchase,Debit Card,301,9,0
126307.71,Online Purchase,Net Banking,1568,6,1
3678.99,Cash Withdrawal,Debit Card,66,3,0
95804.21,Money Transfer,Net Banking,2419,2,0
45365.62,Money Transfer,Debit Card,68,3,0
38012.7,Cash Withdrawal,Net Banking,1906,5,0
69548.57,Cash Withdrawal,Credit Card,1006,2,0
138419.73,Bill Payment,UPI,218,5,1
58044.87,Cash Withdrawal,Credit Card,2451,4,1
76932.97,Cash Withdrawal,Credit Card,1964,1,0
29102.55,Money Transfer,Credit Card,415,2,0
84282.36,Online Purchase,Credit Card,2087,3,0
55752.84,Cash Withdrawal,Net Banking,1369,9,1
93303.72,Bill Payment,UPI,209,8,0
132541.6,Cash Withdrawal,Net Banking,2106,0,0
82243.66,Online Purchase,Debit Card,1548,5,0
66035.23,Bill Payment,Debit Card,583,3,1
57645.04,Cash Withdrawal,Debit Card,172,0,0
143038.59,Money Transfer,Net Banking,2332,3,1
123905.73,Money Transfer,Net Banking,2241,9,1
137419.08,Online Purchase,Credit Card,670,0,1
72451.42,Online Purchase,Debit Card,1919,2,0
74072.99,Online Purchase,Net Banking,1404,9,0
55880.25,Cash Withdrawal,UPI,2364,8,1
135208.76,Bill Payment,UPI,2158,2,0
125320.26,Bill Payment,Debit Card,927,0,0
40901.06,Bill Payment,Net Banking,1658,0,0
45121.34,Bill Payment,Credit Card,607,8,1
117543.12,Money Transfer,Net Banking,628,1,0
75925.96,Cash Withdrawal,Net Banking,1718,9,1
12261.27,Money Transfer,Net Banking,272,5,0
8629.77,Cash Withdrawal,Net Banking,631,6,0
4686.27,Bill Payment,Credit Card,1262,3,0
149670.0,Cash Withdrawal,Debit Card,1661,6,0
43041.49,Money Transfer,UPI,653,9,1
56589.46,Online Purchase,Credit Card,337,1,0
1372.63,Cash Withdrawal,Net Banking,379,10,1
7798.53,Cash Withdrawal,Debit Card,134,2,0
126552.61,Bill Payment,Credit Card,166,2,0
49588.25,Online Purchase,Credit Card,162,9,1
138390.41,Money Transfer,Net Banking,2009,1,1
43785.12,Online Purchase,UPI,568,1,0
127874.08,Money Transfer,Credit Card,2034,9,1
42626.18,Cash Withdrawal,UPI,667,7,0
53876.91,Bill Payment,UPI,1643,6,0
35345.25,Bill Payment,UPI,863,3,0
105514.87,Online Purchase,Credit Card,241,9,0
22237.23,Cash Withdrawal,Debit Card,612,1,0
49975.96,Bill Payment,Debit Card,1973,6,0
139488.0,Bill Payment,Debit Card,1939,10,1
23563.99,Money Transfer,UPI,271,0,1
127974.83,Bill Payment,Net Banking,765,7,1
144986.22,Bill Payment,Net Banking,545,5,0
106136.94,Bill Payment,Debit Card,31,2,0
62428.58,Cash Withdrawal,UPI,607,0,0
36079.5,Cash Withdrawal,UPI,829,2,0
115651.91,Bill Payment,UPI,1528,5,1
72471.48,Money Transfer,Debit Card,606,5,0
128680.34,Bill Payment,Net Banking,2166,9,1
91872.45,Cash Withdrawal,Credit Card,1864,9,1
80864.96,Cash Withdrawal,Credit Card,1166,5,1
88439.11,Online Purchase,Net Banking,1710,7,0
91353.19,Money Transfer,UPI,2421,3,0
45112.35,Online Purchase,Debit Card,2374,4,0
742.32,Money Transfer,Credit Card,909,7,1
437.34,Online Purchase,Credit Card,1121,8,0
82027.23,Cash Withdrawal,Credit Card,2056,10,0
115358.24,Online Purchase,Net Banking,2377,3,0
82898.65,Online Purchase,Debit Card,1594,8,0
26667.78,Money Transfer,Credit Card,1760,1,0
36914.89,Cash Withdrawal,Credit Card,408,2,0
109679.39,Money Transfer,UPI,1054,6,1
64024.76,Money Transfer,UPI,400,4,1
81393.7,Online Purchase,Credit Card,638,1,0
598.9,Money Transfer,Credit Card,1107,2,1
67748.61,Online Purchase,Net Banking,2093,1,0
92193.46,Online Purchase,UPI,377,5,1
121009.62,Bill Payment,Credit Card,354,1,1
51380.97,Money Transfer,Net Banking,1440,0,0
58452.8,Cash Withdrawal,Credit Card,2099,6,1
28602.54,Cash Withdrawal,Credit Card,929,10,0
117136.75,Cash Withdrawal,Net Banking,1320,10,1
135005.58,Online Purchase,Net Banking,771,0,0
2666.49,Bill Payment,UPI,1703,0,0
129314.83,Online Purchase,Debit Card,394,9,1
114942.16,Money Transfer,Net Banking,2025,8,0
108912.96,Bill Payment,Credit Card,134,10,1
46877.52,Cash Withdrawal,UPI,160,1,0
45100.75,Money Transfer,UPI,1555,2,0
127475.58,Online Purchase,UPI,308,7,1
45043.04,Online Purchase,Credit Card,1168,5,1
14052.13,Money Transfer,Credit Card,1485,1,1
39703.56,Bill Payment,UPI,507,2,0
87376.01,Online Purchase,Debit Card,202,4,1
114119.1,Online Purchase,UPI,2263,10,1
134309.34,Online Purchase,UPI,1722,1,0
40430.32,Online Purchase,Debit Card,282,1,0
88286.81,Online Purchase,Net Banking,175,7,0
60957.7,Online Purchase,UPI,651,9,0
134264.18,Money Transfer,Credit Card,1369,2,1
137732.66,Online Purchase,Credit Card,1927,3,0
19086.55,Money Transfer,Net Banking,22,10,1
41069.83,Money Transfer,Net Banking,2243,3,1
31730.03,Cash Withdrawal,Debit Card,2162,4,0
60737.64,Cash Withdrawal,UPI,1104,3,0
133446.2,Cash Withdrawal,UPI,2480,7,1
17280.15,Money Transfer,UPI,526,9,1
96159.0,Online Purchase,Debit Card,543,0,0
37574.4,Online Purchase,Credit Card,1617,2,0
41554.71,Online Purchase,Credit Card,861,1,0
2162.61,Online Purchase,UPI,846,7,1
108674.7,Online Purchase,UPI,1332,6,1
77878.0,Bill Payment,Net Banking,826,10,1
58442.73,Money Transfer,Debit Card,2007,7,0
65673.88,Bill Payment,Credit Card,1775,7,1
117230.82,Online Purchase,Net Banking,2148,4,1
16651.43,Bill Payment,Debit Card,1161,4,1
115381.13,Cash Withdrawal,Credit Card,2403,7,1
96673.08,Cash Withdrawal,Debit Card,1129,7,0
40518.96,Cash Withdrawal,Debit Card,1795,2,1
35239.7,Cash Withdrawal,Net Banking,897,8,0
140103.04,Online Purchase,UPI,1519,8,1
14915.31,Bill Payment,Net Banking,84,1,0
132732.81,Money Transfer,UPI,1033,3,0
100300.19,Money Transfer,Net Banking,2165,0,1
3033.55,Cash Withdrawal,UPI,6,7,1
16359.09,Bill Payment,Net Banking,1029,4,0
94364.17,Bill Payment,Credit Card,1557,7,0
133549.53,Bill Payment,Credit Card,1377,5,1
36250.95,Bill Payment,Net Banking,933,6,0
2563.06,Online Purchase,Credit Card,2315,2,0
129996.08,Money Transfer,Net Banking,1690,8,0
10983.33,Cash Withdrawal,Debit Card,905,3,0
14618.74,Bill Payment,Credit Card,2407,6,1
42133.59,Cash Withdrawal,Debit Card,383,5,0
91804.93,Online Purchase,UPI,2451,8,0
140746.93,Money Transfer,Credit Card,1950,4,1
98628.82,Online Purchase,Net Banking,887,6,0
15104.02,Money Transfer,UPI,1,6,0
140204.76,Cash Withdrawal,Debit Card,111,1,0
85798.46,Bill Payment,Debit Card,705,2,0
6876.1,Money Transfer,Debit Card,857,3,0
69182.18,Cash Withdrawal,Debit Card,551,0,1
136844.96,Money Transfer,UPI,1228,10,1
103218.78,Money Transfer,Net Banking,1549,0,1
5365.91,Money Transfer,Net Banking,445,1,0
31846.6,Money Transfer,Net Banking,445,6,1
121908.67,Bill Payment,UPI,1856,2,0
89181.01,Money Transfer,Net Banking,1741,2,0
119228.01,Bill Payment,UPI,1066,9,1
110038.82,Online Purchase,Debit Card,1663,4,1
80363.62,Online Purchase,Credit Card,520,0,1
105070.41,Online Purchase,Net Banking,1617,10,1
110668.08,Money Transfer,Credit Card,2122,2,1
34846.88,Money Transfer,Debit Card,208,8,0
81596.21,Online Purchase,Debit Card,2208,8,1
78808.87,Online Purchase,UPI,1070,5,0
124233.71,Online Purchase,Net Banking,2010,3,1
118525.22,Online Purchase,Debit Card,1812,1,1
95114.79,Online Purchase,UPI,1888,2,0
148913.51,Bill Payment,Credit Card,136,0,0
116318.11,Online Purchase,Credit Card,343,5,1
111355.49,Online Purchase,Credit Card,780,7,0
14829.26,Bill Payment,Credit Card,2478,0,0
148261.6,Bill Payment,Net Banking,472,8,1
112904.15,Bill Payment,Debit Card,349,8,0
90092.21,Cash Withdrawal,UPI,2012,8,0
11582.92,Money Transfer,UPI,2054,9,0
47185.63,Cash Withdrawal,Credit Card,2078,6,0
6717.55,Online Purchase,Credit Card,1071,3,0
95536.52,Online Purchase,UPI,2114,4,0
60836.98,Online Purchase,Debit Card,1692,2,0
76801.22,Bill Payment,UPI,201,5,1
25618.33,Cash Withdrawal,Credit Card,2264,0,0
8050.2,Money Transfer,Debit Card,1681,9,0
83783.53,Bill Payment,Credit Card,2154,2,1
9200.69,Online Purchase,Credit Card,1605,4,0
18727.24,Online Purchase,UPI,1060,10,1
142271.94,Cash Withdrawal,Debit Card,2113,3,1
114601.54,Online Purchase,Net Banking,1097,3,1
9923.03,Cash Withdrawal,UPI,700,8,0
100457.33,Bill Payment,Net Banking,1219,2,1
131928.97,Money Transfer,UPI,2165,6,1
46506.8,Bill Payment,Credit Card,1893,0,0
43814.64,Cash Withdrawal,Debit Card,1453,5,0
129954.39,Online Purchase,Debit Card,1652,3,0
55420.24,Money Transfer,UPI,786,0,0
70527.82,Bill Payment,Net Banking,1147,4,0
143999.76,Online Purchase,Debit Card,447,5,1
104641.18,Money Transfer,UPI,1359,2,1
124779.83,Online Purchase,UPI,154,4,0
8722.76,Bill Payment,Debit Card,839,3,0
114780.46,Bill Payment,Debit Card,2156,4,1
132533.69,Online Purchase,Net Banking,909,2,0
13599.64,Cash Withdrawal,Net Banking,507,8,1
146340.98,Money Transfer,Credit Card,811,7,1
60808.68,Bill Payment,Debit Card,161,6,0
108531.79,Online Purchase,Net Banking,1342,6,1
144114.92,Cash Withdrawal,Credit Card,44,2,1
4082.73,Online Purchase,Credit Card,1371,6,1
19273.26,Online Purchase,Debit Card,1546,5,0
105455.51,Bill Payment,UPI,2442,1,0
136199.73,Online Purchase,Debit Card,1605,5,1
51934.31,Online Purchase,Credit Card,1275,9,1
18563.73,Bill Payment,Credit Card,2209,4,1
59610.62,Cash Withdrawal,UPI,109,9,1
149540.24,Money Transfer,Debit Card,646,3,0
75927.3,Online Purchase,Debit Card,1849,4,1
62798.52,Online Purchase,UPI,150,4,1
80462.14,Online Purchase,UPI,88,5,1
140345.29,Cash Withdrawal,Net Banking,190,8,1
17565.25,Money Transfer,Net Banking,74,0,0
131236.88,Online Purchase,Debit Card,1480,6,1
91153.37,Online Purchase,Net Banking,631,10,1
48124.69,Money Transfer,Credit Card,719,3,0
51145.96,Online Purchase,Net Banking,2086,8,1
85849.02,Cash Withdrawal,Net Banking,1739,8,0
21475.11,Money Transfer,UPI,1190,0,0
45670.53,Online Purchase,Net Banking,795,5,0
71585.34,Money Transfer,Net Banking,189,3,1
56207.96,Online Purchase,Credit Card,420,10,1
103697.06,Online Purchase,Credit Card,2079,5,0
87168.46,Online Purchase,UPI,1171,9,1
2464.42,Cash Withdrawal,UPI,2388,2,0
89717.77,Cash Withdrawal,Net Banking,1215,8,0
113948.25,Cash Withdrawal,Credit Card,2139,4,1
117551.26,Cash Withdrawal,Debit Card,602,5,1
44231.68,Bill Payment,Debit Card,718,3,0
125894.04,Money Transfer,UPI,579,6,1
84021.33,Online Purchase,Net Banking,95,8,1
59759.27,Online Purchase,Net Banking,1711,0,0
26169.8,Money Transfer,UPI,2301,3,0
33137.56,Bill Payment,Debit Card,2131,2,0
84216.88,Online Purchase,UPI,13,5,0
133103.68,Online Purchase,Debit Card,2320,9,1
4587.99,Money Transfer,Net Banking,2419,5,0
22077.18,Bill Payment,Credit Card,2256,6,0
51773.14,Online Purchase,Debit Card,62,8,1
63950.48,Money Transfer,Debit Card,2165,5,0
147073.07,Online Purchase,UPI,787,4,1
22427.91,Bill Payment,UPI,167,0,0
24720.39,Money Transfer,Credit Card,27,10,0
65193.8,Cash Withdrawal,Net Banking,257,0,1
146949.62,Cash Withdrawal,Debit Card,308,1,0
122165.63,Bill Payment,Credit Card,197,1,1
8492.34,Bill Payment,Credit Card,1201,10,0
128689.74,Bill Payment,Credit Card,1857,6,0
129448.48,Money Transfer,Net Banking,1685,10,1
109523.46,Money Transfer,UPI,1107,0,0
66153.37,Bill Payment,Net Banking,665,0,0
67408.86,Money Transfer,Net Banking,1687,10,1
20665.25,Online Purchase,Credit Card,2016,10,0
138432.05,Online Purchase,Debit Card,2316,9,1
116683.21,Online Purchase,Net Banking,2147,10,1
10167.0,Money Transfer,Debit Card,831,7,1
140592.53,Bill Payment,UPI,702,3,1
144156.03,Online Purchase,Net Banking,2232,1,0
30817.06,Money Transfer,Credit Card,322,9,1
57036.45,Money Transfer,Net Banking,975,8,0
47731.62,Cash Withdrawal,Net Banking,2237,9,0
56459.57,Money Transfer,Debit Card,1833,1,0
81823.8,Bill Payment,UPI,2428,0,0
25387.17,Bill Payment,Credit Card,577,6,0
6545.89,Online Purchase,Net Banking,1129,4,0
35552.48,Money Transfer,UPI,417,6,0
16331.56,Money Transfer,Net Banking,2047,10,0
137284.06,Online Purchase,Credit Card,662,10,1
73787.14,Money Transfer,Credit Card,793,4,1
146054.39,Money Transfer,UPI,2013,10,1
35156.29,Cash Withdrawal,Debit Card,2210,3,0
127226.6,Money Transfer,UPI,1673,0,1
85906.56,Cash Withdrawal,Credit Card,2019,9,1
95533.86,Cash Withdrawal,Credit Card,1858,7,0
60458.64,Cash Withdrawal,Debit Card,1660,8,0
22066.97,Online Purchase,UPI,10,6,0
12744.44,Money Transfer,Debit Card,918,10,1
101115.07,Online Purchase,Net Banking,1500,0,0
80907.27,Cash Withdrawal,Credit Card,1086,6,0
109900.2,Money Transfer,Credit Card,2338,2,1
59749.77,Cash Withdrawal,Credit Card,2284,9,1
102311.11,Money Transfer,Net Banking,2495,8,1
82054.24,Online Purchase,Debit Card,520,0,0
119777.93,Money Transfer,Net Banking,2451,4,1
43850.95,Money Transfer,UPI,2481,5,0
91498.52,Online Purchase,Credit Card,1162,5,1
81899.29,Cash Withdrawal,Credit Card,1808,1,0
26938.44,Cash Withdrawal,Net Banking,1600,7,1
115389.18,Money Transfer,Credit Card,1852,4,1
11790.98,Online Purchase,Net Banking,2028,9,0
57732.71,Money Transfer,Net Banking,2072,7,0
23171.91,Money Transfer,UPI,2115,9,1
149129.37,Online Purchase,UPI,2148,0,1
28016.95,Money Transfer,UPI,213,4,0
99569.16,Bill Payment,Net Banking,1561,9,1
68549.65,Online Purchase,Credit Card,512,2,1
81311.34,Bill Payment,UPI,1100,4,1
78585.37,Cash Withdrawal,Net Banking,804,2,0
122302.46,Bill Payment,Debit Card,1011,10,0
102560.49,Bill Payment,Net Banking,911,3,0
135237.53,Online Purchase,UPI,1659,2,1
102701.94,Bill Payment,Debit Card,2184,5,0
139830.95,Money Transfer,UPI,1594,2,0
25861.39,Money Transfer,Debit Card,1407,8,0
102996.98,Online Purchase,Debit Card,2067,1,0
58743.78,Bill Payment,Credit Card,2006,8,1
58003.24,Bill Payment,Credit Card,2499,5,0
115973.19,Bill Payment,UPI,919,0,1
94256.35,Online Purchase,Credit Card,464,7,0
24805.75,Money Transfer,UPI,2384,3,0
5749.81,Bill Payment,Debit Card,1616,4,1
44118.13,Online Purchase,UPI,1343,3,0
109366.98,Bill Payment,Debit Card,1719,7,0
142598.35,Online Purchase,Debit Card,1746,7,0
6964.25,Bill Payment,Debit Card,447,4,0
118888.89,Online Purchase,UPI,727,7,1
79428.9,Online Purchase,Net Banking,2300,0,0
125253.33,Cash Withdrawal,Credit Card,1113,5,1
126720.86,Bill Payment,Net Banking,667,2,0
83655.25,Cash Withdrawal,Net Banking,240,5,0
87576.71,Cash Withdrawal,Net Banking,2208,7,1
129402.64,Money Transfer,Net Banking,1384,8,1
111146.2,Bill Payment,UPI,2410,6,0
119510.71,Bill Payment,UPI,729,8,1
143704.97,Online Purchase,Credit Card,1754,5,1
139892.92,Online Purchase,Credit Card,176,2,0
55938.29,Money Transfer,Debit Card,298,3,1
131618.02,Online Purchase,UPI,1300,1,1
48664.09,Cash Withdrawal,Credit Card,2138,3,0
63909.86,Money Transfer,Credit Card,1163,4,1
78019.37,Cash Withdrawal,Net Banking,2403,9,0
73645.35,Cash Withdrawal,Debit Card,1733,7,0
118345.26,Bill Payment,Net Banking,614,0,1
126909.89,Money Transfer,UPI,1180,3,0
10532.02,Money Transfer,Debit Card,2226,1,0
28644.52,Online Purchase,Debit Card,820,9,1
126190.94,Online Purchase,UPI,380,0,1
1316.42,Online Purchase,Debit Card,1702,4,0
30673.16,Cash Withdrawal,UPI,100,8,1
70801.95,Online Purchase,Net Banking,725,2,0
72063.93,Bill Payment,UPI,1488,8,0
72626.62,Cash Withdrawal,Debit Card,2340,0,0
92829.87,Cash Withdrawal,Net Banking,2269,3,0
58935.09,Money Transfer,Net Banking,496,10,1
9591.96,Money Transfer,Debit Card,1815,3,0
98343.87,Money Transfer,Credit Card,1335,2,1
86539.55,Money Transfer,Net Banking,702,1,0
119930.5,Online Purchase,UPI,968,8,1
35544.56,Money Transfer,UPI,1490,3,0
128369.28,Money Transfer,UPI,2278,4,1
18411.27,Cash Withdrawal,Net Banking,897,2,0
43547.43,Online Purchase,UPI,1070,4,0
142966.3,Cash Withdrawal,Credit Card,740,7,1
127206.79,Cash Withdrawal,Credit Card,766,9,1
10575.38,Online Purchase,UPI,1010,10,0
70329.8,Cash Withdrawal,Credit Card,878,7,0
122643.29,Money Transfer,Debit Card,536,2,1
101315.57,Online Purchase,Debit Card,1493,6,0
108943.79,Online Purchase,Debit Card,710,0,0
39870.2,Cash Withdrawal,Net Banking,2125,8,0
85381.3,Bill Payment,Debit Card,1525,10,1
27779.97,Cash Withdrawal,Credit Card,166,3,1
146700.68,Money Transfer,Net Banking,336,9,1
86120.46,Online Purchase,Net Banking,273,5,0
24534.41,Money Transfer,Credit Card,94,2,0
25205.26,Bill Payment,Credit Card,379,4,1
41649.91,Money Transfer,Credit Card,805,0,0
148827.55,Online Purchase,Debit Card,2431,7,1
145115.45,Money Transfer,Net Banking,199,10,1
22852.93,Money Transfer,Debit Card,484,10,0
144021.09,Cash Withdrawal,Net Banking,572,0,1
115729.4,Online Purchase,Credit Card,462,6,1
19512.42,Money Transfer,Credit Card,496,9,0
67029.0,Bill Payment,Net Banking,1019,3,0
112041.29,Money Transfer,Credit Card,1203,9,1
57104.51,Money Transfer,Credit Card,733,7,0
99805.06,Bill Payment,Credit Card,613,4,1
13606.06,Online Purchase,Net Banking,2150,2,0
128990.59,Bill Payment,Debit Card,615,9,1
19408.23,Money Transfer,UPI,1434,6,0
9996.03,Online Purchase,Debit Card,2331,9,1
116904.91,Cash Withdrawal,Credit Card,399,3,0
17885.68,Bill Payment,Debit Card,1737,5,0
80991.94,Cash Withdrawal,UPI,534,3,0
38977.65,Online Purchase,Debit Card,106,2,0
139534.77,Cash Withdrawal,Credit Card,1483,9,1
34697.94,Cash Withdrawal,UPI,248,2,0
9321.63,Online Purchase,Net Banking,1746,9,1
34307.37,Money Transfer,UPI,2176,10,0
16145.25,Bill Payment,UPI,650,10,0
1235.86,Bill Payment,Credit Card,1023,0,0
92458.97,Cash Withdrawal,Net Banking,2312,10,1
63536.05,Bill Payment,Credit Card,1520,7,0
116779.21,Bill Payment,UPI,1168,6,0
141870.95,Bill Payment,Net Banking,436,2,0
37739.82,Cash Withdrawal,Credit Card,453,0,0
115396.62,Online Purchase,Credit Card,849,0,0
110528.79,Cash Withdrawal,Debit Card,412,7,1
114540.29,Online Purchase,Net Banking,664,6,1
81701.46,Online Purchase,UPI,1835,1,1
4669.26,Online Purchase,UPI,250,7,1
76303.63,Cash Withdrawal,Net Banking,417,3,1
106921.93,Bill Payment,Credit Card,196,4,1
79651.05,Bill Payment,Net Banking,1230,3,0
26329.6,Money Transfer,Credit Card,72,9,1
52405.14,Bill Payment,Net Banking,1745,6,0
74476.5,Money Transfer,Credit Card,2299,0,1
149963.83,Money Transfer,Net Banking,642,7,0
125765.77,Cash Withdrawal,Net Banking,610,1,1
9704.78,Money Transfer,Debit Card,1946,0,1
146975.44,Cash Withdrawal,Net Banking,1744,1,1
49616.73,Online Purchase,Credit Card,478,0,0
72899.49,Cash Withdrawal,Credit Card,1034,0,1
98299.97,Money Transfer,Credit Card,2306,10,1
86167.91,Bill Payment,Debit Card,270,5,0
6440.31,Online Purchase,UPI,2450,7,0
59310.53,Cash Withdrawal,Debit Card,267,3,0
65908.7,Online Purchase,Net Banking,1566,9,1
43963.14,Cash Withdrawal,Net Banking,408,2,0
43069.59,Online Purchase,Net Banking,1966,9,1
35071.5,Money Transfer,UPI,1790,2,0
103363.74,Bill Payment,Credit Card,1828,0,1
123399.64,Bill Payment,Debit Card,1765,10,1
32229.9,Online Purchase,Net Banking,2215,2,0
61670.21,Money Transfer,Credit Card,1063,1,0
135300.26,Online Purchase,Debit Card,1513,10,1
92319.9,Cash Withdrawal,Debit Card,459,1,0
144381.63,Bill Payment,Credit Card,290,8,0
134135.12,Bill Payment,Debit Card,659,1,0
132038.58,Bill Payment,Debit Card,2340,7,0
56132.51,Online Purchase,Debit Card,253,0,0
7118.67,Cash Withdrawal,UPI,1939,10,1
126404.63,Money Transfer,Net Banking,2308,1,1
60544.1,Online Purchase,Debit Card,2093,7,0
88605.45,Money Transfer,Net Banking,2293,8,1
108958.2,Cash Withdrawal,Net Banking,205,4,1
53260.72,Online Purchase,UPI,363,9,1
53256.05,Online Purchase,Net Banking,2261,10,1
73177.27,Money Transfer,UPI,1546,5,1
139658.42,Cash Withdrawal,Debit Card,1200,10,1
90751.55,Cash Withdrawal,UPI,2498,6,1
37373.37,Bill Payment,Net Banking,105,4,0
46927.81,Online Purchase,Net Banking,48,2,0
15421.23,Money Transfer,Debit Card,1457,9,0
123845.42,Cash Withdrawal,UPI,2223,8,1
75429.67,Money Transfer,UPI,2190,6,0
75321.14,Online Purchase,Net Banking,564,4,1
22785.67,Cash Withdrawal,Credit Card,1741,0,0
9605.16,Bill Payment,Credit Card,879,1,0
113527.62,Money Transfer,UPI,2457,10,1
149786.99,Money Transfer,Net Banking,443,3,1
107985.2,Online Purchase,UPI,765,3,1
38251.43,Online Purchase,Net Banking,1362,0,0
54111.4,Bill Payment,UPI,2030,2,0
92480.31,Cash Withdrawal,UPI,130,3,0
41112.65,Cash Withdrawal,Net Banking,259,7,0
72687.51,Online Purchase,Debit Card,1060,9,1
112975.92,Online Purchase,Credit Card,1642,7,0
21904.48,Bill Payment,Credit Card,1814,4,0
127183.86,Online Purchase,Debit Card,1338,9,1
59238.5,Cash Withdrawal,UPI,2237,6,0
80806.72,Money Transfer,Net Banking,2251,7,1
76057.81,Bill Payment,Credit Card,1341,5,0
146836.54,Online Purchase,Credit Card,509,9,1
89906.31,Money Transfer,Credit Card,1957,5,1
139319.37,Online Purchase,UPI,465,1,0
63430.08,Online Purchase,Debit Card,2442,8,0
83330.38,Cash Withdrawal,Debit Card,1726,5,1
146382.05,Money Transfer,Credit Card,2109,9,1
55921.02,Online Purchase,Net Banking,1989,0,1
89158.2,Bill Payment,Debit Card,1224,8,0
37607.64,Online Purchase,UPI,1542,6,0
41168.36,Cash Withdrawal,Net Banking,2038,6,1
118397.77,Bill Payment,Debit Card,59,4,1
129790.24,Cash Withdrawal,Net Banking,1393,8,0
85724.4,Bill Payment,UPI,905,3,0
120809.17,Online Purchase,Net Banking,536,3,0
55492.5,Cash Withdrawal,Net Banking,536,10,1
62868.22,Bill Payment,Credit Card,445,6,0
90587.2,Bill Payment,Debit Card,220,0,0
101322.61,Money Transfer,Debit Card,486,2,1
27238.49,Cash Withdrawal,Net Banking,1960,10,0
60245.29,Bill Payment,Credit Card,1599,0,1
26613.94,Online Purchase,Credit Card,1526,8,0
37755.04,Cash Withdrawal,Credit Card,26,8,1
71240.34,Cash Withdrawal,Net Banking,2026,8,1
131205.36,Money Transfer,UPI,1819,0,0
41052.25,Money Transfer,Net Banking,1078,2,0
63805.73,Money Transfer,Credit Card,675,0,1
37759.16,Cash Withdrawal,UPI,934,6,0
88352.46,Cash Withdrawal,Credit Card,1890,8,1
122868.25,Money Transfer,UPI,1085,8,1
19274.71,Money Transfer,UPI,1038,5,0
146994.24,Bill Payment,Credit Card,129,10,0
38244.26,Bill Payment,UPI,1914,5,0
130493.56,Online Purchase,Credit Card,574,3,1
106967.49,Cash Withdrawal,UPI,2201,9,1
109672.74,Cash Withdrawal,Credit Card,1847,7,0
59781.78,Money Transfer,Debit Card,1203,10,1
111365.0,Cash Withdrawal,Debit Card,126,3,0
83307.82,Cash Withdrawal,Debit Card,299,7,1
1991.08,Online Purchase,Credit Card,2486,6,0
124022.56,Bill Payment,UPI,797,0,1
149150.06,Money Transfer,UPI,2234,8,1
40088.12,Money Transfer,UPI,941,4,1
128689.99,Online Purchase,Credit Card,1624,7,1
43062.2,Online Purchase,Net Banking,1415,2,0
38233.56,Bill Payment,UPI,1073,6,1
79807.37,Bill Payment,Credit Card,1947,9,1
67605.43,Online Purchase,Credit Card,1313,3,0
18587.59,Cash Withdrawal,UPI,2208,6,0
85227.99,Cash Withdrawal,Debit Card,2453,0,0
147794.04,Cash Withdrawal,Debit Card,1964,1,1
67467.18,Money Transfer,UPI,1544,3,1
13522.3,Cash Withdrawal,UPI,717,4,1
30639.89,Money Transfer,Net Banking,667,8,1
85245.17,Online Purchase,Debit Card,462,10,0
75045.38,Cash Withdrawal,Debit Card,2321,3,0
77610.46,Online Purchase,Debit Card,688,2,1
122450.53,Online Purchase,Debit Card,943,2,0
2539.99,Cash Withdrawal,Net Banking,1778,6,1
136515.11,Cash Withdrawal,Net Banking,499,0,0
122692.7,Money Transfer,UPI,1572,1,1
137598.65,Money Transfer,UPI,1308,10,1
141516.46,Online Purchase,Net Banking,1132,6,0
114988.51,Money Transfer,Debit Card,1290,4,1
147368.06,Bill Payment,Credit Card,143,0,1
115986.89,Online Purchase,Net Banking,1656,2,1
122623.72,Bill Payment,UPI,2410,6,1
11272.48,Online Purchase,Credit Card,1786,6,0
100299.45,Cash Withdrawal,UPI,377,1,1
97130.99,Bill Payment,UPI,355,1,0
133782.19,Money Transfer,UPI,7,7,1
15175.68,Bill Payment,Net Banking,172,8,0
55155.91,Money Transfer,Net Banking,1720,8,1
83138.77,Cash Withdrawal,Net Banking,653,6,0
117758.25,Money Transfer,Net Banking,2286,8,1
95328.33,Online Purchase,Net Banking,2168,10,0
72845.73,Online Purchase,UPI,126,5,0
64370.27,Bill Payment,Net Banking,318,9,1
56620.48,Money Transfer,Debit Card,92,1,1
132188.81,Bill Payment,Net Banking,2139,9,1
130915.0,Cash Withdrawal,Credit Card,1240,1,0
976.07,Bill Payment,Debit Card,299,7,0
76623.46,Online Purchase,Net Banking,1994,7,1
13622.83,Money Transfer,Net Banking,1216,6,0
117630.35,Online Purchase,Debit Card,1149,1,0
88873.87,Money Transfer,Net Banking,1091,2,1
90513.47,Cash Withdrawal,UPI,2099,9,1
8103.85,Bill Payment,UPI,1092,2,0
83077.46,Bill Payment,UPI,1992,0,0
116947.39,Money Transfer,Credit Card,2368,2,1
130459.56,Cash Withdrawal,Credit Card,2354,0,0
7562.18,Cash Withdrawal,Debit Card,1402,6,0
8020.89,Money Transfer,Debit Card,558,4,0
70553.41,Money Transfer,Debit Card,2294,9,1
108195.81,Bill Payment,Credit Card,240,1,0
97827.25,Money Transfer,Debit Card,1073,7,1
20523.83,Cash Withdrawal,Credit Card,1596,8,0
119246.71,Bill Payment,Credit Card,1973,1,1
52779.7,Online Purchase,Credit Card,476,9,1
253.75,Money Transfer,Net Banking,448,10,1
27970.87,Online Purchase,Credit Card,1486,3,0
129342.98,Cash Withdrawal,Credit Card,2333,2,1
5020.92,Online Purchase,Net Banking,2432,5,0
790.06,Cash Withdrawal,UPI,355,8,0
46907.53,Bill Payment,UPI,930,10,1
85166.3,Cash Withdrawal,Net Banking,2430,8,1
129794.16,Cash Withdrawal,UPI,539,9,1
143486.83,Online Purchase,Net Banking,361,9,0
77249.09,Money Transfer,Net Banking,829,4,0
12488.1,Online Purchase,Credit Card,1057,5,1
52834.07,Cash Withdrawal,Debit Card,751,1,0
44585.81,Bill Payment,Net Banking,1049,8,0
123596.07,Bill Payment,Debit Card,1724,8,1
129320.43,Cash Withdrawal,Credit Card,1759,7,1
82238.26,Bill Payment,UPI,2220,8,1
45615.6,Money Transfer,UPI,934,6,0
119689.26,Bill Payment,Net Banking,565,8,1
50165.48,Cash Withdrawal,Net Banking,1134,0,0
67402.95,Bill Payment,UPI,328,5,0
24002.42,Money Transfer,Credit Card,2434,0,0
50062.64,Bill Payment,Credit Card,175,7,0
46490.05,Online Purchase,Credit Card,957,1,0
149517.53,Cash Withdrawal,Net Banking,389,9,0
2962.58,Bill Payment,UPI,1824,10,0
103041.97,Money Transfer,Debit Card,98,6,0
55705.26,Money Transfer,UPI,1098,1,0
149731.81,Online Purchase,Debit Card,747,7,0
117761.54,Bill Payment,Credit Card,44,2,0
113956.03,Online Purchase,Credit Card,1309,1,1
129437.27,Money Transfer,UPI,2410,4,1
133600.46,Bill Payment,Credit Card,1795,4,1
125229.55,Online Purchase,Net Banking,784,2,0
82656.61,Bill Payment,UPI,115,3,0
124402.11,Online Purchase,Credit Card,1609,4,0
93343.9,Bill Payment,Credit Card,833,9,1
41687.38,Money Transfer,Credit Card,879,6,1
91775.04,Bill Payment,Credit Card,295,8,1
92053.3,Online Purchase,Debit Card,1380,9,0
26221.94,Bill Payment,UPI,998,5,0
51136.09,Online Purchase,UPI,1589,1,1
61192.81,Cash Withdrawal,Credit Card,79,6,0
141441.4,Online Purchase,Credit Card,2240,6,0
71677.35,Online Purchase,Debit Card,1962,8,1
102064.69,Money Transfer,Debit Card,2336,4,1
104863.5,Bill Payment,Debit Card,85,0,1
68825.59,Money Transfer,UPI,1344,0,1
94969.18,Online Purchase,Credit Card,2021,3,0
47034.23,Money Transfer,Net Banking,753,4,1
80632.11,Money Transfer,Credit Card,766,10,0
105398.22,Money Transfer,Debit Card,907,4,1
14377.81,Online Purchase,Credit Card,2341,0,0
133862.82,Online Purchase,UPI,1001,0,0
143865.38,Cash Withdrawal,UPI,996,0,1
135437.65,Online Purchase,Net Banking,1609,7,1
20498.55,Online Purchase,UPI,1371,7,0
131480.95,Cash Withdrawal,UPI,2317,2,1
89053.52,Cash Withdrawal,UPI,687,6,1
142992.36,Money Transfer,Net Banking,734,0,0
21305.65,Bill Payment,UPI,2133,2,0
69345.37,Cash Withdrawal,Credit Card,2441,2,1
66793.16,Online Purchase,UPI,664,3,0
82654.54,Money Transfer,Debit Card,1768,2,1
119309.73,Money Transfer,Credit Card,1445,8,1
78385.87,Cash Withdrawal,Credit Card,1500,9,1
16051.76,Online Purchase,Net Banking,867,8,1
82580.69,Online Purchase,UPI,2331,7,0
70619.73,Online Purchase,Net Banking,2278,8,1
7646.55,Bill Payment,Debit Card,1961,8,0
104934.7,Money Transfer,Credit Card,2243,6,1
23270.52,Cash Withdrawal,Debit Card,2086,4,0
132321.98,Online Purchase,Credit Card,2105,2,1
113123.51,Money Transfer,Credit Card,222,2,1
92294.78,Money Transfer,Debit Card,555,10,0
8968.02,Online Purchase,UPI,1142,7,0
98259.57,Money Transfer,Credit Card,271,6,0
143488.12,Money Transfer,Credit Card,519,10,1
19224.34,Money Transfer,Credit Card,1135,2,0
19766.96,Cash Withdrawal,Net Banking,1472,2,0
15574.99,Bill Payment,Debit Card,170,2,0
62747.51,Online Purchase,Net Banking,1039,6,1
102359.07,Online Purchase,UPI,2437,3,0
66051.56,Cash Withdrawal,UPI,1630,9,1
80636.63,Money Transfer,Credit Card,94,10,1
89772.42,Cash Withdrawal,Credit Card,1924,4,1
91256.96,Money Transfer,Debit Card,489,0,1
126337.81,Bill Payment,Credit Card,1586,6,1
85166.61,Money Transfer,Credit Card,1720,7,1
8475.98,Cash Withdrawal,UPI,1711,6,0
112996.12,Online Purchase,Net Banking,958,6,0
12708.49,Cash Withdrawal,UPI,1482,0,0
43112.26,Bill Payment,UPI,149,7,0
58788.29,Money Transfer,UPI,2477,3,0
85176.18,Bill Payment,Credit Card,1239,10,1
25174.5,Money Transfer,Debit Card,692,6,1
132321.42,Online Purchase,Credit Card,1211,2,1
117895.99,Money Transfer,UPI,2273,5,1
22780.71,Online Purchase,Net Banking,2434,10,0
111011.8,Cash Withdrawal,Debit Card,984,4,0
106711.25,Cash Withdrawal,UPI,904,3,0
120769.19,Money Transfer,UPI,1888,2,0
100039.9,Bill Payment,Debit Card,922,3,1
30425.8,Online Purchase,Debit Card,318,1,0
54940.07,Cash Withdrawal,Net Banking,115,5,0
40134.72,Cash Withdrawal,Net Banking,2309,10,1
49690.69,Cash Withdrawal,Net Banking,2404,4,0
141416.94,Bill Payment,Debit Card,1477,3,0
84691.22,Bill Payment,Net Banking,1584,9,0
57407.93,Online Purchase,Net Banking,855,4,1
26644.77,Bill Payment,UPI,91,8,0
1287.11,Bill Payment,UPI,2081,1,0
27886.18,Cash Withdrawal,Debit Card,1324,5,0
59621.53,Cash Withdrawal,Debit Card,463,3,1
130530.35,Bill Payment,Debit Card,982,5,0
88316.35,Online Purchase,UPI,744,6,1
122064.3,Online Purchase,UPI,2231,9,1
118916.52,Money Transfer,Net Banking,477,4,0
132931.02,Money Transfer,Credit Card,1855,9,1
98702.04,Cash Withdrawal,Debit Card,428,10,0
4595.15,Online Purchase,Net Banking,2175,5,0
21399.1,Online Purchase,Credit Card,1509,8,0
137430.92,Bill Payment,UPI,641,3,1
145422.21,Bill Payment,Debit Card,1774,8,0
39038.26,Cash Withdrawal,Credit Card,461,7,1
144734.53,Online Purchase,Net Banking,1399,2,1
66761.96,Cash Withdrawal,Debit Card,2365,6,1
48654.68,Money Transfer,Debit Card,1918,0,0
136662.91,Online Purchase,UPI,625,7,0
9525.98,Bill Payment,UPI,2127,10,0
5551.35,Money Transfer,Net Banking,730,2,1
28027.66,Cash Withdrawal,Debit Card,492,6,1
45238.48,Online Purchase,Debit Card,1631,8,0
104149.75,Cash Withdrawal,Debit Card,144,3,1
56774.71,Bill Payment,UPI,632,8,0
26483.94,Online Purchase,Debit Card,2358,10,0
117635.55,Bill Payment,Debit Card,1530,9,1
133998.37,Money Transfer,Debit Card,608,2,1
104014.43,Cash Withdrawal,Debit Card,779,8,1
26228.52,Bill Payment,UPI,1941,3,0
33902.73,Money Transfer,Net Banking,1749,1,0
145801.73,Cash Withdrawal,Net Banking,376,0,0
68921.29,Money Transfer,Net Banking,2487,7,0
18206.9,Money Transfer,Debit Card,1562,0,1
73759.69,Money Transfer,Net Banking,409,5,0
142827.32,Money Transfer,Debit Card,368,7,1
126288.0,Cash Withdrawal,UPI,2188,4,0
71823.61,Bill Payment,Net Banking,1076,2,1
146953.74,Money Transfer,Debit Card,581,2,0
76302.9,Online Purchase,UPI,1040,2,0
148559.39,Money Transfer,Debit Card,732,5,1
56616.34,Bill Payment,Debit Card,1523,10,1
58502.74,Cash Withdrawal,Debit Card,274,10,1
8407.74,Cash Withdrawal,Net Banking,1130,1,0
1046.31,Bill Payment,Debit Card,2290,4,0
98014.85,Bill Payment,Debit Card,56,10,1
116237.78,Money Transfer,Net Banking,235,8,1
99629.13,Money Transfer,Net Banking,1497,6,1
109601.59,Cash Withdrawal,Credit Card,1481,5,1
11000.95,Money Transfer,Credit Card,1509,1,0
108084.94,Online Purchase,Credit Card,2320,10,1
64296.95,Online Purchase,Credit Card,2361,6,0
31806.84,Bill Payment,Net Banking,2242,7,0
27810.93,Cash Withdrawal,Credit Card,562,0,0
65246.06,Money Transfer,Credit Card,292,9,0
74469.95,Money Transfer,Credit Card,614,4,1
30347.62,Money Transfer,Net Banking,1653,7,0
97125.22,Cash Withdrawal,Credit Card,2320,8,1
11221.58,Cash Withdrawal,Net Banking,1982,3,0
90331.12,Money Transfer,Debit Card,1794,10,1
114719.63,Cash Withdrawal,UPI,2363,8,1
71325.63,Cash Withdrawal,UPI,972,10,0
141111.62,Bill Payment,Debit Card,473,9,1
115517.51,Bill Payment,UPI,772,0,0
100849.81,Bill Payment,Debit Card,956,1,1
23865.08,Online Purchase,UPI,97,5,0
56782.58,Bill Payment,Net Banking,1164,7,1
7586.26,Money Transfer,Net Banking,2299,7,0
46447.11,Cash Withdrawal,Net Banking,1643,4,0
89003.57,Bill Payment,Credit Card,1720,3,0
52199.05,Online Purchase,UPI,1355,0,1
36715.16,Bill Payment,Debit Card,1927,3,0
110893.31,Bill Payment,Net Banking,764,7,1
16575.5,Bill Payment,Debit Card,2332,6,1
30962.71,Bill Payment,Net Banking,33,2,0
16607.28,Money Transfer,Net Banking,1694,10,1
45026.48,Online Purchase,UPI,1188,8,0
83982.71,Bill Payment,Net Banking,1429,4,1
65250.22,Bill Payment,UPI,1073,4,0
46177.99,Bill Payment,Credit Card,1251,9,1
85450.88,Money Transfer,Debit Card,1059,4,0
42834.82,Bill Payment,Net Banking,1081,0,0
101435.64,Money Transfer,Debit Card,920,0,0
75125.59,Money Transfer,Net Banking,896,9,0
80023.47,Bill Payment,Credit Card,1021,2,1
1295.62,Cash Withdrawal,Debit Card,251,2,0
71862.71,Online Purchase,Net Banking,1339,4,0
77833.96,Money Transfer,UPI,1691,5,1
120072.9,Money Transfer,Debit Card,153,3,1
45335.51,Cash Withdrawal,UPI,1563,1,0
91679.67,Online Purchase,Credit Card,580,5,1
116839.89,Money Transfer,Net Banking,1366,6,0
79361.88,Cash Withdrawal,Debit Card,1355,9,1
101663.37,Cash Withdrawal,Credit Card,2275,6,0
11924.31,Money Transfer,Credit Card,1070,5,0
28453.97,Bill Payment,Net Banking,1589,3,0
33501.06,Bill Payment,Credit Card,839,4,0
28655.01,Cash Withdrawal,Debit Card,556,0,0
29315.93,Cash Withdrawal,UPI,751,4,0
98437.89,Online Purchase,UPI,951,10,1
86958.89,Cash Withdrawal,Credit Card,134,8,0
148287.63,Bill Payment,Debit Card,2331,4,1
87426.75,Online Purchase,Debit Card,368,10,0
73145.6,Bill Payment,Credit Card,1908,4,1
5727.23,Money Transfer,UPI,240,2,0
119111.49,Bill Payment,Credit Card,670,2,0
91464.34,Bill Payment,Net Banking,1601,5,1
112765.81,Money Transfer,Debit Card,824,2,0
23082.37,Money Transfer,Credit Card,559,0,1
60250.77,Online Purchase,Debit Card,838,0,1
32996.99,Bill Payment,Net Banking,1919,7,1
103869.48,Cash Withdrawal,Net Banking,1496,0,0
64087.54,Cash Withdrawal,UPI,1292,3,0
8594.16,Bill Payment,UPI,863,0,0
135536.38,Money Transfer,UPI,1998,2,1
32596.04,Money Transfer,Credit Card,521,8,1
10308.4,Online Purchase,Credit Card,1861,2,0
99321.42,Money Transfer,UPI,214,5,1
122167.2,Cash Withdrawal,UPI,2239,7,0
143770.37,Cash Withdrawal,Net Banking,1316,4,1
93382.56,Money Transfer,UPI,205,6,1
81289.44,Cash Withdrawal,Debit Card,1922,10,1
75917.81,Online Purchase,Debit Card,638,5,0
120419.4,Bill Payment,Net Banking,1615,8,1
38282.9,Money Transfer,Debit Card,1989,3,0
67760.29,Online Purchase,Debit Card,409,2,1
146901.03,Online Purchase,Net Banking,2104,0,1
52063.68,Cash Withdrawal,Credit Card,303,7,0
129456.78,Cash Withdrawal,UPI,148,10,0
89779.81,Bill Payment,Credit Card,2408,9,1
104197.29,Money Transfer,UPI,449,7,1
26407.88,Cash Withdrawal,Net Banking,1043,3,0
68215.09,Money Transfer,Credit Card,1478,4,1
17036.73,Money Transfer,Net Banking,1313,10,0
88706.28,Cash Withdrawal,Debit Card,800,0,0
122486.45,Money Transfer,UPI,1206,4,1
135736.05,Online Purchase,UPI,2058,8,1
89923.13,Bill Payment,Credit Card,1110,7,1
25014.9,Bill Payment,Net Banking,2079,10,1
91850.41,Bill Payment,Debit Card,1836,7,1
105328.42,Money Transfer,Net Banking,1750,10,1
24077.75,Bill Payment,Net Banking,956,4,1
138200.16,Cash Withdrawal,UPI,699,2,0
85129.09,Online Purchase,Net Banking,330,6,1
12648.87,Money Transfer,Credit Card,1511,9,0
23734.42,Bill Payment,Credit Card,293,5,0
143262.03,Cash Withdrawal,Debit Card,173,2,0
47439.11,Cash Withdrawal,Debit Card,1786,3,0
108058.21,Money Transfer,Net Banking,706,9,1
99645.64,Money Transfer,Credit Card,1768,6,1
99520.47,Online Purchase,UPI,398,3,1
16134.68,Online Purchase,Credit Card,1117,9,0
127663.62,Money Transfer,Credit Card,343,2,0
14244.75,Money Transfer,Credit Card,1525,4,0
136763.31,Online Purchase,UPI,2205,2,0
81561.64,Cash Withdrawal,Net Banking,1221,0,1
87469.08,Bill Payment,UPI,2279,8,1
46464.65,Bill Payment,Debit Card,4,0,0
26731.44,Cash Withdrawal,Net Banking,2149,7,0
47120.39,Bill Payment,Net Banking,1646,4,0
59954.44,Bill Payment,Credit Card,2441,6,0
32734.96,Money Transfer,Credit Card,578,6,0
26938.95,Money Transfer,Debit Card,71,4,0
6916.27,Money Transfer,UPI,2179,3,0
17003.91,Cash Withdrawal,Credit Card,369,7,0
67032.37,Cash Withdrawal,UPI,2357,8,1
24216.46,Money Transfer,Credit Card,2251,0,1
131289.99,Cash Withdrawal,Net Banking,86,2,0
9451.95,Bill Payment,Debit Card,661,8,1
81641.38,Money Transfer,Credit Card,16,5,1
49062.96,Money Transfer,UPI,1001,8,0
82520.01,Online Purchase,UPI,2266,2,0
126383.45,Money Transfer,Credit Card,245,7,1
104656.22,Money Transfer,Net Banking,1787,3,0
26678.83,Money Transfer,Net Banking,835,3,0
61185.61,Online Purchase,UPI,468,10,0
136966.34,Cash Withdrawal,Debit Card,1629,7,1
65164.61,Bill Payment,Credit Card,4,1,1
99607.22,Money Transfer,Debit Card,925,9,1
100986.73,Money Transfer,UPI,766,7,0
109275.6,Online Purchase,Net Banking,1333,0,1
134358.39,Cash Withdrawal,Net Banking,390,10,1
113352.1,Bill Payment,Debit Card,26,10,1
80780.12,Online Purchase,UPI,1014,1,0
70116.62,Cash Withdrawal,Net Banking,479,7,0
104249.55,Bill Payment,Net Banking,2374,8,1
81198.57,Bill Payment,UPI,2038,2,0
2593.78,Money Transfer,Net Banking,1544,5,0
123314.1,Cash Withdrawal,Debit Card,1450,9,0
20841.04,Cash Withdrawal,Debit Card,1262,9,0
84869.11,Money Transfer,UPI,1336,3,0
100707.25,Online Purchase,Net Banking,1221,2,0
91213.68,Cash Withdrawal,UPI,1947,2,0
61859.66,Bill Payment,Credit Card,1794,9,1
72716.24,Online Purchase,Net Banking,1258,10,0
38311.02,Bill Payment,UPI,1662,4,1
76407.93,Bill Payment,Credit Card,1684,7,1
125850.46,Bill Payment,Debit Card,1633,9,1
80029.37,Cash Withdrawal,UPI,2394,8,1
43573.36,Online Purchase,Debit Card,2109,6,0
49067.39,Money Transfer,Credit Card,129,2,0
144180.81,Online Purchase,Net Banking,1640,4,1
135269.6,Online Purchase,Debit Card,1109,8,0
53849.53,Online Purchase,Debit Card,3,8,1
86012.85,Money Transfer,Credit Card,1352,7,1
122239.05,Money Transfer,Net Banking,1073,1,0
62457.51,Money Transfer,Credit Card,612,7,0
137288.27,Online Purchase,Credit Card,872,0,0
108058.56,Cash Withdrawal,Credit Card,2426,9,1
30575.53,Bill Payment,Net Banking,1200,1,0
115111.39,Money Transfer,Net Banking,2218,10,1
148580.06,Cash Withdrawal,Net Banking,2333,0,0
72029.87,Online Purchase,Credit Card,2175,7,1
131740.21,Online Purchase,Credit Card,463,10,1
64216.25,Online Purchase,Credit Card,946,4,0
45522.11,Bill Payment,Debit Card,2464,9,0
59069.86,Bill Payment,UPI,1729,8,0
60190.3,Bill Payment,Debit Card,1233,0,0
118130.88,Money Transfer,Credit Card,1326,5,1
65484.58,Cash Withdrawal,Debit Card,1292,6,0
27717.1,Money Transfer,Credit Card,2495,0,0
32396.68,Bill Payment,Net Banking,121,4,0
72112.01,Cash Withdrawal,UPI,2217,4,0
48919.48,Money Transfer,Net Banking,1337,2,1
123631.01,Money Transfer,Debit Card,1281,0,1
12367.17,Money Transfer,UPI,1365,5,1
25017.0,Online Purchase,Credit Card,1021,6,1
27806.75,Online Purchase,Credit Card,1935,3,0
96049.87,Cash Withdrawal,Net Banking,644,6,0
80457.15,Money Transfer,UPI,2277,5,0
48252.21,Bill Payment,Debit Card,742,9,0
25629.65,Bill Payment,Debit Card,1281,1,0
146627.0,Bill Payment,Net Banking,1509,9,1
10077.36,Bill Payment,Credit Card,2168,10,1
46346.22,Online Purchase,UPI,1836,7,0
70795.23,Bill Payment,Debit Card,1461,2,0
131089.37,Bill Payment,Credit Card,1890,1,1
45112.01,Cash Withdrawal,Debit Card,1065,4,0
90494.88,Online Purchase,UPI,948,7,0
4639.75,Money Transfer,Credit Card,2171,3,0
131089.65,Online Purchase,Debit Card,982,10,1
90171.22,Money Transfer,Net Banking,154,8,1
80288.69,Money Transfer,Credit Card,1445,2,0
71335.15,Online Purchase,UPI,2273,6,1
102672.25,Bill Payment,Debit Card,501,7,0
61348.2,Money Transfer,UPI,928,7,0
117658.91,Online Purchase,Credit Card,2097,9,0
53500.44,Cash Withdrawal,Debit Card,1199,4,0
74534.95,Cash Withdrawal,Net Banking,1552,2,0
59683.82,Online Purchase,UPI,920,3,0
20569.1,Bill Payment,Net Banking,1762,4,0
51284.11,Online Purchase,Credit Card,460,0,0
83160.13,Cash Withdrawal,Debit Card,2366,0,0
35169.49,Bill Payment,Debit Card,390,1,0
61498.85,Bill Payment,UPI,698,10,1
41612.61,Bill Payment,Net Banking,2388,5,0
84199.9,Bill Payment,Net Banking,1346,10,0
52344.57,Money Transfer,Credit Card,2427,0,1
10811.42,Cash Withdrawal,Credit Card,564,4,0
28210.96,Cash Withdrawal,Credit Card,1893,0,0
112616.85,Bill Payment,UPI,1347,1,0
119241.27,Money Transfer,Net Banking,2034,2,0
58743.67,Online Purchase,Credit Card,747,3,0
31567.01,Bill Payment,Net Banking,2197,1,0
86760.53,Cash Withdrawal,Credit Card,1127,5,0
133137.44,Online Purchase,Debit Card,432,7,1
7144.41,Bill Payment,Debit Card,2295,6,0
87821.65,Money Transfer,UPI,367,10,0
47030.84,Online Purchase,Net Banking,49,10,1
19067.83,Cash Withdrawal,Credit Card,498,1,0
118110.99,Online Purchase,Credit Card,1019,8,1
86068.44,Cash Withdrawal,UPI,551,10,0
52499.3,Money Transfer,Net Banking,174,9,1
79714.71,Online Purchase,Credit Card,175,4,1
131910.01,Bill Payment,Debit Card,1889,3,1
135875.95,Cash Withdrawal,Debit Card,1553,6,1
66036.63,Money Transfer,UPI,2088,9,1
36877.37,Bill Payment,Debit Card,248,0,0
81728.45,Cash Withdrawal,Credit Card,1503,10,0
67609.38,Money Transfer,Credit Card,1370,6,0
35987.38,Cash Withdrawal,Debit Card,1463,5,0
17441.96,Cash Withdrawal,UPI,1009,6,0
92055.3,Money Transfer,Debit Card,1932,7,1
4323.14,Money Transfer,Net Banking,1550,6,1
137125.48,Bill Payment,Debit Card,2135,1,1
38307.62,Online Purchase,Net Banking,314,0,0
93555.43,Cash Withdrawal,UPI,839,5,0
122738.48,Bill Payment,Net Banking,1088,0,0
144503.85,Online Purchase,Debit Card,2295,8,1
73613.2,Money Transfer,Credit Card,1082,2,0
31358.74,Money Transfer,Credit Card,1079,10,1
40661.17,Online Purchase,Debit Card,2425,5,0
138992.09,Cash Withdrawal,Credit Card,1714,7,1
104306.36,Online Purchase,Debit Card,710,8,1
128743.61,Cash Withdrawal,UPI,1311,5,1
106066.09,Bill Payment,Net Banking,557,7,1
39955.72,Money Transfer,Credit Card,1741,8,0
147769.38,Online Purchase,Net Banking,1110,0,1
142071.94,Online Purchase,Net Banking,842,8,1
97819.75,Bill Payment,Debit Card,959,3,0
114171.04,Cash Withdrawal,Credit Card,1029,1,1
1363.47,Online Purchase,Credit Card,1430,3,0
95573.65,Cash Withdrawal,Credit Card,764,8,1
20072.72,Bill Payment,Debit Card,162,4,1
127122.62,Money Transfer,Credit Card,143,10,1
69327.61,Online Purchase,UPI,1145,1,1
106120.69,Cash Withdrawal,UPI,409,9,1
40681.32,Money Transfer,Credit Card,244,9,1
92457.23,Online Purchase,Debit Card,591,4,0
69895.85,Cash Withdrawal,Debit Card,1597,4,0
86193.0,Money Transfer,Debit Card,727,5,1
74451.74,Bill Payment,Debit Card,760,4,1
124874.02,Money Transfer,Debit Card,1718,1,1
124282.74,Online Purchase,Credit Card,789,4,1
64800.01,Cash Withdrawal,Debit Card,206,7,1
81968.69,Cash Withdrawal,Debit Card,230,2,0
4866.45,Bill Payment,Debit Card,1602,6,0
10604.76,Bill Payment,Debit Card,1677,8,0
1595.46,Cash Withdrawal,Net Banking,2478,5,1
14457.38,Money Transfer,Debit Card,1367,9,0
3996.93,Cash Withdrawal,Debit Card,1891,1,0
116825.98,Cash Withdrawal,Debit Card,657,1,1
81126.33,Cash Withdrawal,Credit Card,2087,7,0
98297.39,Cash Withdrawal,Debit Card,761,1,1
123561.75,Bill Payment,UPI,1670,1,0
16732.81,Money Transfer,Credit Card,1942,0,0
46028.35,Cash Withdrawal,Credit Card,593,3,0
44041.05,Money Transfer,Debit Card,1477,2,1
59656.98,Money Transfer,UPI,742,3,0
40554.73,Online Purchase,Debit Card,70,9,1
111311.98,Cash Withdrawal,Net Banking,739,6,1
31315.79,Money Transfer,Net Banking,1447,5,1
138450.09,Cash Withdrawal,Net Banking,324,10,1
122769.34,Online Purchase,Debit Card,1108,5,0
53927.64,Bill Payment,Credit Card,1566,0,1
16034.47,Online Purchase,UPI,2200,9,0
13728.73,Cash Withdrawal,Net Banking,1170,9,0
132745.93,Bill Payment,Net Banking,2278,6,0
136254.31,Cash Withdrawal,Debit Card,877,7,1
8912.24,Online Purchase,UPI,1278,7,0
76724.66,Money Transfer,Net Banking,2284,1,0
16519.37,Online Purchase,Net Banking,1195,9,0
19681.36,Cash Withdrawal,UPI,179,0,0
110572.86,Money Transfer,Net Banking,2491,10,1
29687.34,Bill Payment,Debit Card,1142,8,1
65613.24,Cash Withdrawal,Credit Card,2066,2,1
86155.23,Cash Withdrawal,UPI,1124,6,1
107190.94,Online Purchase,Debit Card,271,2,1
109055.24,Money Transfer,Credit Card,1472,5,1
31299.78,Money Transfer,Credit Card,250,0,1
77897.67,Money Transfer,UPI,1652,7,1
16773.36,Online Purchase,Credit Card,2115,8,0
116743.92,Online Purchase,Credit Card,1033,1,1
497.25,Online Purchase,Net Banking,2326,10,1
35341.03,Cash Withdrawal,Debit Card,1871,9,0
141766.14,Cash Withdrawal,Credit Card,1591,0,0
109984.98,Bill Payment,Credit Card,2244,6,1
38776.18,Money Transfer,Credit Card,208,0,0
122408.75,Bill Payment,Debit Card,1021,6,1
14607.48,Money Transfer,Net Banking,338,1,0
12865.93,Online Purchase,UPI,1062,5,0
113908.51,Bill Payment,Debit Card,75,3,0
120757.49,Online Purchase,Credit Card,1487,3,1
35952.11,Cash Withdrawal,Net Banking,123,7,0
141523.1,Bill Payment,UPI,2384,4,0
64848.17,Money Transfer,Credit Card,392,0,0
40122.78,Online Purchase,Debit Card,2209,1,0
22915.91,Money Transfer,Debit Card,2103,7,0
115081.98,Online Purchase,Debit Card,1602,2,1
52062.93,Online Purchase,Net Banking,1074,5,0
70188.59,Bill Payment,Debit Card,1686,4,1
139589.76,Bill Payment,Net Banking,72,0,1
24004.61,Online Purchase,Debit Card,2260,5,1
17517.68,Cash Withdrawal,Credit Card,724,10,0
51958.14,Online Purchase,UPI,1629,1,0
9218.76,Money Transfer,Debit Card,227,4,0
3627.39,Online Purchase,Debit Card,2301,3,0
68796.36,Online Purchase,Credit Card,720,3,0
19160.13,Cash Withdrawal,Credit Card,1438,1,0
98264.11,Bill Payment,UPI,48,7,0
65340.41,Bill Payment,Debit Card,1060,4,1
6995.92,Bill Payment,Debit Card,592,7,0
32892.58,Bill Payment,Net Banking,104,1,0
50001.15,Online Purchase,UPI,2045,10,0
144609.43,Bill Payment,Net Banking,610,4,1
83794.31,Cash Withdrawal,Credit Card,2012,6,0
24560.97,Bill Payment,Credit Card,517,7,0
27572.6,Cash Withdrawal,Credit Card,2087,6,0
105568.5,Cash Withdrawal,UPI,1640,2,0
41481.69,Online Purchase,Net Banking,1675,8,0
128453.26,Bill Payment,UPI,1939,7,0
99392.48,Online Purchase,Debit Card,1482,0,1
146247.59,Online Purchase,UPI,2051,9,1
45270.44,Money Transfer,Debit Card,964,5,0
121773.08,Bill Payment,Credit Card,1259,6,0
113109.61,Money Transfer,Credit Card,618,1,1
95616.01,Bill Payment,UPI,671,5,1
117869.64,Online Purchase,Net Banking,1133,4,0
13282.42,Online Purchase,Credit Card,2020,3,0
12138.15,Money Transfer,Net Banking,1021,0,0
64412.27,Bill Payment,Debit Card,1382,10,0
43196.28,Money Transfer,Credit Card,2164,8,1
120225.48,Online Purchase,Net Banking,1660,4,0
2841.15,Online Purchase,Credit Card,180,2,0
122295.11,Bill Payment,UPI,804,10,1
12431.03,Money Transfer,Debit Card,121,1,0
7738.56,Cash Withdrawal,Credit Card,982,7,1
107058.14,Cash Withdrawal,Credit Card,240,3,1
149925.43,Money Transfer,Credit Card,2436,7,1
88874.78,Online Purchase,Credit Card,367,4,1
2079.63,Bill Payment,Net Banking,479,3,0
103509.84,Online Purchase,Net Banking,2273,6,1
112407.33,Cash Withdrawal,Debit Card,1454,10,1
146667.62,Online Purchase,UPI,404,9,1
126825.61,Cash Withdrawal,UPI,1494,0,0
11648.49,Cash Withdrawal,UPI,916,5,0
105954.7,Online Purchase,Net Banking,682,8,1
130097.53,Cash Withdrawal,Credit Card,1932,2,0
89851.77,Online Purchase,Debit Card,1917,1,0
15956.96,Online Purchase,Credit Card,1926,2,0
30500.11,Cash Withdrawal,UPI,1971,7,0
80367.53,Cash Withdrawal,UPI,929,0,0
62941.88,Online Purchase,Credit Card,746,4,0
101093.09,Bill Payment,UPI,1907,8,1
25540.49,Bill Payment,UPI,796,2,0
59349.68,Money Transfer,Debit Card,498,6,0
118422.37,Cash Withdrawal,Net Banking,2259,5,0
39011.28,Cash Withdrawal,Credit Card,1594,7,0
53540.45,Cash Withdrawal,Credit Card,1008,9,0
137167.16,Bill Payment,Debit Card,367,5,1
17404.47,Cash Withdrawal,UPI,595,6,1
72103.37,Online Purchase,Debit Card,810,5,1
141158.44,Bill Payment,Debit Card,1156,3,0
104256.24,Money Transfer,Debit Card,1182,8,1
75558.04,Money Transfer,Credit Card,42,4,0
110814.67,Online Purchase,Credit Card,1296,3,1
15230.01,Online Purchase,Net Banking,1951,5,0
107174.61,Cash Withdrawal,UPI,1656,3,1
130173.62,Bill Payment,Debit Card,1270,8,1
570.73,Online Purchase,Credit Card,1132,7,0
115329.24,Money Transfer,Net Banking,2071,9,1
128342.86,Online Purchase,UPI,1936,3,0
48210.65,Online Purchase,Debit Card,2237,1,0
136150.35,Bill Payment,Credit Card,549,3,0
114785.02,Cash Withdrawal,Credit Card,1399,5,1
56519.44,Online Purchase,Net Banking,659,3,0
2927.23,Bill Payment,UPI,1783,5,0
63485.44,Cash Withdrawal,Net Banking,579,0,0
66287.29,Online Purchase,Net Banking,834,0,0
69630.41,Bill Payment,Net Banking,1080,10,1
149236.7,Money Transfer,Net Banking,251,3,1
47775.72,Money Transfer,Credit Card,761,7,1
11027.11,Bill Payment,UPI,1881,10,1
7566.6,Money Transfer,UPI,1064,6,0
60483.71,Money Transfer,Net Banking,762,8,1
45108.58,Online Purchase,Net Banking,1707,6,0
1641.81,Cash Withdrawal,Debit Card,590,7,0
128964.05,Money Transfer,UPI,853,8,0
60192.92,Cash Withdrawal,Debit Card,1467,9,1
133978.16,Cash Withdrawal,Net Banking,2488,0,1
100806.11,Online Purchase,UPI,2118,8,0
88739.13,Money Transfer,Debit Card,236,5,0
116635.37,Bill Payment,Credit Card,1421,0,0
141544.18,Money Transfer,Net Banking,820,9,1
12662.82,Bill Payment,Net Banking,1758,4,0
47209.16,Bill Payment,Net Banking,1845,0,0
75078.72,Cash Withdrawal,Net Banking,1389,5,1
65506.5,Online Purchase,Credit Card,989,8,1
126777.22,Cash Withdrawal,Debit Card,1649,2,0
31015.68,Online Purchase,Debit Card,719,10,1
15582.79,Online Purchase,Net Banking,1520,10,0
63946.36,Online Purchase,Net Banking,437,6,1
116937.73,Money Transfer,UPI,468,4,1
82917.83,Money Transfer,Credit Card,1536,2,0
125348.3,Online Purchase,Debit Card,2395,2,1
134783.47,Cash Withdrawal,Credit Card,392,4,1
59688.35,Cash Withdrawal,Credit Card,249,6,0
130265.9,Cash Withdrawal,Net Banking,80,3,0
12149.72,Money Transfer,Net Banking,162,5,0
141210.21,Bill Payment,Debit Card,855,2,1
68879.82,Bill Payment,UPI,1544,9,1
17058.56,Cash Withdrawal,Debit Card,2307,4,0
65041.36,Money Transfer,Credit Card,2212,3,0
4973.45,Cash Withdrawal,UPI,1066,0,0
52534.13,Bill Payment,Credit Card,2473,3,0
33807.46,Cash Withdrawal,Debit Card,2021,2,0
13142.29,Online Purchase,Net Banking,911,5,0
44839.92,Cash Withdrawal,Credit Card,514,6,0
67939.12,Bill Payment,Debit Card,1859,2,0
45627.99,Money Transfer,Net Banking,1085,9,0
87998.98,Online Purchase,Net Banking,3,8,1
65283.87,Online Purchase,Net Banking,2029,5,0
126988.48,Online Purchase,Debit Card,183,8,1
107258.77,Online Purchase,Debit Card,2438,0,1
115769.92,Bill Payment,UPI,976,9,1
38931.3,Online Purchase,Debit Card,711,2,0
28945.03,Money Transfer,Debit Card,27,2,1
10178.62,Money Transfer,UPI,1358,5,0
9001.0,Money Transfer,UPI,1162,5,0
102474.26,Online Purchase,Debit Card,1659,9,1
83202.16,Bill Payment,Debit Card,794,3,1
24413.96,Money Transfer,Net Banking,669,9,1
1185.65,Online Purchase,UPI,2312,8,0
34650.67,Money Transfer,UPI,1107,1,0
87010.15,Cash Withdrawal,UPI,2452,6,1
131197.41,Money Transfer,Credit Card,483,2,1
74512.3,Money Transfer,Credit Card,1971,7,1
55817.12,Money Transfer,Credit Card,61,6,1
116253.61,Bill Payment,Credit Card,2320,3,0
51350.48,Online Purchase,Debit Card,741,6,0
105478.3,Online Purchase,Net Banking,1526,3,0
19303.51,Cash Withdrawal,UPI,1940,5,1
127971.75,Cash Withdrawal,UPI,1570,1,0
21365.87,Online Purchase,Net Banking,494,7,0
34362.44,Online Purchase,Debit Card,2184,4,0
20700.54,Online Purchase,Debit Card,681,1,0
103693.38,Bill Payment,UPI,41,5,1
31561.57,Money Transfer,Credit Card,2384,10,1
35740.64,Online Purchase,Net Banking,1988,9,0
21034.67,Cash Withdrawal,Debit Card,1534,4,0
23083.48,Online Purchase,Debit Card,1042,10,0
48268.28,Online Purchase,Debit Card,31,4,0
72517.07,Online Purchase,Net Banking,2019,10,1
86229.71,Money Transfer,Debit Card,697,9,1
83772.68,Bill Payment,Credit Card,1467,9,0
24972.78,Cash Withdrawal,UPI,1775,4,1
78012.82,Bill Payment,Debit Card,2218,2,0
48163.79,Cash Withdrawal,Net Banking,553,6,0
2796.62,Bill Payment,Net Banking,1976,2,0
116859.9,Bill Payment,UPI,888,10,0
110593.36,Online Purchase,Net Banking,692,8,1
27616.68,Bill Payment,Credit Card,436,8,1
109427.48,Cash Withdrawal,Debit Card,1229,7,1
61737.25,Bill Payment,Debit Card,53,1,0
25512.11,Money Transfer,Debit Card,1121,1,0
86052.31,Online Purchase,Credit Card,2481,10,1
25619.12,Cash Withdrawal,Credit Card,551,6,0
39415.2,Bill Payment,Credit Card,2379,5,0
27848.22,Cash Withdrawal,UPI,162,0,0
92217.03,Online Purchase,Credit Card,2355,3,1
114476.03,Money Transfer,Debit Card,657,4,0
14137.56,Money Transfer,Net Banking,24,0,0
3288.03,Money Transfer,Net Banking,1991,10,1
60056.14,Cash Withdrawal,Credit Card,1713,0,0
65445.37,Money Transfer,Net Banking,1153,3,0
107012.91,Bill Payment,Credit Card,61,9,1
69508.02,Money Transfer,UPI,1736,1,0
63899.05,Money Transfer,Debit Card,456,3,0
132920.25,Cash Withdrawal,Credit Card,51,10,0
92621.0,Bill Payment,Credit Card,1783,4,1
30087.44,Online Purchase,Net Banking,1430,4,0
43227.04,Money Transfer,Net Banking,732,7,0
134224.48,Bill Payment,Net Banking,1722,0,1
103912.72,Bill Payment,UPI,738,9,0
122836.54,Cash Withdrawal,Credit Card,1939,5,0
15103.01,Cash Withdrawal,Credit Card,355,7,0
84738.33,Money Transfer,UPI,749,0,0
43125.97,Money Transfer,Net Banking,1261,4,0
11757.63,Cash Withdrawal,Debit Card,898,4,0
117157.63,Money Transfer,Net Banking,2346,4,1
114152.24,Online Purchase,Debit Card,1471,4,0
55521.5,Money Transfer,Net Banking,561,6,0
6315.22,Cash Withdrawal,Debit Card,811,8,0
105944.06,Online Purchase,Credit Card,14,9,1
75178.89,Bill Payment,UPI,1974,4,1
58683.14,Bill Payment,Debit Card,1316,9,0
125300.84,Online Purchase,Debit Card,1954,8,1
100827.05,Online Purchase,UPI,2002,10,1
110582.18,Bill Payment,Debit Card,1867,8,0
78430.29,Bill Payment,Debit Card,1873,0,0
56338.95,Cash Withdrawal,UPI,1703,4,0
127377.04,Money Transfer,Net Banking,958,6,1
121389.37,Online Purchase,UPI,1217,1,0
122489.82,Online Purchase,Credit Card,611,7,1
104397.12,Online Purchase,Credit Card,2118,4,1
104655.9,Cash Withdrawal,Credit Card,1189,3,1
112959.53,Cash Withdrawal,Credit Card,1383,0,1
37272.0,Bill Payment,Net Banking,2426,8,1
4154.76,Cash Withdrawal,Net Banking,865,0,0
70703.38,Online Purchase,Debit Card,750,2,0
133189.1,Cash Withdrawal,UPI,333,9,1
76833.92,Cash Withdrawal,UPI,894,8,0
101470.29,Online Purchase,Net Banking,1929,3,0
30732.11,Money Transfer,Net Banking,1638,0,0
47305.4,Bill Payment,Credit Card,1240,9,1
124282.53,Cash Withdrawal,Credit Card,1075,10,0
63445.86,Online Purchase,Net Banking,1814,0,0
30969.32,Online Purchase,Credit Card,1648,2,0
144327.38,Online Purchase,Net Banking,786,9,1
115033.98,Online Purchase,Debit Card,2010,1,0
62860.07,Bill Payment,Debit Card,956,7,1
110656.91,Online Purchase,Net Banking,1262,9,1
60843.25,Bill Payment,Debit Card,124,3,0
88744.62,Money Transfer,Credit Card,973,5,1
148436.11,Online Purchase,Credit Card,1157,5,0
91613.32,Cash Withdrawal,Net Banking,110,6,0
9620.06,Bill Payment,Net Banking,778,0,0
149435.5,Money Transfer,UPI,951,8,0
111400.62,Bill Payment,Debit Card,223,2,0
104091.3,Online Purchase,Net Banking,2207,1,1
75349.49,Online Purchase,Net Banking,1544,10,1
33346.92,Online Purchase,UPI,2162,9,0
113817.66,Online Purchase,Credit Card,1555,10,0
132384.4,Money Transfer,Credit Card,1346,0,1
67370.37,Online Purchase,Credit Card,1950,0,0
146601.25,Cash Withdrawal,UPI,175,7,0
30617.7,Online Purchase,Credit Card,1861,2,0
79350.95,Cash Withdrawal,Debit Card,1213,4,0
49004.72,Online Purchase,Credit Card,1875,2,0
98999.69,Bill Payment,Debit Card,1913,10,1
11381.77,Online Purchase,Net Banking,2427,10,1
90016.14,Cash Withdrawal,Credit Card,703,7,1
19951.51,Online Purchase,Debit Card,69,3,0
68497.79,Money Transfer,Net Banking,798,10,0
39757.93,Bill Payment,Debit Card,1336,9,0
97679.01,Bill Payment,UPI,2138,10,0
72734.49,Online Purchase,Credit Card,732,0,0
44355.74,Money Transfer,UPI,665,10,0
32320.95,Online Purchase,Credit Card,640,3,0
37371.74,Money Transfer,UPI,2335,7,0
122472.72,Online Purchase,Debit Card,2499,6,0
67384.01,Money Transfer,UPI,993,6,1
126684.8,Bill Payment,Credit Card,1442,5,1
114638.33,Bill Payment,Credit Card,2183,7,0
116854.78,Bill Payment,Credit Card,996,6,0
40869.39,Money Transfer,Credit Card,1443,9,1
74812.1,Bill Payment,UPI,1639,6,1
29718.07,Money Transfer,Debit Card,1753,0,0
121038.9,Cash Withdrawal,UPI,2398,1,1
87263.38,Cash Withdrawal,Debit Card,553,0,0
27980.69,Cash Withdrawal,Debit Card,680,6,0
19408.75,Cash Withdrawal,Net Banking,1631,1,0
142299.3,Cash Withdrawal,Debit Card,775,5,1
147791.48,Money Transfer,Debit Card,883,5,0
110247.1,Cash Withdrawal,Net Banking,2030,7,1
55888.12,Cash Withdrawal,Credit Card,1234,1,1
78826.26,Online Purchase,UPI,2491,3,1
30101.3,Money Transfer,Credit Card,634,2,0
4496.71,Online Purchase,UPI,1219,0,0
98767.83,Cash Withdrawal,Net Banking,602,9,0
141589.87,Bill Payment,Debit Card,139,4,0
84647.05,Money Transfer,UPI,485,0,1
121747.96,Cash Withdrawal,UPI,624,10,0
70564.59,Online Purchase,Net Banking,1341,10,1
24049.36,Money Transfer,UPI,47,5,0
106442.2,Money Transfer,Credit Card,2125,2,1
124764.46,Online Purchase,Net Banking,1748,6,1
120079.9,Bill Payment,Net Banking,513,9,0
124109.8,Online Purchase,UPI,1648,8,1
746.64,Cash Withdrawal,UPI,1008,10,0
67340.63,Cash Withdrawal,Net Banking,412,8,1
50047.51,Cash Withdrawal,Debit Card,1190,0,0
119330.86,Bill Payment,Net Banking,1056,1,0
47766.35,Online Purchase,Debit Card,1975,10,0
127577.99,Online Purchase,Credit Card,213,7,1
29547.75,Money Transfer,Credit Card,2033,5,1
62914.65,Money Transfer,Credit Card,601,5,0
111657.21,Online Purchase,Debit Card,2113,7,1
68997.31,Money Transfer,UPI,754,4,0
46645.28,Cash Withdrawal,UPI,2253,9,1
40712.95,Cash Withdrawal,Credit Card,1819,8,1
19387.75,Money Transfer,UPI,270,0,0
70618.36,Bill Payment,Credit Card,2492,1,0
94518.25,Bill Payment,Credit Card,1980,3,0
25052.16,Bill Payment,Credit Card,1098,5,0
145742.92,Online Purchase,Credit Card,2287,5,1
51712.54,Online Purchase,Credit Card,1315,7,1
107775.15,Cash Withdrawal,UPI,1020,9,1
138281.64,Online Purchase,Net Banking,1937,0,1
1795.06,Money Transfer,Credit Card,1276,5,0
17672.73,Bill Payment,Credit Card,1019,9,0
106805.31,Money Transfer,Debit Card,334,8,1
31430.02,Cash Withdrawal,Net Banking,657,0,0
55824.83,Cash Withdrawal,UPI,87,10,1
81118.69,Money Transfer,Net Banking,1318,2,0
50758.13,Cash Withdrawal,UPI,1792,9,1
30638.18,Money Transfer,UPI,1711,2,0
139887.83,Cash Withdrawal,UPI,1080,0,0
76133.59,Online Purchase,Net Banking,1997,0,0
144746.69,Cash Withdrawal,Credit Card,2444,2,1
101956.88,Online Purchase,Credit Card,2216,10,0
42393.91,Money Transfer,Credit Card,377,3,0
136579.23,Cash Withdrawal,Net Banking,411,1,1
41423.99,Bill Payment,Credit Card,1405,2,0
36221.23,Online Purchase,Credit Card,2434,10,1
44360.77,Cash Withdrawal,Debit Card,602,0,0
90132.89,Cash Withdrawal,Credit Card,1950,7,0
54567.43,Bill Payment,UPI,1968,0,0
101866.53,Money Transfer,Debit Card,328,7,0
43462.39,Online Purchase,UPI,999,9,1
131472.24,Cash Withdrawal,Net Banking,1672,2,0
27052.32,Bill Payment,Net Banking,12,5,1
2140.05,Cash Withdrawal,Credit Card,2190,4,1
56158.15,Cash Withdrawal,Credit Card,886,6,0
7357.96,Online Purchase,Net Banking,969,0,0
35882.03,Online Purchase,UPI,181,2,0
133076.2,Online Purchase,Net Banking,1090,0,0
88206.48,Online Purchase,Debit Card,2403,0,0
148266.65,Online Purchase,Debit Card,119,2,1
3593.49,Bill Payment,UPI,648,3,0
69064.2,Bill Payment,Net Banking,2448,5,1
16905.87,Money Transfer,Net Banking,171,0,0
80063.58,Online Purchase,Debit Card,1899,5,0
142133.6,Bill Payment,UPI,1056,4,0
88621.32,Money Transfer,Credit Card,1307,4,0
144400.38,Bill Payment,UPI,1350,3,0
18740.92,Online Purchase,Credit Card,2245,9,1
94424.65,Money Transfer,UPI,1160,5,1
60981.05,Money Transfer,UPI,612,1,0
74306.73,Bill Payment,Net Banking,1557,0,0
121761.49,Online Purchase,Net Banking,572,4,1
4669.46,Online Purchase,UPI,1839,10,1
63297.75,Cash Withdrawal,Credit Card,537,3,0
149146.35,Bill Payment,UPI,112,1,1
29937.26,Online Purchase,Credit Card,1808,3,0
95257.78,Online Purchase,Net Banking,2036,1,0
8189.89,Cash Withdrawal,Credit Card,1530,2,0
45403.1,Money Transfer,Debit Card,2420,5,1
85118.43,Online Purchase,Net Banking,1083,5,1
102033.41,Bill Payment,Net Banking,2391,0,1
69089.23,Online Purchase,Net Banking,1781,4,0
60751.9,Money Transfer,Net Banking,1353,6,0
83103.97,Money Transfer,UPI,2488,7,1
100615.84,Cash Withdrawal,Net Banking,2241,0,1
70359.24,Money Transfer,Debit Card,1959,7,0
13396.46,Bill Payment,Debit Card,25,10,1
27922.73,Online Purchase,UPI,1772,7,0
28529.09,Money Transfer,Net Banking,872,10,1
84871.81,Cash Withdrawal,UPI,1062,0,1
84144.59,Money Transfer,UPI,984,2,0
140222.22,Cash Withdrawal,Net Banking,2432,10,1
24884.15,Cash Withdrawal,Debit Card,654,3,0
130133.18,Money Transfer,Credit Card,560,3,0
3351.49,Online Purchase,UPI,1,1,0
28415.94,Money Transfer,UPI,1202,2,0
44608.67,Online Purchase,Debit Card,2491,0,0
72542.38,Bill Payment,Credit Card,1345,4,0
19112.98,Cash Withdrawal,Credit Card,1813,5,0
103489.96,Online Purchase,Debit Card,2258,3,1
666.65,Cash Withdrawal,UPI,1008,3,0
27727.33,Cash Withdrawal,Debit Card,526,7,0
70082.63,Money Transfer,Credit Card,1697,8,1
5162.11,Cash Withdrawal,Net Banking,1224,7,1
120417.99,Online Purchase,Debit Card,2288,5,1
56829.98,Online Purchase,UPI,1283,2,0
119442.72,Money Transfer,UPI,348,0,0
118683.7,Bill Payment,Credit Card,542,7,1
101342.09,Cash Withdrawal,Net Banking,1503,8,1
68071.12,Money Transfer,UPI,2332,0,0
64512.02,Money Transfer,Credit Card,164,3,0
28717.45,Bill Payment,Net Banking,1075,6,0
42480.4,Cash Withdrawal,UPI,1291,9,0
87971.07,Online Purchase,Debit Card,2405,9,0
112309.39,Bill Payment,Credit Card,1056,9,0
75962.31,Online Purchase,UPI,1285,0,0
89622.59,Money Transfer,Debit Card,1708,6,1
19221.09,Money Transfer,UPI,1561,1,0
23626.58,Online Purchase,Credit Card,1350,9,1
139924.57,Money Transfer,UPI,67,0,0
27449.63,Cash Withdrawal,Net Banking,670,2,0
122511.4,Bill Payment,Net Banking,1230,2,0
139378.68,Money Transfer,UPI,1629,7,0
104442.88,Online Purchase,Debit Card,528,3,0
96479.71,Cash Withdrawal,Credit Card,1351,10,1
127188.23,Online Purchase,Net Banking,2139,0,1
11647.54,Money Transfer,UPI,2358,10,1
45961.51,Bill Payment,Net Banking,101,10,1
64314.36,Cash Withdrawal,UPI,2324,6,1
101772.79,Money Transfer,Credit Card,1822,2,1
120617.34,Online Purchase,Credit Card,2351,2,1
57690.24,Money Transfer,Credit Card,406,6,1
135140.17,Cash Withdrawal,Net Banking,1138,5,1
139025.68,Cash Withdrawal,UPI,1343,5,0
52874.55,Money Transfer,UPI,1927,6,1
1126.6,Cash Withdrawal,Net Banking,1383,8,0
62297.24,Money Transfer,UPI,236,5,1
57453.92,Bill Payment,UPI,437,2,1
38577.5,Bill Payment,UPI,282,8,0
70899.18,Bill Payment,Credit Card,589,3,1
61039.73,Cash Withdrawal,Credit Card,2100,3,0
123105.28,Online Purchase,Credit Card,1854,0,0
61290.57,Online Purchase,UPI,1097,2,0
76952.91,Cash Withdrawal,Credit Card,711,0,0
49984.4,Online Purchase,Debit Card,125,9,0
41768.75,Online Purchase,Debit Card,1103,10,0
87623.88,Cash Withdrawal,Credit Card,2488,7,0
130214.18,Cash Withdrawal,Debit Card,1118,5,0
83330.28,Online Purchase,Debit Card,1486,6,0
79041.35,Bill Payment,UPI,174,7,1
113051.3,Cash Withdrawal,Net Banking,1226,8,0
2222.69,Bill Payment,Net Banking,913,9,1
2923.89,Bill Payment,Credit Card,575,10,0
263.36,Bill Payment,UPI,603,10,0
128506.36,Money Transfer,Credit Card,1450,8,1
114429.67,Bill Payment,UPI,72,7,1
46895.62,Online Purchase,Debit Card,395,9,0
99781.69,Cash Withdrawal,UPI,2182,6,0
91488.4,Online Purchase,UPI,274,8,0
110698.33,Money Transfer,Debit Card,16,8,1
108613.93,Bill Payment,Net Banking,2107,4,1
63100.67,Money Transfer,Debit Card,690,6,1
96459.47,Cash Withdrawal,UPI,679,7,1
72136.78,Money Transfer,Credit Card,1817,3,0
57653.97,Money Transfer,Debit Card,355,5,1
121813.35,Online Purchase,Net Banking,2216,8,1
116863.02,Cash Withdrawal,UPI,1393,9,1
93466.35,Online Purchase,Net Banking,626,3,1
108767.41,Money Transfer,Net Banking,488,7,1
141881.39,Online Purchase,Debit Card,702,3,0
124145.93,Online Purchase,Credit Card,1755,5,0
130950.87,Cash Withdrawal,Credit Card,2262,4,0
147666.17,Bill Payment,UPI,290,10,0
63165.82,Bill Payment,UPI,830,9,1
148326.05,Online Purchase,Net Banking,861,7,1
52976.08,Online Purchase,UPI,2024,9,1
87196.53,Bill Payment,Net Banking,687,6,0
31593.67,Bill Payment,Net Banking,1684,3,0
129200.56,Online Purchase,Net Banking,1633,1,1
89092.31,Online Purchase,Debit Card,470,10,0
90433.82,Bill Payment,Credit Card,2242,8,1
139266.91,Cash Withdrawal,Credit Card,2093,2,0
4080.28,Cash Withdrawal,Credit Card,1646,6,0
127486.48,Online Purchase,Credit Card,193,7,1
32994.97,Money Transfer,Debit Card,1588,8,0
34722.07,Bill Payment,Net Banking,1245,9,0
138205.9,Money Transfer,UPI,182,6,1
69090.23,Cash Withdrawal,Debit Card,783,5,1
66969.05,Cash Withdrawal,Net Banking,968,1,0
125995.66,Money Transfer,Credit Card,1323,5,1
6501.94,Bill Payment,Net Banking,135,5,1
14132.76,Cash Withdrawal,Debit Card,2116,4,0
42095.49,Online Purchase,UPI,1506,8,0
15790.13,Online Purchase,UPI,262,4,0
142650.98,Online Purchase,Debit Card,930,10,0
127639.68,Money Transfer,Net Banking,2195,7,1
94205.0,Cash Withdrawal,Credit Card,154,9,0
131763.38,Cash Withdrawal,Net Banking,2203,0,0
21404.33,Bill Payment,UPI,1463,6,0
39584.35,Cash Withdrawal,UPI,102,3,0
63546.44,Cash Withdrawal,UPI,89,1,0
140651.0,Bill Payment,Net Banking,896,7,1
31326.06,Online Purchase,UPI,2386,7,0
105992.13,Money Transfer,Debit Card,1799,3,1
59086.07,Money Transfer,Credit Card,560,9,0
49780.87,Bill Payment,UPI,671,3,0
45082.88,Cash Withdrawal,UPI,283,8,1
110856.04,Money Transfer,Net Banking,1594,0,0
136566.26,Bill Payment,UPI,1575,7,0
58377.55,Online Purchase,UPI,2345,5,0
97580.23,Cash Withdrawal,UPI,2498,1,0
66348.82,Bill Payment,Credit Card,662,2,1
99694.22,Cash Withdrawal,Credit Card,1175,1,1
114504.91,Bill Payment,Net Banking,1584,0,0
38346.32,Money Transfer,Net Banking,1843,4,1
149433.95,Money Transfer,Net Banking,1183,10,1
36280.47,Money Transfer,Credit Card,621,6,0
95198.79,Online Purchase,Net Banking,767,1,0
28372.28,Cash Withdrawal,Net Banking,1883,1,0
56695.33,Cash Withdrawal,Net Banking,1784,1,1
149607.55,Cash Withdrawal,Debit Card,1139,2,0
138265.73,Money Transfer,Debit Card,548,10,1
33105.02,Online Purchase,Credit Card,856,7,0
83103.64,Cash Withdrawal,Net Banking,1467,9,0
14158.72,Cash Withdrawal,Credit Card,1342,2,0
41484.12,Cash Withdrawal,Credit Card,1124,4,1
24714.27,Money Transfer,UPI,257,7,1
59378.39,Bill Payment,Net Banking,1259,2,0
56596.43,Online Purchase,Credit Card,2252,6,1
112766.02,Cash Withdrawal,Debit Card,273,9,1
112590.67,Cash Withdrawal,UPI,1459,9,1
95939.88,Cash Withdrawal,Net Banking,1539,4,0
44864.72,Online Purchase,Credit Card,887,8,1
145923.13,Bill Payment,UPI,261,3,0
117291.12,Bill Payment,UPI,1048,8,1
21188.21,Money Transfer,Credit Card,1232,7,0
143509.64,Online Purchase,UPI,1480,4,1
110866.67,Online Purchase,UPI,1976,4,1
29776.16,Bill Payment,Credit Card,469,4,0
88295.2,Cash Withdrawal,UPI,876,1,1
103261.73,Bill Payment,Credit Card,2389,5,1
66177.76,Cash Withdrawal,Net Banking,389,8,1
104784.92,Bill Payment,Credit Card,245,1,0
80433.44,Money Transfer,Credit Card,1279,3,0
48753.41,Online Purchase,UPI,938,6,0
61941.66,Online Purchase,Credit Card,1991,8,1
68470.53,Online Purchase,Net Banking,2149,5,1
19418.2,Cash Withdrawal,Credit Card,1666,10,0
125694.1,Money Transfer,Net Banking,2369,10,1
138682.21,Online Purchase,UPI,1079,2,0
29506.77,Cash Withdrawal,Credit Card,217,2,0
27834.42,Cash Withdrawal,UPI,1373,0,0
137335.31,Money Transfer,Debit Card,1181,1,1
118260.37,Online Purchase,Net Banking,1675,7,1
47324.06,Bill Payment,UPI,2412,9,1
14407.73,Cash Withdrawal,Net Banking,1024,3,0
77944.09,Money Transfer,Debit Card,560,4,1
148682.95,Money Transfer,Debit Card,755,10,1
55928.49,Money Transfer,Credit Card,392,10,0
113650.5,Online Purchase,Credit Card,851,4,1
31440.48,Online Purchase,Debit Card,934,10,1
27312.17,Cash Withdrawal,Credit Card,880,2,0
89695.96,Bill Payment,Net Banking,1161,5,1
45711.46,Cash Withdrawal,UPI,1221,9,0
118978.39,Money Transfer,UPI,2391,8,1
29079.67,Money Transfer,Credit Card,2390,5,1
112578.09,Cash Withdrawal,Debit Card,1134,10,1
95582.74,Bill Payment,Debit Card,1933,3,0
125242.4,Online Purchase,UPI,728,6,0
60702.2,Bill Payment,Credit Card,1096,7,0
58574.0,Money Transfer,UPI,1009,10,1
92976.32,Cash Withdrawal,Net Banking,1230,1,0
117435.17,Bill Payment,Debit Card,1021,6,0
104725.58,Money Transfer,UPI,1809,4,0
59131.62,Bill Payment,Debit Card,1385,3,0
104841.44,Cash Withdrawal,Debit Card,2362,8,0
112215.86,Money Transfer,UPI,830,6,1
88899.29,Bill Payment,Credit Card,1388,7,1
96178.95,Cash Withdrawal,Debit Card,2241,3,0
31954.12,Bill Payment,Net Banking,2247,5,0
64431.97,Online Purchase,Net Banking,415,6,0
22152.54,Cash Withdrawal,Debit Card,2493,8,0
11666.88,Online Purchase,UPI,920,10,0
12587.03,Cash Withdrawal,Debit Card,1892,1,1
3565.9,Money Transfer,Net Banking,536,6,1
103700.89,Online Purchase,Credit Card,1122,8,1
122196.28,Online Purchase,Debit Card,1584,4,1
17761.91,Online Purchase,UPI,1632,3,0
44747.75,Cash Withdrawal,Net Banking,754,5,0
125765.46,Money Transfer,Net Banking,1215,5,0
30846.71,Money Transfer,Credit Card,1885,2,0
87803.39,Bill Payment,Credit Card,882,6,0
39413.45,Online Purchase,Credit Card,744,10,1
136665.38,Bill Payment,Net Banking,363,9,1
148437.21,Online Purchase,Net Banking,2256,3,1
33178.98,Online Purchase,Credit Card,430,6,1
52550.66,Online Purchase,Credit Card,1644,3,0
40889.09,Online Purchase,Credit Card,798,3,0
145812.22,Money Transfer,Net Banking,1718,7,1
30847.26,Bill Payment,Credit Card,1153,0,0
81869.74,Bill Payment,Credit Card,255,1,0
74094.21,Money Transfer,Credit Card,303,4,0
13762.02,Cash Withdrawal,Credit Card,1159,9,0
88588.2,Online Purchase,Credit Card,195,4,0
138412.86,Online Purchase,Debit Card,2170,8,0
62642.64,Cash Withdrawal,Credit Card,1656,8,0
112223.66,Online Purchase,Credit Card,1010,4,1
143220.49,Money Transfer,UPI,2056,5,1
39243.86,Money Transfer,Credit Card,859,5,1
63877.52,Cash Withdrawal,Credit Card,1990,9,1
138125.03,Cash Withdrawal,Credit Card,328,5,0
14922.42,Online Purchase,Net Banking,476,3,0
117425.36,Online Purchase,UPI,67,2,1
69643.17,Online Purchase,Debit Card,2134,8,0
13330.91,Online Purchase,Credit Card,543,8,0
94836.94,Bill Payment,Debit Card,1985,1,0
91175.04,Cash Withdrawal,Net Banking,2090,5,0
44255.15,Cash Withdrawal,Debit Card,2479,1,0
118313.84,Online Purchase,Credit Card,2046,4,1
16768.69,Cash Withdrawal,Credit Card,2366,4,1
96248.18,Online Purchase,UPI,1164,0,1
35696.54,Bill Payment,Debit Card,1358,0,0
99552.57,Money Transfer,Net Banking,273,6,0
122140.9,Bill Payment,Debit Card,1324,2,0
74577.53,Bill Payment,Credit Card,9,2,0
42521.06,Online Purchase,Net Banking,2392,8,0
92075.9,Bill Payment,Net Banking,1600,9,1
85574.94,Money Transfer,Credit Card,126,5,1
148562.29,Bill Payment,Net Banking,1850,5,0
137560.48,Money Transfer,UPI,1492,8,1
21932.12,Money Transfer,Net Banking,354,7,1
60690.68,Bill Payment,Net Banking,1504,0,0
131107.32,Cash Withdrawal,Credit Card,176,1,1
149840.35,Bill Payment,Credit Card,912,0,0
56773.15,Cash Withdrawal,Debit Card,1068,0,0
76841.5,Online Purchase,Credit Card,15,10,0
61836.32,Online Purchase,UPI,411,7,1
21193.72,Cash Withdrawal,Net Banking,691,3,0
16786.97,Bill Payment,Debit Card,574,3,0
22297.67,Money Transfer,Debit Card,1163,0,0
70709.26,Money Transfer,Debit Card,1467,9,1
44644.32,Online Purchase,UPI,378,0,0
83181.29,Cash Withdrawal,Credit Card,935,5,0
15356.8,Online Purchase,Debit Card,1422,10,1
127963.79,Bill Payment,Debit Card,1306,7,0
24793.32,Money Transfer,Credit Card,1789,4,1
105061.31,Bill Payment,Net Banking,2280,0,0
69707.75,Money Transfer,Credit Card,523,8,1
11010.91,Bill Payment,Credit Card,1179,5,1
11672.47,Bill Payment,Debit Card,2092,1,0
39469.29,Cash Withdrawal,Net Banking,1861,4,0
94358.33,Online Purchase,Debit Card,349,10,1
83364.28,Money Transfer,Credit Card,1580,3,0
74708.51,Online Purchase,Debit Card,1904,8,0
17399.76,Money Transfer,Credit Card,909,10,0
135744.65,Cash Withdrawal,UPI,982,6,1
2159.74,Bill Payment,UPI,1411,7,0
88894.24,Bill Payment,Credit Card,2232,4,1
134229.44,Online Purchase,Net Banking,2469,6,1
7420.96,Bill Payment,UPI,628,8,0
81528.96,Online Purchase,Net Banking,274,0,0
63114.76,Money Transfer,Debit Card,1853,4,1
134062.62,Online Purchase,Net Banking,1304,2,0
14075.69,Money Transfer,Net Banking,2295,1,0
134847.86,Online Purchase,Debit Card,1466,3,0
76853.04,Money Transfer,Net Banking,1633,9,1
96058.15,Cash Withdrawal,UPI,1104,4,0
125620.82,Money Transfer,UPI,38,8,1
27709.44,Money Transfer,UPI,714,3,0
814.64,Online Purchase,UPI,328,7,0
46241.35,Bill Payment,UPI,1011,6,0
49211.46,Bill Payment,UPI,1879,4,0
87785.37,Online Purchase,Net Banking,714,7,0
56885.66,Money Transfer,UPI,674,5,1
35950.36,Money Transfer,Debit Card,592,9,0
101380.91,Bill Payment,UPI,743,3,0
48391.56,Money Transfer,Net Banking,928,0,0
136756.1,Money Transfer,Net Banking,1607,2,0
103554.77,Online Purchase,Net Banking,647,1,0
142696.64,Money Transfer,Debit Card,109,4,1
69655.21,Money Transfer,Credit Card,1472,10,1
26496.33,Cash Withdrawal,Net Banking,2475,3,0
148578.61,Online Purchase,Net Banking,907,2,0
112753.49,Money Transfer,Credit Card,945,9,1
6869.14,Bill Payment,Credit Card,758,2,1
14373.43,Online Purchase,Credit Card,2362,3,0
31825.8,Money Transfer,Net Banking,2475,7,1
9362.95,Online Purchase,Credit Card,753,9,0
64600.01,Cash Withdrawal,Debit Card,755,5,1
107719.45,Bill Payment,Net Banking,263,8,1
53149.21,Bill Payment,Credit Card,1842,9,0
121803.13,Money Transfer,Debit Card,2,4,1
51684.89,Money Transfer,Debit Card,960,1,0
97668.35,Cash Withdrawal,Net Banking,2190,1,0
56588.99,Cash Withdrawal,UPI,1004,7,1
111039.5,Bill Payment,UPI,803,10,1
136874.45,Online Purchase,Net Banking,2044,6,0
106753.61,Bill Payment,Credit Card,1412,2,0
97250.58,Cash Withdrawal,Credit Card,513,0,0
24102.13,Online Purchase,UPI,1953,8,1
99360.91,Online Purchase,Debit Card,541,3,1
17170.19,Cash Withdrawal,Net Banking,99,6,0
71725.72,Cash Withdrawal,Debit Card,1374,3,1
29843.53,Cash Withdrawal,Credit Card,2209,5,0
10834.69,Money Transfer,Net Banking,2117,4,0
55208.38,Money Transfer,Net Banking,344,1,1
22918.06,Bill Payment,Debit Card,89,0,1
111994.0,Cash Withdrawal,UPI,1007,9,1
84733.44,Money Transfer,Debit Card,300,3,1
65659.33,Cash Withdrawal,Net Banking,855,2,0
113269.36,Bill Payment,Credit Card,2011,10,1
120236.96,Cash Withdrawal,Net Banking,1403,9,1
147816.21,Money Transfer,Debit Card,169,1,1
41291.16,Online Purchase,Net Banking,1447,2,0
58998.61,Money Transfer,Net Banking,1824,3,0
55383.16,Money Transfer,Net Banking,750,4,1
51879.39,Money Transfer,Net Banking,1497,10,1
139559.81,Cash Withdrawal,Net Banking,1683,4,1
76745.26,Cash Withdrawal,Debit Card,675,4,0
86705.67,Bill Payment,Credit Card,89,4,1
20799.66,Online Purchase,Net Banking,2370,2,0
62879.12,Cash Withdrawal,UPI,450,2,0
8230.07,Cash Withdrawal,Debit Card,1833,6,0
26980.54,Money Transfer,UPI,90,9,1
116666.16,Bill Payment,UPI,568,1,1
16626.03,Cash Withdrawal,UPI,18,2,1
29462.95,Cash Withdrawal,Net Banking,2254,10,0
1037.23,Bill Payment,Net Banking,2324,7,0
20627.36,Online Purchase,UPI,213,7,1
34603.72,Money Transfer,Credit Card,1199,7,0
126147.3,Money Transfer,Debit Card,791,7,1
132136.56,Online Purchase,UPI,1298,1,0
59266.66,Cash Withdrawal,Net Banking,49,6,1
94558.01,Money Transfer,Net Banking,822,0,1
148267.08,Money Transfer,Credit Card,201,10,1
75556.63,Bill Payment,Debit Card,1589,4,0
130464.71,Money Transfer,Debit Card,871,6,0
101386.69,Cash Withdrawal,Credit Card,2087,2,0
103731.54,Cash Withdrawal,Net Banking,352,3,1
127788.02,Bill Payment,UPI,1782,9,1
84387.46,Bill Payment,Net Banking,1147,9,0
7894.59,Money Transfer,Debit Card,1072,9,1
130088.13,Money Transfer,UPI,205,10,0
131205.49,Online Purchase,Credit Card,1360,4,1
71331.5,Online Purchase,Credit Card,888,8,0
86603.85,Online Purchase,UPI,1046,10,1
42348.64,Bill Payment,Debit Card,262,5,0
134054.36,Bill Payment,Credit Card,875,5,1
95182.38,Online Purchase,UPI,2110,10,1
46613.12,Bill Payment,UPI,2072,0,0
93707.36,Online Purchase,Credit Card,1652,8,0
57276.83,Cash Withdrawal,Credit Card,1995,7,0
5510.14,Online Purchase,Debit Card,1895,10,1
134628.91,Money Transfer,Net Banking,422,6,1
54935.46,Cash Withdrawal,Net Banking,2120,6,1
85355.66,Cash Withdrawal,Net Banking,1797,5,0
106949.74,Money Transfer,Debit Card,655,6,1
130480.79,Bill Payment,Credit Card,1364,8,1
28519.74,Bill Payment,Credit Card,2409,5,0
66015.77,Money Transfer,UPI,1012,5,0
148109.59,Money Transfer,UPI,653,6,1
21389.74,Cash Withdrawal,Net Banking,1373,8,1
102229.79,Bill Payment,Net Banking,1753,8,1
130364.14,Online Purchase,Debit Card,27,2,0
51211.76,Money Transfer,Net Banking,733,7,0
64556.63,Money Transfer,UPI,1298,1,0
121669.82,Online Purchase,Debit Card,1311,2,0
55655.44,Bill Payment,Net Banking,437,3,1
81700.84,Money Transfer,Credit Card,2193,9,0
18846.74,Online Purchase,Net Banking,917,8,0
126707.21,Cash Withdrawal,Net Banking,1922,7,0
142523.95,Online Purchase,Credit Card,2054,4,1
19327.92,Cash Withdrawal,Net Banking,813,0,0
9315.63,Cash Withdrawal,Credit Card,600,1,1
21319.25,Bill Payment,Debit Card,793,4,0
73380.09,Online Purchase,UPI,1981,10,1
70500.69,Cash Withdrawal,Credit Card,2375,9,0
16339.63,Bill Payment,Net Banking,1434,6,0
68343.32,Bill Payment,Credit Card,2488,9,0
56706.39,Money Transfer,Debit Card,1178,4,1
92287.49,Bill Payment,Debit Card,662,4,0
147963.39,Cash Withdrawal,UPI,804,7,1
143582.48,Money Transfer,Debit Card,362,9,1
38830.07,Online Purchase,Net Banking,88,5,0
71788.29,Money Transfer,Net Banking,206,1,0
118309.77,Online Purchase,Credit Card,1347,0,0
14517.79,Online Purchase,Net Banking,621,6,1
75637.51,Money Transfer,Net Banking,1429,8,1
31419.34,Bill Payment,Net Banking,1378,9,0
83490.21,Money Transfer,Debit Card,1306,4,1
107088.13,Bill Payment,Net Banking,366,9,1
42624.84,Cash Withdrawal,Net Banking,2336,1,0
57722.14,Cash Withdrawal,Net Banking,1162,10,0
121865.73,Online Purchase,Debit Card,376,7,0
122611.29,Cash Withdrawal,Net Banking,1495,2,0
21383.85,Cash Withdrawal,UPI,1081,9,0
148276.34,Cash Withdrawal,Debit Card,1189,0,1
5253.96,Money Transfer,Credit Card,2237,6,0
13045.47,Cash Withdrawal,Credit Card,1310,1,0
83965.8,Bill Payment,UPI,854,2,0
17269.79,Money Transfer,Credit Card,812,3,0
63179.21,Money Transfer,Net Banking,2451,3,0
13502.43,Online Purchase,Credit Card,155,9,1
123131.23,Money Transfer,Credit Card,2266,7,1
109095.05,Bill Payment,Credit Card,711,8,1
142258.47,Bill Payment,UPI,265,5,1
141504.44,Money Transfer,Credit Card,943,0,0
105970.94,Cash Withdrawal,Net Banking,1740,1,1
62680.88,Money Transfer,Credit Card,2097,1,1
20652.1,Cash Withdrawal,Credit Card,1429,9,1
68883.7,Bill Payment,Net Banking,16,5,0
33121.17,Online Purchase,Credit Card,1429,10,0
31892.43,Money Transfer,Credit Card,1773,7,0
90738.58,Bill Payment,Debit Card,388,8,0
18806.32,Bill Payment,Debit Card,1730,9,1
149804.86,Bill Payment,Credit Card,426,6,0
64128.41,Online Purchase,Net Banking,1961,6,0
18877.27,Money Transfer,Net Banking,968,6,0
135917.2,Bill Payment,Credit Card,360,10,1
116412.93,Money Transfer,Net Banking,1645,2,0
27692.91,Cash Withdrawal,Net Banking,1819,8,0
77280.32,Money Transfer,Net Banking,1627,1,0
148427.62,Bill Payment,Debit Card,768,8,0
90373.74,Online Purchase,Net Banking,1194,9,0
121282.68,Online Purchase,Debit Card,1325,5,1
72092.81,Money Transfer,Net Banking,1322,9,0
57089.27,Online Purchase,Debit Card,2282,5,0
79876.94,Bill Payment,Credit Card,297,4,1
66178.43,Cash Withdrawal,UPI,1978,8,0
85791.41,Money Transfer,UPI,1624,5,0
80204.04,Cash Withdrawal,Credit Card,468,4,0
6002.73,Bill Payment,Credit Card,18,9,1
40538.48,Money Transfer,Net Banking,2299,7,0
69512.02,Online Purchase,Debit Card,69,2,0
2800.88,Online Purchase,Debit Card,1393,10,1
96597.53,Cash Withdrawal,Credit Card,2021,4,1
113159.87,Online Purchase,Net Banking,2461,5,1
27255.6,Money Transfer,Debit Card,1672,9,1
17948.03,Online Purchase,Net Banking,689,0,1
142838.62,Money Transfer,Credit Card,558,4,0
135714.31,Cash Withdrawal,Debit Card,1064,9,1
35958.78,Bill Payment,Credit Card,1338,7,0
103587.9,Bill Payment,UPI,1602,10,0
55185.04,Cash Withdrawal,Net Banking,1048,0,0
81458.25,Cash Withdrawal,Debit Card,1483,10,1
140967.67,Money Transfer,UPI,1353,1,1
98331.93,Cash Withdrawal,UPI,2106,3,0
130899.88,Money Transfer,UPI,2301,3,0
139031.68,Cash Withdrawal,Debit Card,1706,7,1
146797.75,Bill Payment,UPI,985,2,1
99483.01,Cash Withdrawal,Net Banking,1495,8,1
138654.32,Bill Payment,Debit Card,652,10,1
120646.86,Money Transfer,UPI,1232,3,0
109347.15,Bill Payment,Credit Card,1459,0,0
118587.79,Bill Payment,Credit Card,1480,0,0
79848.55,Cash Withdrawal,Net Banking,677,0,1
29641.35,Money Transfer,Debit Card,2324,0,0
67080.8,Cash Withdrawal,Debit Card,2418,5,1
118291.5,Bill Payment,Credit Card,990,8,0
9609.0,Money Transfer,UPI,2291,5,1
5863.89,Money Transfer,Credit Card,1229,5,1
27830.21,Online Purchase,UPI,860,5,1
9803.05,Cash Withdrawal,UPI,953,3,0
93104.04,Bill Payment,Debit Card,323,1,1
35926.19,Bill Payment,Credit Card,1126,2,0
27779.12,Cash Withdrawal,UPI,611,8,0
101379.04,Money Transfer,UPI,455,0,0
74436.94,Money Transfer,UPI,1428,4,1
12129.03,Cash Withdrawal,Credit Card,2473,10,1
34899.33,Online Purchase,Credit Card,1953,10,0
45735.02,Bill Payment,UPI,901,7,0
138578.56,Cash Withdrawal,Debit Card,1942,2,0
16237.27,Cash Withdrawal,Debit Card,1014,7,0
14410.71,Money Transfer,Credit Card,1301,7,0
63534.44,Money Transfer,Net Banking,1055,1,1
63704.81,Bill Payment,Credit Card,2094,10,1
24051.59,Online Purchase,Net Banking,2339,3,0
124855.49,Money Transfer,Credit Card,963,9,1
142478.07,Cash Withdrawal,Net Banking,243,4,1
106870.31,Money Transfer,Debit Card,1716,7,1
120593.97,Money Transfer,Debit Card,1149,3,0
79699.26,Online Purchase,UPI,2057,5,0
13658.68,Bill Payment,Debit Card,235,2,0
122404.93,Cash Withdrawal,UPI,1501,0,0
21798.44,Money Transfer,Debit Card,439,3,0
70759.96,Bill Payment,Net Banking,1551,7,1
91484.12,Online Purchase,UPI,1200,9,1
42857.11,Bill Payment,Debit Card,349,8,0
30548.18,Bill Payment,Debit Card,1786,9,1
137311.19,Online Purchase,Credit Card,643,10,0
72622.97,Online Purchase,Credit Card,1314,0,0
102529.66,Online Purchase,Net Banking,2478,2,1
117360.66,Bill Payment,Credit Card,1852,3,0
76434.12,Cash Withdrawal,Debit Card,342,0,0
73426.85,Money Transfer,Debit Card,402,9,1
59620.82,Online Purchase,UPI,1814,3,0
65328.91,Cash Withdrawal,Credit Card,111,5,1
77125.33,Cash Withdrawal,Net Banking,5,7,1
52003.94,Online Purchase,UPI,805,0,0
47737.62,Online Purchase,Debit Card,25,2,0
56654.83,Money Transfer,Net Banking,2274,9,1
32035.74,Bill Payment,UPI,227,2,0
75499.54,Cash Withdrawal,Net Banking,194,3,0
7223.86,Online Purchase,Debit Card,1119,6,0
68939.81,Bill Payment,UPI,282,8,0
22014.73,Cash Withdrawal,Credit Card,183,1,0
124532.67,Money Transfer,Net Banking,707,1,1
112576.35,Online Purchase,Debit Card,1002,4,1
15172.45,Bill Payment,Debit Card,610,0,0
80359.04,Money Transfer,UPI,967,2,1
82570.97,Money Transfer,Credit Card,1585,8,1
116982.3,Cash Withdrawal,Debit Card,1702,0,1
84844.51,Online Purchase,Net Banking,1006,6,0
69931.91,Bill Payment,Net Banking,1755,7,1
6506.99,Bill Payment,Debit Card,331,4,0
15048.5,Online Purchase,Net Banking,37,7,1
36292.48,Bill Payment,Credit Card,2184,9,1
27127.47,Cash Withdrawal,Credit Card,2168,5,1
16608.36,Online Purchase,UPI,1245,5,0
54568.96,Cash Withdrawal,Debit Card,1620,5,1
123423.12,Money Transfer,Net Banking,1753,7,1
65934.7,Online Purchase,Net Banking,580,6,1
53220.87,Online Purchase,Debit Card,1646,6,0
66148.84,Money Transfer,Credit Card,1525,5,1
68869.08,Money Transfer,Net Banking,1174,0,1
21054.5,Bill Payment,Net Banking,282,4,0
58708.25,Cash Withdrawal,Debit Card,2025,6,1
32840.01,Bill Payment,Credit Card,294,7,0
14604.67,Bill Payment,Debit Card,419,5,1
76752.67,Online Purchase,Net Banking,2179,6,1
138469.96,Bill Payment,Net Banking,112,4,1
56628.44,Cash Withdrawal,Net Banking,90,3,0
83854.03,Money Transfer,Credit Card,116,4,1
73014.56,Money Transfer,Net Banking,930,1,0
86540.31,Money Transfer,Debit Card,2433,1,0
25233.31,Online Purchase,Net Banking,1351,9,1
9755.65,Bill Payment,Credit Card,1545,10,1
14218.75,Cash Withdrawal,Debit Card,526,8,1
72024.15,Money Transfer,Credit Card,359,8,1
104508.84,Cash Withdrawal,Credit Card,1968,5,1
78920.46,Bill Payment,Net Banking,1167,9,0
93679.89,Online Purchase,UPI,661,2,1
18723.4,Bill Payment,Net Banking,1376,6,0
110691.63,Online Purchase,Credit Card,1773,1,0
94813.2,Bill Payment,Net Banking,997,1,0
30097.43,Online Purchase,Debit Card,2443,7,0
55041.85,Bill Payment,Net Banking,730,6,1
89542.86,Cash Withdrawal,Debit Card,1999,8,1
13393.13,Money Transfer,Credit Card,1606,8,0
25086.78,Online Purchase,Credit Card,849,10,0
74988.7,Cash Withdrawal,Net Banking,1426,3,0
104371.54,Online Purchase,Net Banking,909,3,1
18168.1,Money Transfer,Credit Card,1926,9,0
49480.5,Online Purchase,Credit Card,1272,9,0
36476.62,Money Transfer,UPI,1212,5,0
50002.95,Money Transfer,UPI,1725,3,0
137568.68,Online Purchase,Debit Card,1974,4,0
32752.31,Money Transfer,Debit Card,1320,5,1
121327.42,Online Purchase,Debit Card,1322,8,0
10108.65,Bill Payment,Net Banking,1725,2,0
16033.42,Money Transfer,Debit Card,1663,0,0
81345.8,Money Transfer,UPI,1467,4,1
31265.59,Bill Payment,UPI,958,1,0
32722.45,Online Purchase,Debit Card,36,7,0
78245.33,Bill Payment,Credit Card,2405,6,0
45947.49,Cash Withdrawal,Debit Card,1137,0,0
112413.82,Money Transfer,Credit Card,1888,7,1
133816.09,Bill Payment,Credit Card,1715,6,1
10074.73,Money Transfer,Debit Card,1928,3,0
67977.91,Cash Withdrawal,Debit Card,496,7,0
106021.2,Online Purchase,Debit Card,1252,2,0
96986.26,Bill Payment,Credit Card,2152,3,0
9293.5,Money Transfer,Debit Card,962,6,0
135277.93,Online Purchase,Credit Card,1270,4,1
44549.98,Bill Payment,Debit Card,127,2,0
36773.14,Bill Payment,Credit Card,2462,4,0
52720.49,Online Purchase,Credit Card,2109,6,0
146983.22,Cash Withdrawal,UPI,34,9,0
42822.57,Bill Payment,Net Banking,1440,3,0
93044.18,Online Purchase,Debit Card,1915,0,0
124639.62,Money Transfer,UPI,1331,1,0
93576.02,Money Transfer,Net Banking,312,10,0
117007.24,Online Purchase,Debit Card,1304,6,1
40148.45,Money Transfer,Credit Card,715,3,0
106697.64,Cash Withdrawal,Net Banking,2458,2,0
85520.13,Money Transfer,Debit Card,2201,6,1
37582.25,Online Purchase,Debit Card,2494,10,1
93204.6,Money Transfer,UPI,520,4,0
128813.4,Bill Payment,Credit Card,1551,6,1
76906.86,Money Transfer,UPI,1680,3,1
45056.21,Money Transfer,Debit Card,1055,3,0
15468.89,Cash Withdrawal,Net Banking,1043,0,0
116429.31,Bill Payment,UPI,720,4,1
84346.8,Cash Withdrawal,Debit Card,2272,5,1
67520.04,Money Transfer,UPI,89,9,0
24547.07,Bill Payment,UPI,1965,10,0
37385.93,Cash Withdrawal,Net Banking,1161,5,1
90180.86,Cash Withdrawal,Net Banking,1345,0,0
18777.66,Money Transfer,Credit Card,155,9,0
51099.42,Money Transfer,Net Banking,870,4,0
110961.83,Cash Withdrawal,Net Banking,2115,6,1
88397.52,Bill Payment,Net Banking,68,6,0
68690.65,Online Purchase,Net Banking,2394,0,1
39203.25,Cash Withdrawal,Credit Card,331,0,0
32312.43,Bill Payment,Net Banking,421,5,0
124407.46,Cash Withdrawal,Net Banking,1335,0,0
11578.38,Cash Withdrawal,Credit Card,393,6,0
43950.42,Money Transfer,Debit Card,1164,3,0
55253.81,Cash Withdrawal,UPI,77,4,1
136408.73,Bill Payment,Net Banking,1674,9,0
34475.99,Bill Payment,UPI,187,2,0
112433.55,Bill Payment,Debit Card,2298,6,1
124732.67,Money Transfer,UPI,1826,1,1
5090.55,Money Transfer,UPI,229,10,0
80883.7,Cash Withdrawal,Net Banking,707,6,0
45198.09,Online Purchase,Net Banking,1022,8,0
85988.24,Cash Withdrawal,Credit Card,1579,3,0
52684.01,Online Purchase,Credit Card,90,1,0
21281.19,Cash Withdrawal,UPI,345,9,0
329.92,Bill Payment,UPI,604,7,0
78674.71,Cash Withdrawal,Credit Card,886,6,1
22087.48,Money Transfer,Net Banking,884,4,1
42260.71,Bill Payment,Net Banking,2084,9,1
110838.55,Money Transfer,Debit Card,430,8,1
144454.3,Money Transfer,Debit Card,1519,7,1
13407.71,Online Purchase,Net Banking,901,1,0
45287.83,Bill Payment,Net Banking,1891,6,1
62080.12,Money Transfer,Net Banking,1004,6,1
47042.94,Online Purchase,Net Banking,2032,4,0
144931.65,Bill Payment,UPI,1175,10,1
42860.43,Bill Payment,Debit Card,2407,5,0
66974.16,Cash Withdrawal,UPI,113,3,0
69913.07,Cash Withdrawal,UPI,103,4,0
3476.86,Cash Withdrawal,Net Banking,1914,5,1
89556.25,Bill Payment,Debit Card,1221,1,1
113181.73,Money Transfer,Debit Card,244,9,1
118336.08,Online Purchase,UPI,138,6,1
53624.54,Money Transfer,Debit Card,1190,4,1
78847.53,Bill Payment,Net Banking,1497,3,0
27125.98,Money Transfer,Debit Card,1686,6,0
94731.54,Online Purchase,Credit Card,1066,7,1
149931.01,Online Purchase,Credit Card,246,3,0
87778.66,Bill Payment,Net Banking,319,1,0
114830.95,Cash Withdrawal,UPI,330,1,0
102458.81,Bill Payment,Debit Card,1835,4,1
11567.47,Bill Payment,Net Banking,1838,6,0
76657.93,Cash Withdrawal,Net Banking,1,4,1
109988.34,Cash Withdrawal,Net Banking,1571,8,0
106254.65,Online Purchase,UPI,546,5,1
146694.82,Bill Payment,Credit Card,2158,10,1
41506.34,Money Transfer,Debit Card,949,0,0
86180.31,Money Transfer,Net Banking,1732,4,0
47400.31,Cash Withdrawal,Debit Card,2192,6,1
23419.35,Bill Payment,Credit Card,1453,1,0
13327.09,Cash Withdrawal,Net Banking,133,4,0
67714.98,Money Transfer,Debit Card,2261,9,0
38074.23,Bill Payment,Debit Card,1070,7,0
45436.59,Money Transfer,Credit Card,770,5,0
42375.7,Online Purchase,Debit Card,926,8,0
33926.48,Bill Payment,Credit Card,2201,10,0
128924.29,Cash Withdrawal,UPI,2036,7,1
30647.67,Money Transfer,UPI,313,8,0
1398.54,Bill Payment,UPI,802,4,0
145577.18,Bill Payment,Credit Card,1431,3,0
140356.18,Bill Payment,Debit Card,488,7,1
49247.47,Online Purchase,UPI,312,2,0
83144.68,Cash Withdrawal,UPI,1479,8,0
145952.89,Online Purchase,Net Banking,1888,5,0
26754.4,Money Transfer,Credit Card,2407,3,0
114354.47,Online Purchase,Credit Card,228,3,0
9848.1,Bill Payment,Net Banking,775,4,1
91044.38,Money Transfer,UPI,644,1,0
131457.6,Cash Withdrawal,Debit Card,214,9,1
15330.57,Online Purchase,UPI,634,7,0
44349.28,Online Purchase,UPI,1645,1,0
12668.73,Bill Payment,UPI,802,0,0
48177.09,Online Purchase,Debit Card,242,4,0
67522.06,Online Purchase,Credit Card,195,9,0
111086.27,Bill Payment,UPI,1282,5,1
111239.21,Cash Withdrawal,Debit Card,1252,5,0
45606.02,Money Transfer,Credit Card,580,6,0
128667.28,Bill Payment,UPI,626,0,1
102696.94,Online Purchase,Credit Card,1718,1,0
112257.14,Cash Withdrawal,Credit Card,71,0,0
133239.42,Money Transfer,Debit Card,1025,2,0
18612.34,Money Transfer,Net Banking,2063,2,0
12649.43,Cash Withdrawal,UPI,1648,2,0
57216.22,Cash Withdrawal,Debit Card,125,8,1
40721.41,Online Purchase,Credit Card,46,5,0
20958.93,Bill Payment,Net Banking,531,2,0
68434.17,Money Transfer,Debit Card,598,0,1
96843.73,Cash Withdrawal,UPI,2290,5,0
110278.91,Bill Payment,Debit Card,2280,7,0
21797.73,Bill Payment,Credit Card,1210,5,1
107611.04,Online Purchase,UPI,2097,10,1
139469.18,Cash Withdrawal,Credit Card,1557,0,1
4399.12,Money Transfer,UPI,53,6,0
127095.04,Cash Withdrawal,UPI,1848,6,0
91087.38,Bill Payment,Credit Card,2374,0,1
12606.39,Bill Payment,Net Banking,1607,4,1
14155.88,Cash Withdrawal,UPI,1452,6,0
33161.58,Cash Withdrawal,Net Banking,1561,5,0
147382.17,Money Transfer,Credit Card,844,6,1
7964.78,Money Transfer,Debit Card,2424,0,0
148844.3,Money Transfer,Net Banking,38,4,1
88409.34,Cash Withdrawal,Credit Card,2366,9,1
76390.07,Money Transfer,UPI,497,4,0
78206.2,Bill Payment,Debit Card,2295,2,0
85473.72,Bill Payment,Credit Card,2414,1,1
121350.97,Online Purchase,UPI,956,4,1
84163.06,Bill Payment,Credit Card,1675,7,1
8538.69,Bill Payment,Debit Card,517,10,0
74064.32,Bill Payment,Net Banking,2166,6,0
49826.13,Money Transfer,Debit Card,1506,10,0
80265.94,Money Transfer,Debit Card,2153,2,0
135170.42,Online Purchase,Debit Card,632,3,1
6355.99,Bill Payment,Net Banking,2193,4,0
124787.29,Cash Withdrawal,Net Banking,2029,8,1
142368.6,Bill Payment,UPI,2260,3,0
40393.24,Bill Payment,UPI,2355,7,0
11994.48,Bill Payment,Debit Card,333,7,0
51757.48,Bill Payment,Debit Card,2061,9,1
80663.61,Cash Withdrawal,UPI,357,10,1
95453.42,Cash Withdrawal,Debit Card,1756,7,1
18133.02,Online Purchase,Net Banking,1739,4,0
40306.3,Cash Withdrawal,UPI,1304,1,0
116819.59,Cash Withdrawal,UPI,458,9,1
79455.32,Cash Withdrawal,Debit Card,33,0,0
31061.08,Money Transfer,Credit Card,452,6,0
125584.83,Online Purchase,UPI,2358,7,0
23369.54,Bill Payment,Debit Card,518,8,1
81263.38,Money Transfer,UPI,2459,2,0
61590.45,Online Purchase,UPI,1786,10,0
143242.15,Online Purchase,UPI,34,3,1
45071.81,Online Purchase,Credit Card,1367,3,0
36377.42,Cash Withdrawal,Net Banking,1991,1,0
49011.77,Bill Payment,Net Banking,65,5,0
23220.74,Cash Withdrawal,Credit Card,1792,7,0
139716.11,Cash Withdrawal,Debit Card,2031,2,1
49980.42,Money Transfer,Net Banking,1225,9,0
16152.12,Money Transfer,UPI,1675,7,0
138830.46,Money Transfer,UPI,175,2,0
131933.89,Bill Payment,UPI,891,8,1
3039.57,Cash Withdrawal,Net Banking,1394,5,0
13492.19,Money Transfer,Net Banking,748,6,1
141364.72,Bill Payment,Net Banking,1957,10,1
43356.85,Cash Withdrawal,Credit Card,1827,8,0
124846.11,Cash Withdrawal,UPI,337,10,0
84430.22,Online Purchase,Credit Card,1869,7,1
10371.4,Bill Payment,UPI,394,4,0
24865.18,Money Transfer,Credit Card,1760,4,0
26758.67,Money Transfer,UPI,2337,7,1
66796.7,Bill Payment,Net Banking,1308,9,0
72263.18,Bill Payment,UPI,1242,9,1
119089.35,Money Transfer,UPI,912,6,1
98620.68,Online Purchase,UPI,1682,9,1
21215.52,Online Purchase,UPI,221,7,0
142424.29,Money Transfer,UPI,462,5,1
89101.98,Cash Withdrawal,Credit Card,209,10,1
18548.09,Bill Payment,UPI,1894,7,0
114998.31,Bill Payment,Debit Card,294,10,1
80530.29,Money Transfer,Debit Card,1444,5,1
75122.18,Cash Withdrawal,UPI,426,3,0
97258.85,Cash Withdrawal,UPI,391,6,0
131342.88,Bill Payment,Net Banking,877,9,1
22832.13,Money Transfer,UPI,1528,5,0
125115.08,Bill Payment,Net Banking,2449,4,0
54382.59,Online Purchase,Net Banking,1649,0,1
134699.14,Bill Payment,Credit Card,793,6,1
32089.4,Bill Payment,Net Banking,8,4,1
15354.12,Cash Withdrawal,Net Banking,394,4,0
73955.74,Cash Withdrawal,Debit Card,1192,1,0
107075.3,Bill Payment,Credit Card,2123,3,0
42581.83,Cash Withdrawal,Credit Card,503,7,1
91311.62,Cash Withdrawal,Credit Card,80,1,0
92404.62,Online Purchase,Credit Card,430,7,0
141023.57,Cash Withdrawal,UPI,2354,0,0
64928.18,Money Transfer,UPI,1286,10,1
135589.42,Money Transfer,Credit Card,1496,9,1
35528.97,Cash Withdrawal,Net Banking,1646,10,1
149732.33,Cash Withdrawal,Net Banking,984,5,0
119357.99,Cash Withdrawal,Credit Card,2004,0,1
20012.63,Money Transfer,UPI,350,3,0
51876.35,Online Purchase,Debit Card,30,1,0
7164.54,Cash Withdrawal,UPI,676,7,0
146339.54,Money Transfer,Net Banking,1660,10,0
47115.87,Cash Withdrawal,Net Banking,257,4,0
3449.77,Online Purchase,Credit Card,1869,10,0
120708.45,Cash Withdrawal,UPI,2297,2,1
3875.96,Money Transfer,UPI,744,10,1
134549.32,Cash Withdrawal,UPI,280,2,0
129611.1,Cash Withdrawal,Net Banking,2390,1,1
19025.74,Money Transfer,Debit Card,681,1,0
98685.46,Bill Payment,Debit Card,1547,1,0
87878.57,Money Transfer,UPI,1254,6,0
113840.99,Cash Withdrawal,UPI,1118,6,0
105039.96,Money Transfer,UPI,1299,4,1
11554.0,Online Purchase,UPI,350,3,0
67576.8,Online Purchase,UPI,592,0,1
123846.87,Online Purchase,Debit Card,1821,6,1
117070.41,Bill Payment,Net Banking,329,4,1
20273.41,Online Purchase,Credit Card,1070,10,0
29829.11,Bill Payment,UPI,245,1,0
66493.09,Money Transfer,Net Banking,47,3,1
72304.33,Cash Withdrawal,UPI,1920,7,1
85994.19,Cash Withdrawal,Net Banking,1784,1,0
35662.03,Cash Withdrawal,Net Banking,592,9,1
72529.11,Cash Withdrawal,Credit Card,1705,2,0
74898.25,Online Purchase,UPI,2235,8,0
59273.3,Online Purchase,UPI,422,8,1
86188.0,Online Purchase,Debit Card,663,6,0
98185.77,Cash Withdrawal,UPI,1759,7,1
88364.47,Online Purchase,Net Banking,152,5,0
102734.48,Money Transfer,Credit Card,1585,4,0
85412.27,Cash Withdrawal,Credit Card,940,4,1
122171.17,Online Purchase,Net Banking,218,1,0
110635.2,Bill Payment,Credit Card,770,6,0
21416.01,Cash Withdrawal,Net Banking,45,7,0
17768.07,Bill Payment,Debit Card,275,9,1
135209.1,Money Transfer,UPI,704,6,0
21175.29,Online Purchase,Net Banking,2341,0,0
76555.61,Bill Payment,UPI,2107,0,1
126472.05,Money Transfer,Debit Card,1508,8,1
75572.49,Bill Payment,Debit Card,339,0,0
67350.31,Bill Payment,Credit Card,1967,4,1
38132.8,Money Transfer,UPI,501,0,0
110187.26,Bill Payment,Credit Card,363,2,0
36757.07,Online Purchase,UPI,1506,8,0
87477.71,Cash Withdrawal,Credit Card,904,5,0
129362.2,Cash Withdrawal,Credit Card,2019,7,1
72941.27,Online Purchase,Debit Card,134,5,1
67840.0,Online Purchase,UPI,302,2,0
139935.6,Cash Withdrawal,Credit Card,1352,1,0
38080.17,Money Transfer,UPI,856,3,0
83836.47,Online Purchase,Net Banking,1654,7,0
100117.95,Online Purchase,Credit Card,1589,4,1
48757.15,Cash Withdrawal,Debit Card,328,10,0
114069.61,Online Purchase,Debit Card,925,2,1
118707.64,Cash Withdrawal,UPI,2048,4,0
51108.85,Online Purchase,UPI,2224,4,0
128831.91,Bill Payment,Net Banking,890,1,0
148624.99,Cash Withdrawal,Credit Card,1397,4,1
7814.51,Bill Payment,UPI,1956,6,0
15867.41,Online Purchase,Net Banking,2360,7,0
132178.81,Bill Payment,UPI,1439,6,1
22563.72,Cash Withdrawal,Debit Card,682,6,0
31592.24,Bill Payment,UPI,102,3,0
91367.38,Bill Payment,Net Banking,2165,5,0
1810.03,Cash Withdrawal,Net Banking,2418,9,1
129838.74,Cash Withdrawal,Credit Card,895,8,1
61524.09,Cash Withdrawal,Credit Card,1814,7,0
65911.03,Bill Payment,Net Banking,168,10,1
84793.62,Cash Withdrawal,Debit Card,1542,3,0
88430.01,Cash Withdrawal,Credit Card,350,0,0
113917.48,Bill Payment,Credit Card,533,8,1
25941.45,Online Purchase,Net Banking,2211,10,0
43184.2,Money Transfer,Debit Card,789,10,0
36354.27,Money Transfer,Debit Card,2415,3,0
56924.87,Cash Withdrawal,Credit Card,1548,9,0
38862.65,Money Transfer,Credit Card,1634,9,1
19664.16,Bill Payment,Net Banking,2203,6,0
21172.16,Bill Payment,Credit Card,560,8,1
72410.89,Online Purchase,Credit Card,1567,4,1
132878.61,Bill Payment,UPI,2178,7,0
51162.34,Online Purchase,Credit Card,2371,10,0
119953.6,Online Purchase,UPI,683,5,1
46721.63,Money Transfer,Credit Card,1328,3,0
61588.54,Bill Payment,Debit Card,1496,5,0
72002.72,Cash Withdrawal,Net Banking,2230,6,1
27145.9,Money Transfer,Debit Card,692,1,0
11366.6,Cash Withdrawal,Credit Card,382,9,0
135544.69,Cash Withdrawal,Net Banking,856,9,1
99308.79,Cash Withdrawal,Net Banking,654,8,1
123972.32,Online Purchase,UPI,646,4,1
119600.81,Money Transfer,Credit Card,1942,10,1
46525.46,Online Purchase,Net Banking,35,3,0
27494.42,Online Purchase,Net Banking,19,0,0
105267.41,Money Transfer,Net Banking,1279,5,1
22594.44,Online Purchase,Debit Card,653,10,0
12432.13,Cash Withdrawal,UPI,1219,5,0
10116.8,Bill Payment,Net Banking,564,10,0
10315.8,Bill Payment,Net Banking,1701,2,0
47998.74,Online Purchase,Credit Card,1457,2,0
102113.84,Cash Withdrawal,UPI,1130,2,0
34548.79,Cash Withdrawal,Credit Card,1972,8,0
51313.99,Money Transfer,Debit Card,55,9,0
76202.52,Cash Withdrawal,Debit Card,975,8,1
80282.82,Online Purchase,Net Banking,201,1,0
50402.39,Money Transfer,Debit Card,552,6,1
40256.88,Bill Payment,Credit Card,1886,0,0
6738.29,Online Purchase,Net Banking,2034,9,0
146317.14,Money Transfer,Credit Card,529,5,1
19691.3,Online Purchase,Debit Card,2252,5,1
34104.02,Money Transfer,Net Banking,16,4,0
127664.4,Cash Withdrawal,UPI,2071,2,0
15560.78,Bill Payment,UPI,512,1,0
31730.79,Cash Withdrawal,Credit Card,1157,9,1
3007.65,Cash Withdrawal,UPI,1883,4,0
16693.84,Bill Payment,Debit Card,1225,8,0
124026.2,Cash Withdrawal,Debit Card,1579,2,1
12051.29,Money Transfer,Credit Card,729,4,0
142875.2,Cash Withdrawal,Net Banking,966,10,1
118431.62,Cash Withdrawal,Debit Card,1057,4,1
45926.92,Bill Payment,UPI,1895,8,0
90579.83,Cash Withdrawal,UPI,1952,1,0
60974.48,Bill Payment,Debit Card,2124,10,0
125254.18,Online Purchase,Debit Card,1107,8,1
96142.04,Money Transfer,UPI,1929,9,0
144155.21,Online Purchase,Credit Card,2325,4,1
9965.75,Bill Payment,Net Banking,935,7,0
43268.78,Money Transfer,Net Banking,1565,2,0
39328.69,Money Transfer,Credit Card,905,6,0
34716.24,Online Purchase,UPI,241,1,0
22331.44,Money Transfer,Credit Card,466,7,1
27423.64,Bill Payment,Credit Card,1060,7,0
49306.0,Online Purchase,Credit Card,270,8,1
137769.11,Money Transfer,Debit Card,1352,9,1
110570.56,Cash Withdrawal,UPI,671,2,0
95641.98,Bill Payment,Net Banking,1702,7,0
119607.83,Online Purchase,UPI,1021,9,1
25404.73,Cash Withdrawal,Debit Card,1234,7,0
35518.01,Bill Payment,Credit Card,175,3,0
84458.87,Online Purchase,Credit Card,1771,4,0
61046.23,Bill Payment,UPI,597,7,0
37487.99,Bill Payment,UPI,1065,10,0
107188.35,Bill Payment,Debit Card,1019,1,1
73957.13,Money Transfer,Credit Card,1774,7,0
121732.58,Bill Payment,Debit Card,805,4,0
102618.09,Cash Withdrawal,Credit Card,1136,5,0
110927.32,Money Transfer,UPI,715,8,1
104117.59,Bill Payment,Net Banking,812,3,0
123916.71,Online Purchase,Debit Card,1009,0,0
34943.27,Bill Payment,Debit Card,853,0,0
34577.42,Bill Payment,Credit Card,733,2,0
71400.4,Bill Payment,Credit Card,2335,8,1
107215.45,Cash Withdrawal,Debit Card,226,3,1
6818.88,Online Purchase,Net Banking,198,2,0
19897.14,Online Purchase,Credit Card,1997,1,0
53538.56,Cash Withdrawal,Credit Card,2408,4,0
104769.84,Bill Payment,Debit Card,624,10,0
101298.04,Bill Payment,Net Banking,1252,1,1
93135.41,Bill Payment,UPI,359,2,0
76652.69,Online Purchase,Net Banking,2118,1,0
126687.63,Bill Payment,Credit Card,1431,3,0
46578.05,Bill Payment,Credit Card,1927,1,0
74632.14,Bill Payment,UPI,2033,1,0
58910.55,Money Transfer,Debit Card,2110,10,1
147101.17,Cash Withdrawal,Debit Card,72,6,1
61636.55,Online Purchase,UPI,1772,3,0
1487.79,Online Purchase,Net Banking,1786,1,0
43445.35,Online Purchase,UPI,2487,8,0
75196.13,Bill Payment,Net Banking,2440,7,0
11694.24,Money Transfer,Debit Card,1731,0,0
75827.44,Online Purchase,Credit Card,181,1,0
114817.05,Cash Withdrawal,Credit Card,206,3,0
72890.27,Online Purchase,Debit Card,157,4,0
134385.1,Online Purchase,Net Banking,996,8,1
61204.0,Cash Withdrawal,UPI,363,8,0
53047.85,Cash Withdrawal,Credit Card,1436,10,1
88722.69,Bill Payment,Net Banking,2281,8,0
57091.01,Money Transfer,Credit Card,50,7,0
107208.9,Money Transfer,Credit Card,2270,1,0
141551.58,Bill Payment,Net Banking,633,10,1
31695.67,Cash Withdrawal,UPI,73,7,0
109100.05,Online Purchase,Debit Card,204,6,1
142849.77,Bill Payment,Credit Card,1046,5,0
91173.97,Money Transfer,Net Banking,1891,1,1
72172.82,Online Purchase,Net Banking,1553,8,1
62736.66,Bill Payment,Credit Card,2299,5,0
133992.99,Online Purchase,Net Banking,1247,5,1
52729.03,Bill Payment,Net Banking,849,4,1
112599.06,Online Purchase,Net Banking,859,9,0
2537.0,Online Purchase,Debit Card,1432,8,0
51980.56,Bill Payment,Debit Card,984,7,0
72368.43,Money Transfer,Credit Card,820,1,0
103158.17,Cash Withdrawal,Credit Card,2425,2,0
16248.91,Bill Payment,Net Banking,630,0,0
21622.24,Online Purchase,Debit Card,1536,4,0
3663.88,Online Purchase,UPI,1212,9,0
76141.4,Online Purchase,Debit Card,2327,7,1
68791.32,Cash Withdrawal,Debit Card,1270,6,1
32261.81,Money Transfer,UPI,1019,8,1
100720.45,Online Purchase,Credit Card,2377,1,1
46999.41,Bill Payment,Debit Card,73,7,0
107109.04,Online Purchase,Net Banking,2328,9,0
61975.21,Bill Payment,Net Banking,1588,2,0
74529.96,Money Transfer,UPI,409,8,1
56701.06,Money Transfer,UPI,636,7,0
94812.27,Online Purchase,Credit Card,680,2,1
19532.93,Bill Payment,Credit Card,1525,6,0
67796.03,Online Purchase,Debit Card,1473,1,0
77846.7,Online Purchase,UPI,419,8,0
24983.67,Online Purchase,UPI,285,6,0
6612.33,Online Purchase,Debit Card,891,9,1
79127.94,Bill Payment,UPI,1991,10,0
87597.11,Cash Withdrawal,Debit Card,1706,1,0
71097.94,Bill Payment,UPI,1241,4,1
21797.67,Bill Payment,Debit Card,1029,8,0
58993.65,Online Purchase,Debit Card,1891,3,0
45100.49,Online Purchase,Debit Card,302,1,0
4831.77,Money Transfer,Net Banking,1560,10,0
18355.36,Bill Payment,Credit Card,2476,3,0
61373.75,Cash Withdrawal,Credit Card,101,4,1
117398.46,Online Purchase,Credit Card,418,9,1
92384.22,Bill Payment,Net Banking,2455,2,0
108969.54,Cash Withdrawal,Debit Card,1186,1,0
33144.62,Online Purchase,UPI,382,3,0
77398.73,Online Purchase,Credit Card,1279,0,0
51336.72,Online Purchase,Debit Card,642,5,0
66795.65,Online Purchase,UPI,1278,7,1
54237.66,Online Purchase,UPI,196,6,0
44457.24,Cash Withdrawal,Debit Card,284,0,0
39475.15,Bill Payment,Net Banking,1114,5,0
141960.25,Money Transfer,Net Banking,1344,10,0
89986.56,Online Purchase,Net Banking,1097,0,1
128691.93,Cash Withdrawal,UPI,1058,9,1
92054.19,Cash Withdrawal,Credit Card,2476,3,1
16070.74,Money Transfer,Net Banking,1184,1,0
94548.03,Bill Payment,Credit Card,18,6,1
25257.67,Cash Withdrawal,UPI,958,1,0
83522.53,Bill Payment,Net Banking,1625,3,1
125493.73,Online Purchase,Credit Card,2187,9,1
49909.86,Cash Withdrawal,Credit Card,679,5,1
5714.03,Bill Payment,Credit Card,252,4,0
142592.43,Cash Withdrawal,Net Banking,2456,4,0
56847.8,Bill Payment,UPI,2117,1,0
134737.65,Money Transfer,Net Banking,437,0,0
138210.84,Cash Withdrawal,Net Banking,17,1,1
142457.66,Money Transfer,Net Banking,1283,9,0
89368.2,Money Transfer,Credit Card,1820,8,1
139743.45,Online Purchase,Net Banking,437,9,1
63526.31,Online Purchase,Credit Card,1139,9,1
138294.85,Bill Payment,UPI,1204,1,0
121542.04,Bill Payment,Net Banking,1834,4,1
35070.7,Bill Payment,Net Banking,1403,5,0
34398.89,Online Purchase,Net Banking,109,3,0
54092.95,Online Purchase,Credit Card,1275,9,0
87891.42,Money Transfer,Net Banking,1656,5,1
57948.93,Online Purchase,Net Banking,1870,3,1
68219.05,Bill Payment,Net Banking,634,4,0
107676.78,Money Transfer,Debit Card,2295,5,0
56479.76,Bill Payment,Debit Card,629,7,0
58264.24,Cash Withdrawal,Credit Card,1069,1,0
143847.94,Bill Payment,Debit Card,510,7,0
58638.49,Online Purchase,Net Banking,25,5,1
96198.48,Cash Withdrawal,Debit Card,1309,7,0
17854.51,Online Purchase,Net Banking,559,5,1
104653.15,Money Transfer,UPI,1078,6,1
31373.03,Cash Withdrawal,Credit Card,417,4,0
94295.98,Bill Payment,UPI,1991,0,0
34693.4,Money Transfer,UPI,542,7,0
147330.1,Cash Withdrawal,Net Banking,2389,2,1
19008.86,Online Purchase,UPI,98,9,0
58475.58,Online Purchase,Credit Card,197,10,1
143767.16,Online Purchase,Credit Card,341,5,1
62350.2,Cash Withdrawal,Debit Card,2302,4,0
145194.64,Online Purchase,Debit Card,360,3,1
100920.63,Money Transfer,Debit Card,2175,4,1
56382.65,Online Purchase,Net Banking,1959,2,1
139831.95,Online Purchase,Credit Card,1081,10,1
18817.85,Cash Withdrawal,Debit Card,1691,5,0
108723.44,Online Purchase,Debit Card,518,1,0
79592.91,Money Transfer,Debit Card,86,6,1
12333.52,Cash Withdrawal,UPI,498,7,0
95747.44,Money Transfer,Credit Card,638,3,0
114710.1,Cash Withdrawal,Debit Card,1735,8,1
136967.82,Online Purchase,Net Banking,1895,6,1
125506.51,Money Transfer,Debit Card,2366,10,1
85777.62,Money Transfer,Debit Card,1407,2,0
80095.68,Cash Withdrawal,Net Banking,417,2,0
90415.19,Cash Withdrawal,UPI,2479,9,1
126864.38,Money Transfer,Debit Card,1283,2,0
62229.7,Bill Payment,UPI,1235,10,1
114042.08,Money Transfer,Net Banking,2221,6,1
130829.02,Online Purchase,Credit Card,1267,3,1
63970.24,Online Purchase,Credit Card,1313,8,1
12867.42,Bill Payment,UPI,1425,9,0
117282.11,Online Purchase,Net Banking,684,7,1
139367.79,Online Purchase,Debit Card,1460,9,1
22876.41,Bill Payment,Net Banking,965,7,1
61927.2,Cash Withdrawal,Net Banking,93,3,1
48667.73,Bill Payment,Credit Card,2193,0,0
47989.29,Cash Withdrawal,Net Banking,932,7,0
119518.66,Money Transfer,UPI,2003,9,1
52003.88,Money Transfer,UPI,1850,4,0
11116.22,Cash Withdrawal,Debit Card,1604,7,1
106601.55,Cash Withdrawal,Debit Card,1455,6,0
69506.16,Cash Withdrawal,Credit Card,424,2,0
83386.09,Money Transfer,Debit Card,852,0,0
81501.77,Bill Payment,Net Banking,1021,0,0
76273.71,Money Transfer,Debit Card,1036,10,1
76740.33,Money Transfer,Debit Card,454,0,0
102474.49,Money Transfer,Credit Card,704,10,1
107468.74,Bill Payment,UPI,2232,5,1
500.14,Money Transfer,Credit Card,263,9,1
3473.62,Bill Payment,Debit Card,2232,7,0
101045.35,Cash Withdrawal,Debit Card,2008,9,1
114328.66,Money Transfer,Net Banking,1337,1,1
109732.2,Bill Payment,UPI,1360,1,0
3020.68,Bill Payment,Credit Card,133,8,1
45605.83,Bill Payment,Debit Card,528,6,0
31277.89,Online Purchase,Credit Card,860,6,1
67824.34,Money Transfer,Debit Card,1320,0,1
98163.64,Money Transfer,Credit Card,780,10,1
21437.59,Bill Payment,Debit Card,1872,5,0
86189.92,Cash Withdrawal,Debit Card,2295,0,0
16867.4,Cash Withdrawal,Net Banking,906,1,0
134987.82,Cash Withdrawal,Net Banking,2287,7,0
45901.76,Money Transfer,Debit Card,6,4,1
136491.26,Online Purchase,Credit Card,1596,1,1
39659.09,Cash Withdrawal,Credit Card,126,10,0
43593.46,Bill Payment,Credit Card,409,5,0
14338.06,Cash Withdrawal,UPI,585,9,0
124537.32,Money Transfer,Credit Card,2402,2,1
17940.39,Online Purchase,UPI,75,10,0
120927.44,Cash Withdrawal,Credit Card,800,1,1
24448.05,Bill Payment,UPI,655,3,0
20060.55,Online Purchase,UPI,2062,8,1
68458.76,Cash Withdrawal,UPI,963,5,0
111051.48,Bill Payment,Net Banking,1658,2,0
111948.19,Money Transfer,UPI,192,1,1
137203.85,Money Transfer,UPI,1309,8,1
125240.12,Cash Withdrawal,Net Banking,2226,8,1
60339.71,Money Transfer,Credit Card,1824,4,1
2900.28,Money Transfer,Credit Card,1044,5,0
80093.65,Online Purchase,Net Banking,483,8,1
119910.97,Bill Payment,Debit Card,730,9,0
33105.78,Bill Payment,UPI,1493,9,0
6874.82,Bill Payment,Net Banking,1815,5,0
89977.7,Online Purchase,Credit Card,772,7,0
119642.4,Money Transfer,Credit Card,1252,5,1
145737.72,Cash Withdrawal,UPI,1332,10,1
149598.32,Online Purchase,UPI,2174,9,1
142294.12,Online Purchase,UPI,688,2,1
30845.39,Cash Withdrawal,Net Banking,249,0,0
29444.05,Cash Withdrawal,Net Banking,289,2,0
95379.41,Money Transfer,Credit Card,2031,4,1
15963.52,Online Purchase,Debit Card,2344,9,0
71926.74,Money Transfer,Net Banking,431,10,0
49321.13,Cash Withdrawal,Credit Card,903,3,0
72913.93,Bill Payment,Debit Card,2103,5,0
144489.01,Cash Withdrawal,Credit Card,2237,4,0
145376.26,Cash Withdrawal,Net Banking,995,0,0
134492.11,Online Purchase,Credit Card,1927,3,0
42756.62,Bill Payment,UPI,1281,7,0
96421.28,Bill Payment,UPI,1136,1,0
6577.91,Cash Withdrawal,Debit Card,1746,2,0
115700.63,Bill Payment,UPI,952,4,0
124568.66,Online Purchase,Net Banking,127,4,1
87002.89,Money Transfer,UPI,2326,0,0
90934.91,Cash Withdrawal,UPI,2074,5,0
113473.55,Cash Withdrawal,UPI,1707,10,0
82869.38,Cash Withdrawal,Net Banking,2156,4,0
32790.32,Bill Payment,Credit Card,2003,3,1
66484.23,Online Purchase,Net Banking,1908,6,1
138188.76,Money Transfer,UPI,105,10,1
73840.24,Money Transfer,Net Banking,2392,2,1
29685.95,Bill Payment,UPI,56,3,0
61379.15,Bill Payment,Debit Card,2271,5,0
6578.38,Money Transfer,Debit Card,357,2,0
102538.17,Cash Withdrawal,UPI,802,2,0
47102.94,Bill Payment,Credit Card,1167,9,0
39446.01,Online Purchase,Debit Card,573,2,0
72362.5,Online Purchase,UPI,1737,9,1
5103.64,Money Transfer,UPI,1286,5,0
67777.54,Online Purchase,Debit Card,151,0,0
70592.5,Online Purchase,Debit Card,1713,4,1
140008.81,Bill Payment,UPI,1926,6,1
24101.6,Money Transfer,Credit Card,605,7,0
113398.14,Online Purchase,Net Banking,1331,0,0
60842.65,Money Transfer,Debit Card,613,8,1
98466.67,Online Purchase,UPI,1582,4,1
83662.84,Bill Payment,Debit Card,18,4,1
48643.92,Bill Payment,UPI,210,2,0
31915.67,Bill Payment,Net Banking,28,7,0
115247.23,Bill Payment,Debit Card,951,10,1
61550.39,Money Transfer,Credit Card,1077,10,0
5401.31,Money Transfer,Debit Card,1640,9,1
99137.35,Money Transfer,Net Banking,2306,0,1
102879.22,Money Transfer,Credit Card,2312,7,1
50640.09,Online Purchase,Net Banking,427,7,0
5665.22,Cash Withdrawal,Credit Card,275,5,0
25979.25,Online Purchase,Debit Card,2393,3,0
91779.05,Cash Withdrawal,Net Banking,2455,7,0
136863.44,Cash Withdrawal,Debit Card,303,8,1
102911.48,Money Transfer,Credit Card,2443,2,0
56750.88,Money Transfer,Credit Card,11,5,1
72109.55,Money Transfer,Debit Card,1712,0,0
134667.56,Money Transfer,Debit Card,2093,3,0
66726.27,Bill Payment,Debit Card,1860,0,0
93104.34,Bill Payment,Net Banking,2218,8,0
118413.97,Money Transfer,Credit Card,1640,3,1
103976.13,Online Purchase,Credit Card,686,6,0
83055.6,Bill Payment,UPI,1704,6,1
86980.52,Money Transfer,UPI,2012,6,1
85223.44,Online Purchase,Net Banking,1087,7,1
94181.31,Bill Payment,Debit Card,1482,7,1
82561.83,Bill Payment,Net Banking,2027,8,0
39204.6,Cash Withdrawal,Credit Card,2483,4,0
71834.84,Cash Withdrawal,Credit Card,1778,1,1
92261.77,Cash Withdrawal,Debit Card,2236,4,1
78415.66,Money Transfer,Debit Card,1643,10,0
106145.82,Cash Withdrawal,UPI,490,7,1
51305.86,Cash Withdrawal,Credit Card,2114,6,1
58140.16,Cash Withdrawal,Credit Card,825,1,0
144557.9,Cash Withdrawal,Net Banking,1252,7,0
86626.55,Bill Payment,Credit Card,592,7,0
28717.13,Online Purchase,Debit Card,1076,2,0
54208.46,Bill Payment,UPI,341,6,0
12802.65,Online Purchase,UPI,2279,0,0
514.19,Online Purchase,Net Banking,5,8,0
102804.73,Cash Withdrawal,Credit Card,1504,2,1
70154.16,Online Purchase,Credit Card,1931,4,1
33990.72,Cash Withdrawal,UPI,1814,9,1
104938.25,Bill Payment,Net Banking,341,10,1
146169.39,Online Purchase,Credit Card,2338,0,1
70400.38,Online Purchase,Net Banking,2275,5,1
26573.92,Bill Payment,Credit Card,609,5,0
84845.37,Money Transfer,Debit Card,720,0,1
148464.61,Money Transfer,Net Banking,1493,9,1
71058.32,Cash Withdrawal,UPI,943,9,1
89290.95,Cash Withdrawal,UPI,1043,2,0
57598.32,Bill Payment,Debit Card,231,4,1
42703.6,Bill Payment,Debit Card,1806,4,1
119022.44,Bill Payment,Credit Card,769,3,1
117168.41,Money Transfer,Net Banking,1736,6,0
115739.81,Cash Withdrawal,Net Banking,2186,1,0
135086.39,Online Purchase,UPI,1407,7,0
121269.34,Cash Withdrawal,UPI,2453,10,1
54539.2,Bill Payment,Net Banking,2115,8,1
41003.24,Online Purchase,Credit Card,867,5,0
25720.22,Online Purchase,UPI,1820,4,0
4118.7,Cash Withdrawal,Debit Card,749,4,0
36598.63,Money Transfer,Net Banking,2422,1,1
17572.34,Online Purchase,UPI,291,8,1
101646.46,Bill Payment,Debit Card,680,1,1
124030.24,Cash Withdrawal,Credit Card,2049,10,1
122828.26,Cash Withdrawal,Debit Card,1127,8,1
113928.0,Money Transfer,Debit Card,1715,4,1
92468.33,Cash Withdrawal,Debit Card,36,5,0
44546.36,Money Transfer,Net Banking,2245,1,0
21221.86,Online Purchase,UPI,1928,10,1
109353.7,Bill Payment,Net Banking,1250,6,1
26258.29,Money Transfer,Net Banking,425,7,0
137835.75,Cash Withdrawal,Debit Card,331,4,1
68755.88,Cash Withdrawal,UPI,2193,0,0
51686.15,Money Transfer,Debit Card,1736,7,0
125854.98,Cash Withdrawal,Net Banking,1928,5,1
49475.47,Bill Payment,Net Banking,1208,1,0
740.28,Money Transfer,Debit Card,1704,0,0
144387.89,Cash Withdrawal,Debit Card,1859,5,0
9693.97,Money Transfer,UPI,1544,3,0
4179.58,Money Transfer,UPI,2163,4,0
71829.7,Money Transfer,Net Banking,1432,6,1
133074.32,Bill Payment,Net Banking,2271,6,1
19933.7,Money Transfer,Credit Card,1907,0,0
50359.65,Bill Payment,Credit Card,1295,3,1
5364.97,Money Transfer,Net Banking,1227,3,0
32055.66,Cash Withdrawal,Debit Card,2016,1,0
95397.38,Money Transfer,UPI,1222,7,0
52886.37,Money Transfer,Credit Card,431,2,0
31535.07,Online Purchase,Net Banking,2231,2,0
73291.68,Online Purchase,Net Banking,1705,1,0
132312.47,Bill Payment,UPI,2104,6,1
53110.55,Bill Payment,UPI,328,8,0
24870.58,Money Transfer,UPI,572,1,0
137239.04,Cash Withdrawal,Net Banking,2393,0,0
47483.21,Bill Payment,Net Banking,2414,9,0
46593.32,Money Transfer,UPI,1840,0,0
6763.96,Online Purchase,Debit Card,687,9,0
130070.45,Cash Withdrawal,Credit Card,687,3,0
137702.83,Money Transfer,Net Banking,1564,8,1
44017.69,Cash Withdrawal,Net Banking,2233,6,1
141716.69,Bill Payment,Debit Card,1931,2,0
110843.27,Online Purchase,Debit Card,613,0,0
136923.99,Cash Withdrawal,Debit Card,1101,7,0
143492.54,Online Purchase,Net Banking,746,10,1
123599.47,Bill Payment,UPI,1509,7,1
133617.05,Money Transfer,Debit Card,529,7,1
107104.18,Online Purchase,Credit Card,1044,5,1
79658.01,Cash Withdrawal,Debit Card,250,2,0
33171.89,Money Transfer,Debit Card,2256,5,0
121534.97,Online Purchase,UPI,669,4,1
109050.45,Money Transfer,UPI,1402,5,1
61640.63,Money Transfer,Net Banking,1877,10,1
15728.75,Cash Withdrawal,Net Banking,2286,8,0
10465.66,Cash Withdrawal,UPI,1638,10,0
79193.75,Bill Payment,Net Banking,2494,0,0
144805.7,Bill Payment,Net Banking,2046,3,1
106780.16,Online Purchase,Debit Card,1161,8,1
52902.17,Cash Withdrawal,Net Banking,119,0,0
63543.77,Money Transfer,Debit Card,1073,5,0
88964.41,Bill Payment,Debit Card,1728,4,1
61945.81,Bill Payment,Debit Card,243,1,1
107789.78,Money Transfer,Debit Card,2359,8,1
17687.5,Cash Withdrawal,Credit Card,1540,2,0
37237.89,Cash Withdrawal,Credit Card,1313,8,0
11446.89,Online Purchase,Credit Card,1500,3,0
42102.51,Money Transfer,UPI,1654,7,1
95419.6,Cash Withdrawal,Net Banking,679,8,0
10724.58,Bill Payment,Net Banking,1499,9,0
93187.14,Cash Withdrawal,UPI,1448,7,1
51554.63,Bill Payment,UPI,105,5,1
97315.89,Cash Withdrawal,Debit Card,2307,10,1
17298.47,Bill Payment,UPI,305,8,1
51811.61,Money Transfer,UPI,537,10,0
21597.49,Online Purchase,Net Banking,2170,10,0
24687.43,Online Purchase,Net Banking,1284,1,0
91577.73,Money Transfer,Credit Card,1227,5,1
106608.83,Bill Payment,Debit Card,246,3,1
121044.28,Money Transfer,Net Banking,1580,9,0
69538.09,Online Purchase,Debit Card,1230,0,1
109344.39,Money Transfer,Debit Card,376,2,0
42748.55,Bill Payment,Credit Card,709,9,1
115958.27,Money Transfer,UPI,91,9,1
26486.51,Online Purchase,Credit Card,1482,10,1
71781.46,Bill Payment,Credit Card,111,4,0
71820.09,Bill Payment,Credit Card,559,10,1
23164.11,Bill Payment,Net Banking,34,1,0
89192.08,Online Purchase,Debit Card,1240,3,0
75400.69,Bill Payment,Net Banking,282,3,1
115093.85,Cash Withdrawal,Debit Card,1892,6,1
13168.92,Cash Withdrawal,Debit Card,1190,2,0
17562.94,Online Purchase,Debit Card,354,3,0
149090.41,Online Purchase,Credit Card,1188,9,0
84116.47,Money Transfer,Credit Card,2278,8,1
106739.56,Cash Withdrawal,Net Banking,1238,5,1
17640.88,Online Purchase,Credit Card,2102,2,1
32622.03,Bill Payment,Net Banking,2301,3,0
143869.24,Money Transfer,Net Banking,1634,7,1
45128.88,Online Purchase,Net Banking,349,0,0
32726.49,Online Purchase,Credit Card,2074,7,0
48226.81,Online Purchase,Credit Card,980,3,0
3536.65,Money Transfer,UPI,1080,9,1
4269.61,Cash Withdrawal,Credit Card,1049,8,0
58687.0,Online Purchase,Net Banking,1859,5,0
23109.06,Cash Withdrawal,Debit Card,927,1,0
113409.81,Money Transfer,Credit Card,1616,0,0
99354.34,Online Purchase,Credit Card,225,5,0
103534.98,Cash Withdrawal,Credit Card,770,9,1
128971.08,Money Transfer,Credit Card,1739,6,0
3504.22,Bill Payment,UPI,1650,9,0
145180.43,Cash Withdrawal,Debit Card,561,3,1
69235.76,Online Purchase,Net Banking,443,10,1
122836.95,Online Purchase,Net Banking,270,4,0
83959.01,Money Transfer,Debit Card,748,3,1
126672.57,Cash Withdrawal,UPI,2190,7,1
132264.58,Money Transfer,Debit Card,997,7,1
109858.04,Cash Withdrawal,Debit Card,583,8,0
48820.87,Money Transfer,UPI,2255,5,0
53475.0,Online Purchase,Debit Card,469,9,0
117280.28,Money Transfer,UPI,2128,2,0
35357.64,Cash Withdrawal,Debit Card,2244,7,1
131717.36,Money Transfer,Debit Card,986,8,1
38788.83,Money Transfer,Net Banking,1046,7,0
46749.02,Cash Withdrawal,UPI,2119,6,0
141565.15,Bill Payment,Credit Card,1610,3,0
13341.65,Online Purchase,Net Banking,934,1,0
51846.56,Money Transfer,Net Banking,1970,6,1
39096.2,Bill Payment,Credit Card,2101,1,0
116460.3,Bill Payment,Credit Card,1515,7,1
16999.7,Bill Payment,Debit Card,1554,1,0
80898.34,Online Purchase,Credit Card,1258,6,0
128976.17,Cash Withdrawal,Credit Card,366,8,1
60010.33,Online Purchase,UPI,1400,5,0
40515.05,Bill Payment,UPI,719,6,0
37095.11,Bill Payment,Debit Card,2048,7,1
40110.93,Online Purchase,Debit Card,1189,10,1
102929.24,Bill Payment,UPI,2321,5,0
118210.6,Online Purchase,Credit Card,946,0,0
13998.1,Cash Withdrawal,Debit Card,624,7,0
143473.54,Cash Withdrawal,Net Banking,1094,10,1
14937.8,Cash Withdrawal,Debit Card,1600,8,1
55210.81,Online Purchase,UPI,1848,0,0
87863.0,Bill Payment,Credit Card,2477,9,1
102476.93,Bill Payment,Credit Card,2227,1,1
61838.3,Bill Payment,Credit Card,986,4,0
94291.86,Bill Payment,Debit Card,1941,7,1
103685.0,Money Transfer,Net Banking,2337,5,0
86502.6,Online Purchase,UPI,743,9,0
38336.95,Cash Withdrawal,Net Banking,2360,5,0
125312.5,Cash Withdrawal,UPI,1783,2,0
25366.55,Online Purchase,Credit Card,460,6,0
111398.64,Online Purchase,Net Banking,839,4,1
87035.75,Bill Payment,UPI,2397,2,0
101156.27,Cash Withdrawal,Debit Card,2257,3,0
63442.13,Cash Withdrawal,Credit Card,190,0,1
2012.61,Online Purchase,Debit Card,1163,10,0
67325.89,Online Purchase,Debit Card,168,4,0
116750.08,Bill Payment,UPI,369,4,1
105871.53,Money Transfer,UPI,1437,2,0
133061.08,Money Transfer,Debit Card,1980,2,0
121470.71,Bill Payment,Net Banking,2015,9,0
18791.68,Money Transfer,Credit Card,568,6,0
56815.73,Cash Withdrawal,Net Banking,393,1,0
84099.11,Online Purchase,Net Banking,154,10,0
118580.38,Bill Payment,Credit Card,9,7,1
18211.1,Cash Withdrawal,Credit Card,312,4,0
38743.49,Cash Withdrawal,Credit Card,423,9,0
36243.5,Cash Withdrawal,UPI,1243,2,0
45365.85,Cash Withdrawal,Debit Card,2115,8,0
114832.61,Money Transfer,Debit Card,2036,10,1
43929.54,Cash Withdrawal,Net Banking,20,0,0
84120.39,Online Purchase,Debit Card,1396,3,1
139720.08,Money Transfer,Credit Card,2273,0,1
24597.33,Money Transfer,Net Banking,1979,9,0
9154.38,Cash Withdrawal,Net Banking,1688,0,0
64613.62,Money Transfer,Debit Card,2340,10,0
68960.19,Cash Withdrawal,UPI,1649,10,1
146266.2,Online Purchase,Credit Card,774,10,0
70910.74,Online Purchase,Net Banking,192,3,0
116529.14,Cash Withdrawal,Net Banking,2376,3,1
74856.7,Online Purchase,Debit Card,1119,8,1
23267.13,Cash Withdrawal,Net Banking,1248,8,0
61463.96,Money Transfer,Net Banking,1424,0,0
119786.66,Bill Payment,UPI,1618,5,1
64117.87,Cash Withdrawal,UPI,1132,1,0
76523.7,Online Purchase,Net Banking,2401,4,0
86651.48,Online Purchase,Credit Card,794,4,1
19943.3,Money Transfer,Credit Card,762,6,0
59640.57,Money Transfer,Credit Card,888,2,0
58402.11,Bill Payment,UPI,704,5,0
33479.82,Online Purchase,Credit Card,1891,4,0
5979.44,Cash Withdrawal,Debit Card,1373,1,0
51490.15,Money Transfer,UPI,1905,6,0
55277.59,Money Transfer,UPI,2286,3,0
94968.25,Online Purchase,Credit Card,1468,3,0
138630.02,Cash Withdrawal,Debit Card,796,2,0
34659.17,Bill Payment,Debit Card,613,8,0
104603.09,Money Transfer,Debit Card,1907,2,0
124951.65,Money Transfer,Net Banking,724,2,1
87001.54,Online Purchase,Credit Card,955,3,0
123700.36,Online Purchase,Credit Card,2226,9,1
98281.51,Bill Payment,Credit Card,838,7,1
29707.3,Money Transfer,Debit Card,508,10,0
133096.9,Money Transfer,UPI,1504,6,1
145243.1,Money Transfer,UPI,1995,8,1
1994.93,Cash Withdrawal,Debit Card,1802,1,0
120161.92,Bill Payment,Credit Card,1956,6,1
57907.79,Online Purchase,Net Banking,1212,5,0
53545.68,Bill Payment,Debit Card,393,5,0
104539.57,Money Transfer,Net Banking,645,6,1
48549.0,Money Transfer,Net Banking,812,10,0
145246.89,Cash Withdrawal,UPI,837,4,0
20004.7,Money Transfer,Credit Card,906,9,1
136535.74,Cash Withdrawal,Debit Card,866,1,0
3526.3,Money Transfer,Credit Card,2433,8,1
87289.96,Cash Withdrawal,UPI,1487,1,0
109149.89,Money Transfer,UPI,48,6,1
131554.95,Cash Withdrawal,Credit Card,1652,10,1
148571.0,Cash Withdrawal,Net Banking,1930,1,0
124342.84,Cash Withdrawal,Debit Card,583,8,1
108651.44,Online Purchase,Credit Card,947,8,1
46631.89,Cash Withdrawal,Net Banking,692,2,0
52935.2,Cash Withdrawal,Debit Card,1810,4,1
101531.99,Cash Withdrawal,Debit Card,2444,9,1
50588.85,Bill Payment,Credit Card,824,8,1
48125.72,Bill Payment,Net Banking,1484,6,0
97972.44,Money Transfer,Credit Card,1925,0,0
32658.34,Online Purchase,Debit Card,373,0,0
110471.57,Cash Withdrawal,Debit Card,1558,10,1
102466.16,Money Transfer,UPI,1600,10,1
30812.68,Money Transfer,Debit Card,838,4,0
67857.43,Money Transfer,Credit Card,1746,10,1
119562.55,Online Purchase,Credit Card,2471,0,1
77957.65,Cash Withdrawal,Credit Card,1812,3,0
111908.12,Cash Withdrawal,UPI,1247,7,0
83687.31,Money Transfer,Net Banking,2106,5,0
94552.13,Bill Payment,Credit Card,1984,6,0
118055.11,Online Purchase,Debit Card,2031,1,0
43966.09,Bill Payment,Credit Card,60,4,0
73677.28,Money Transfer,UPI,1715,6,0
125325.2,Bill Payment,Net Banking,875,3,0
115240.22,Online Purchase,UPI,536,8,0
4596.17,Bill Payment,Net Banking,1789,5,0
13272.57,Money Transfer,Net Banking,2222,4,0
66437.14,Money Transfer,Net Banking,1121,3,0
53278.55,Cash Withdrawal,UPI,878,8,1
23745.62,Bill Payment,Credit Card,614,3,1
129100.01,Cash Withdrawal,UPI,1611,9,0
24893.39,Money Transfer,UPI,952,5,1
60914.49,Bill Payment,Debit Card,460,2,0
102935.78,Cash Withdrawal,Credit Card,964,8,1
865.84,Online Purchase,Debit Card,1353,4,0
43681.54,Cash Withdrawal,Credit Card,1228,9,0
31869.44,Cash Withdrawal,UPI,1808,4,0
110224.83,Online Purchase,Credit Card,1746,1,1
17457.27,Bill Payment,Credit Card,974,9,0
60818.56,Bill Payment,UPI,2258,6,0
106672.46,Online Purchase,Credit Card,174,4,1
78217.96,Money Transfer,Debit Card,888,5,1
81616.83,Cash Withdrawal,Credit Card,412,3,0
47416.45,Online Purchase,Credit Card,686,9,1
128202.08,Money Transfer,Credit Card,434,0,1
128349.52,Bill Payment,Net Banking,388,8,1
56279.89,Online Purchase,Net Banking,372,9,1
85273.83,Online Purchase,Debit Card,1644,10,0
56114.22,Bill Payment,UPI,495,9,1
121965.55,Money Transfer,Net Banking,2181,7,1
65021.61,Cash Withdrawal,Credit Card,1979,0,0
96337.36,Money Transfer,Debit Card,668,8,0
143137.78,Bill Payment,Credit Card,2009,1,0
12651.03,Money Transfer,Debit Card,576,1,0
41989.34,Bill Payment,Debit Card,553,0,0
141307.67,Bill Payment,Credit Card,214,3,1
101465.75,Cash Withdrawal,Net Banking,1488,8,1
57864.99,Cash Withdrawal,UPI,2216,0,0
16021.9,Money Transfer,Net Banking,538,0,0
137535.82,Cash Withdrawal,UPI,301,6,1
101098.76,Money Transfer,Credit Card,483,8,1
124736.21,Online Purchase,Credit Card,498,10,1
129535.59,Money Transfer,Debit Card,802,0,1
53640.87,Cash Withdrawal,Debit Card,244,6,0
33252.14,Bill Payment,UPI,2458,6,0
103159.84,Online Purchase,Credit Card,2387,6,1
85651.01,Cash Withdrawal,Credit Card,1181,5,1
24575.27,Online Purchase,Debit Card,201,3,0
982.28,Online Purchase,Net Banking,1123,1,0
133504.52,Online Purchase,UPI,1045,6,0
131478.77,Online Purchase,Net Banking,419,4,1
116185.63,Money Transfer,UPI,1741,9,1
42145.37,Bill Payment,Credit Card,1655,0,0
121752.1,Bill Payment,Credit Card,1696,2,0
68564.36,Bill Payment,Net Banking,1771,9,1
102670.13,Bill Payment,Credit Card,1996,4,1
147422.02,Online Purchase,UPI,587,10,1
2509.82,Bill Payment,Net Banking,1815,6,1
127211.0,Bill Payment,Net Banking,1664,6,1
131732.77,Bill Payment,Debit Card,184,1,1
128516.42,Bill Payment,Net Banking,570,8,0
60188.05,Cash Withdrawal,UPI,1538,8,1
136004.83,Money Transfer,Net Banking,531,9,1
143601.5,Online Purchase,Credit Card,1599,6,1
107902.14,Cash Withdrawal,Net Banking,33,3,1
78361.8,Bill Payment,Net Banking,2247,9,0
149688.49,Cash Withdrawal,Net Banking,189,1,1
56833.99,Cash Withdrawal,Net Banking,1210,0,1
134537.21,Cash Withdrawal,Debit Card,845,1,0
22212.9,Money Transfer,UPI,735,3,0
51301.51,Cash Withdrawal,Credit Card,3,8,1
125553.92,Bill Payment,Net Banking,257,7,1
54358.63,Online Purchase,UPI,616,0,0
136238.08,Money Transfer,UPI,816,1,1
17942.15,Bill Payment,UPI,1695,0,0
144105.92,Money Transfer,UPI,612,3,1
108867.65,Online Purchase,Credit Card,2477,1,0
138211.38,Bill Payment,UPI,927,1,0
41646.84,Online Purchase,UPI,127,8,0
72873.08,Money Transfer,UPI,807,10,0
69889.89,Cash Withdrawal,Debit Card,1245,0,0
14590.66,Online Purchase,Net Banking,2175,2,0
32629.91,Online Purchase,Credit Card,64,0,0
85072.63,Money Transfer,UPI,667,6,1
69528.3,Cash Withdrawal,Debit Card,1362,5,0
67803.61,Bill Payment,UPI,523,6,1
105370.49,Money Transfer,Debit Card,2024,10,1
46691.38,Money Transfer,Debit Card,1319,3,0
10234.5,Cash Withdrawal,Debit Card,2268,0,0
147737.24,Bill Payment,UPI,1498,3,0
79137.38,Cash Withdrawal,Debit Card,30,4,0
70974.99,Cash Withdrawal,Net Banking,182,8,1
81942.7,Cash Withdrawal,UPI,1315,8,1
108471.54,Money Transfer,Credit Card,1936,5,1
102633.75,Money Transfer,Net Banking,2276,5,1
15498.17,Money Transfer,Net Banking,526,1,0
5266.55,Bill Payment,Credit Card,1053,4,1
95371.99,Online Purchase,Credit Card,1588,1,1
42994.77,Money Transfer,Net Banking,1253,5,0
46852.09,Money Transfer,Debit Card,284,9,0
127545.56,Online Purchase,Credit Card,1485,3,1
36531.54,Bill Payment,Net Banking,675,9,0
92328.09,Online Purchase,Credit Card,104,0,0
118794.33,Bill Payment,Debit Card,1207,4,1
74500.53,Bill Payment,Net Banking,282,8,1
13938.81,Cash Withdrawal,Net Banking,220,2,0
85945.87,Money Transfer,Net Banking,2487,4,1
65622.03,Money Transfer,Debit Card,2012,4,0
6850.93,Money Transfer,Debit Card,482,2,0
34443.86,Bill Payment,UPI,2281,0,0
65901.89,Bill Payment,Net Banking,847,10,1
46898.3,Money Transfer,Net Banking,2276,7,1
70792.64,Cash Withdrawal,UPI,27,7,1
60463.13,Cash Withdrawal,UPI,1648,0,1
145050.17,Cash Withdrawal,Debit Card,664,8,0
18109.92,Money Transfer,Debit Card,496,9,0
31957.74,Cash Withdrawal,Debit Card,1970,8,0
114407.38,Money Transfer,Net Banking,1071,3,0
29714.45,Online Purchase,UPI,1476,10,0
125795.23,Money Transfer,Credit Card,1648,6,1
59624.18,Bill Payment,UPI,949,1,1
37930.94,Bill Payment,Debit Card,1393,8,0
41639.88,Online Purchase,Credit Card,2134,10,1
129046.02,Cash Withdrawal,UPI,402,2,0
27279.21,Online Purchase,Net Banking,963,7,0
13343.4,Online Purchase,UPI,2291,3,0
37937.8,Online Purchase,Credit Card,1683,5,0
138864.88,Bill Payment,UPI,684,1,0
74996.13,Money Transfer,Credit Card,855,6,1
103433.19,Bill Payment,Net Banking,727,7,1
64207.69,Cash Withdrawal,Net Banking,2000,5,0
54195.92,Cash Withdrawal,Credit Card,855,4,1
38600.11,Online Purchase,UPI,902,8,1
82204.1,Bill Payment,Debit Card,1771,7,0
28879.09,Online Purchase,Net Banking,1664,1,0
4232.5,Online Purchase,Credit Card,336,3,0
50213.41,Online Purchase,UPI,1160,2,0
61963.45,Bill Payment,Net Banking,641,1,0
87795.41,Online Purchase,Credit Card,11,8,0
14677.6,Cash Withdrawal,UPI,1886,9,1
125902.92,Online Purchase,UPI,1972,3,0
138328.41,Cash Withdrawal,Net Banking,2345,6,1
34751.85,Cash Withdrawal,Debit Card,150,9,0
17813.9,Money Transfer,Debit Card,1877,2,0
33635.78,Money Transfer,Credit Card,1491,8,0
85185.31,Cash Withdrawal,Debit Card,1094,5,0
70398.97,Bill Payment,UPI,1819,9,1
115256.3,Cash Withdrawal,Net Banking,30,1,1
50412.86,Online Purchase,Net Banking,2045,3,0
27514.8,Cash Withdrawal,Credit Card,2402,6,0
61004.51,Cash Withdrawal,Credit Card,144,8,1
90782.04,Money Transfer,UPI,2052,6,0
71879.52,Bill Payment,Debit Card,797,6,1
132567.84,Online Purchase,Debit Card,1568,3,1
59402.44,Cash Withdrawal,Net Banking,1437,9,1
130794.45,Bill Payment,UPI,2123,7,0
58148.17,Bill Payment,UPI,1813,1,0
126309.7,Money Transfer,UPI,1816,4,0
97201.39,Money Transfer,UPI,97,5,1
74323.73,Online Purchase,UPI,2148,9,1
131786.4,Bill Payment,UPI,111,3,0
122229.76,Bill Payment,Credit Card,1975,8,1
34512.85,Money Transfer,Debit Card,2186,5,0
87093.85,Money Transfer,Credit Card,1015,6,0
45511.29,Online Purchase,UPI,120,7,1
31433.88,Bill Payment,Credit Card,1441,0,0
58009.94,Money Transfer,UPI,121,5,1
120344.62,Money Transfer,Net Banking,1479,8,1
79991.16,Cash Withdrawal,Debit Card,828,4,0
70145.14,Cash Withdrawal,UPI,1615,6,0
37221.24,Money Transfer,Net Banking,806,9,0
39742.0,Bill Payment,Debit Card,220,9,1
122375.9,Online Purchase,Credit Card,87,2,0
65487.97,Cash Withdrawal,Credit Card,2443,5,1
44924.55,Bill Payment,Net Banking,1949,9,0
30407.47,Money Transfer,Debit Card,89,6,1
37816.51,Bill Payment,Net Banking,1521,4,0
71011.46,Money Transfer,UPI,94,5,0
115303.25,Money Transfer,Net Banking,130,2,0
4446.1,Cash Withdrawal,Net Banking,1369,6,0
9163.34,Online Purchase,Credit Card,656,9,1
132468.63,Cash Withdrawal,Credit Card,895,9,1
28221.73,Cash Withdrawal,UPI,1491,9,0
78185.5,Bill Payment,Credit Card,849,3,0
140282.6,Cash Withdrawal,Credit Card,1370,8,1
1855.0,Online Purchase,Credit Card,1657,10,1
132978.51,Cash Withdrawal,UPI,168,7,1
68314.8,Money Transfer,UPI,1808,8,0
76892.32,Money Transfer,Credit Card,934,4,1
115338.63,Cash Withdrawal,Debit Card,1773,5,0
103545.98,Online Purchase,UPI,1075,9,1
27786.95,Online Purchase,Credit Card,775,1,0
83156.75,Money Transfer,Net Banking,1050,3,0
12497.79,Cash Withdrawal,UPI,2059,4,0
149077.7,Online Purchase,UPI,2407,3,1
149377.64,Online Purchase,Net Banking,1523,6,1
107015.57,Bill Payment,Debit Card,1734,9,1
8207.35,Bill Payment,Debit Card,847,10,1
19636.26,Cash Withdrawal,Net Banking,803,3,1
90099.54,Money Transfer,Debit Card,1468,6,1
145361.06,Money Transfer,Credit Card,1803,9,1
17689.18,Bill Payment,UPI,247,2,0
31351.21,Money Transfer,Credit Card,482,2,0
94230.53,Bill Payment,Debit Card,383,8,0
49021.06,Online Purchase,UPI,525,3,0
142110.88,Money Transfer,Credit Card,1575,8,1
136293.99,Bill Payment,Credit Card,134,9,1
145158.77,Bill Payment,UPI,2174,4,0
32705.43,Bill Payment,Net Banking,1989,9,0
30765.57,Money Transfer,UPI,1350,10,0
35581.66,Online Purchase,UPI,347,8,1
21886.41,Money Transfer,Debit Card,1789,4,0
88073.54,Online Purchase,UPI,757,5,1
70108.98,Cash Withdrawal,Credit Card,1379,5,0
36627.39,Online Purchase,Net Banking,1345,4,0
75321.01,Cash Withdrawal,Credit Card,1387,0,0
114354.83,Bill Payment,Credit Card,1333,0,0
20520.92,Bill Payment,UPI,1668,4,1
137625.76,Online Purchase,Net Banking,1692,9,0
52065.8,Bill Payment,Debit Card,1509,5,0
11762.67,Online Purchase,Debit Card,625,7,0
49527.33,Cash Withdrawal,Net Banking,2035,7,0
86206.14,Money Transfer,UPI,1163,1,1
77195.73,Money Transfer,UPI,2404,3,0
70543.58,Online Purchase,Credit Card,2022,0,0
131137.46,Bill Payment,UPI,2243,4,1
110608.02,Cash Withdrawal,UPI,433,6,1
29701.95,Bill Payment,Net Banking,2002,1,0
54665.65,Money Transfer,UPI,123,2,0
64695.77,Bill Payment,Credit Card,1539,4,1
23314.21,Money Transfer,Net Banking,605,10,0
54130.98,Online Purchase,UPI,1507,1,0
30373.54,Online Purchase,Net Banking,203,0,0
144061.3,Bill Payment,Debit Card,1187,5,1
144517.55,Bill Payment,Net Banking,768,1,1
83780.71,Money Transfer,Debit Card,1528,10,1
145583.91,Cash Withdrawal,Net Banking,2085,0,0
117369.65,Bill Payment,Credit Card,1236,9,1
75461.04,Online Purchase,UPI,823,1,0
55646.46,Bill Payment,Net Banking,2291,5,0
14114.11,Cash Withdrawal,Debit Card,914,6,0
133086.32,Money Transfer,Credit Card,1722,0,1
143354.08,Bill Payment,Credit Card,361,0,1
118529.29,Money Transfer,Credit Card,381,1,1
30770.92,Online Purchase,Debit Card,1663,4,1
91702.27,Money Transfer,Debit Card,890,9,1
75016.16,Online Purchase,Debit Card,10,10,1
35507.0,Cash Withdrawal,Debit Card,258,8,0
31767.13,Bill Payment,UPI,1843,8,1
113412.56,Cash Withdrawal,Net Banking,1656,3,0
41018.07,Money Transfer,Credit Card,2227,3,0
104933.99,Money Transfer,UPI,764,6,1
72162.12,Money Transfer,Net Banking,1258,4,0
38722.81,Money Transfer,Debit Card,2028,9,0
61029.12,Cash Withdrawal,UPI,2123,1,0
82494.95,Cash Withdrawal,UPI,1117,9,1
46733.9,Cash Withdrawal,Credit Card,1254,4,0
91518.0,Bill Payment,Debit Card,377,5,1
65630.64,Bill Payment,Debit Card,803,9,1
141238.1,Cash Withdrawal,Credit Card,2276,9,1
40313.52,Cash Withdrawal,Net Banking,1714,10,0
77952.17,Online Purchase,Debit Card,570,9,0
21969.52,Money Transfer,UPI,1572,8,0
27942.25,Online Purchase,Debit Card,1916,3,0
106079.68,Bill Payment,Credit Card,1585,10,1
30642.52,Cash Withdrawal,Net Banking,1233,8,0
74416.28,Money Transfer,Credit Card,1088,5,1
57817.82,Bill Payment,Net Banking,1636,10,0
137416.7,Bill Payment,Net Banking,2058,6,1
419.13,Bill Payment,UPI,275,2,0
95616.48,Cash Withdrawal,Net Banking,1070,10,1
90287.99,Money Transfer,Net Banking,919,2,0
55209.99,Online Purchase,UPI,1780,5,1
37771.43,Bill Payment,Debit Card,174,0,0
13258.24,Cash Withdrawal,Net Banking,1025,7,0
129832.28,Money Transfer,Credit Card,1023,5,1
86208.39,Bill Payment,Credit Card,1394,6,1
15282.13,Money Transfer,UPI,2242,5,1
13229.84,Bill Payment,Debit Card,761,2,0
75155.57,Cash Withdrawal,Net Banking,1683,3,1
73546.28,Online Purchase,UPI,528,3,1
14458.7,Cash Withdrawal,Credit Card,2071,9,0
110528.12,Cash Withdrawal,Credit Card,157,5,1
90510.52,Bill Payment,UPI,1881,10,0
137753.72,Cash Withdrawal,UPI,2452,0,1
19992.56,Online Purchase,Debit Card,1440,9,0
14442.81,Online Purchase,UPI,883,5,0
75619.65,Money Transfer,Credit Card,1279,0,0
71922.32,Bill Payment,Credit Card,905,0,0
1724.84,Money Transfer,Debit Card,446,6,0
68420.58,Bill Payment,Debit Card,1884,1,0
67107.0,Money Transfer,Credit Card,1161,3,1
19026.22,Bill Payment,Debit Card,357,2,0
61743.91,Cash Withdrawal,Credit Card,719,3,1
13058.54,Cash Withdrawal,UPI,1392,8,1
114448.95,Bill Payment,Net Banking,1335,5,1
63205.86,Money Transfer,Credit Card,992,6,0
71013.09,Online Purchase,Debit Card,1863,5,1
1254.77,Bill Payment,Net Banking,2253,7,1
86899.19,Bill Payment,Net Banking,312,1,0
12576.04,Online Purchase,Net Banking,1859,9,1
27116.22,Money Transfer,UPI,769,9,0
114060.08,Money Transfer,Credit Card,1518,4,1
110137.99,Bill Payment,Credit Card,1715,5,1
8504.15,Cash Withdrawal,UPI,772,2,0
105968.93,Money Transfer,Credit Card,606,4,1
102542.28,Cash Withdrawal,UPI,1356,1,0
21488.41,Online Purchase,UPI,282,10,0
48516.77,Bill Payment,Credit Card,1295,1,1
33281.5,Bill Payment,Net Banking,1496,3,0
62555.48,Money Transfer,Credit Card,1294,7,0
55308.85,Bill Payment,Debit Card,1907,0,1
122962.8,Bill Payment,Credit Card,1662,4,1
139368.51,Online Purchase,Debit Card,393,7,1
145001.87,Bill Payment,Net Banking,252,1,0
51217.25,Money Transfer,Debit Card,870,10,0
111753.02,Online Purchase,Net Banking,2209,5,1
16355.26,Cash Withdrawal,Net Banking,1536,0,0
14249.62,Money Transfer,Debit Card,126,1,0
102876.12,Bill Payment,Credit Card,1551,9,1
28461.75,Online Purchase,Net Banking,2412,3,0
56431.36,Cash Withdrawal,Credit Card,2127,9,0
38729.23,Bill Payment,Credit Card,1580,5,0
120234.86,Bill Payment,UPI,612,5,1
139716.22,Bill Payment,Net Banking,88,10,1
141080.5,Cash Withdrawal,UPI,28,9,1
27071.0,Online Purchase,Net Banking,2204,10,1
22166.02,Money Transfer,Net Banking,454,9,0
24101.27,Online Purchase,Debit Card,1569,1,0
65472.89,Online Purchase,Credit Card,109,9,0
118213.32,Cash Withdrawal,Credit Card,2407,10,1
41822.89,Online Purchase,Credit Card,1915,0,1
29526.07,Money Transfer,Net Banking,1664,10,1
3716.07,Cash Withdrawal,Net Banking,2011,7,0
12785.56,Cash Withdrawal,Debit Card,1580,8,1
143831.32,Online Purchase,UPI,1749,10,1
110313.86,Cash Withdrawal,UPI,1778,0,0
67494.76,Bill Payment,UPI,1599,9,0
148574.33,Money Transfer,Debit Card,152,5,0
135246.66,Online Purchase,Debit Card,1509,6,1
139125.66,Cash Withdrawal,UPI,2174,10,1
52820.7,Online Purchase,Net Banking,1462,1,0
112076.43,Cash Withdrawal,Net Banking,775,5,1
82694.41,Online Purchase,Net Banking,2035,4,0
141586.46,Bill Payment,Net Banking,1848,9,1
129511.13,Bill Payment,UPI,886,8,1
58055.63,Cash Withdrawal,Credit Card,727,5,1
5510.87,Online Purchase,Debit Card,253,6,0
63925.28,Online Purchase,Debit Card,1563,7,1
13448.1,Cash Withdrawal,Debit Card,864,5,0
5732.0,Online Purchase,Debit Card,2274,7,0
6036.87,Cash Withdrawal,Debit Card,2112,7,0
35389.72,Bill Payment,Debit Card,1735,2,0
89773.62,Bill Payment,Net Banking,1039,7,0
17149.08,Money Transfer,Net Banking,2421,10,0
43628.39,Bill Payment,Credit Card,1852,3,0
24863.83,Money Transfer,Debit Card,2372,3,1
96753.89,Cash Withdrawal,UPI,34,3,0
41607.76,Cash Withdrawal,UPI,228,5,0
72405.09,Cash Withdrawal,Net Banking,2305,1,0
30655.62,Money Transfer,UPI,868,4,0
31038.74,Money Transfer,Credit Card,282,5,0
4845.47,Money Transfer,Net Banking,647,0,0
77383.83,Money Transfer,Net Banking,2423,5,1
52915.56,Cash Withdrawal,Debit Card,1051,3,1
15152.95,Cash Withdrawal,Net Banking,20,8,1
48744.51,Cash Withdrawal,UPI,934,9,0
40960.65,Online Purchase,Credit Card,277,0,0
128730.31,Cash Withdrawal,UPI,791,5,1
87721.99,Online Purchase,Credit Card,438,8,0
75789.0,Cash Withdrawal,Credit Card,878,2,0
129412.69,Money Transfer,UPI,1837,5,1
46072.27,Online Purchase,Credit Card,366,5,0
5733.8,Money Transfer,UPI,1877,5,0
96489.55,Cash Withdrawal,UPI,661,6,1
124842.25,Bill Payment,UPI,1163,6,0
586.65,Money Transfer,Credit Card,945,5,0
118977.7,Money Transfer,Debit Card,1024,9,1
73579.7,Online Purchase,Net Banking,1009,10,1
41501.61,Cash Withdrawal,Credit Card,1395,4,0
7533.15,Online Purchase,Net Banking,208,3,0
78870.87,Online Purchase,Credit Card,1809,9,0
53684.81,Cash Withdrawal,Debit Card,1382,2,1
94897.79,Online Purchase,Debit Card,2,2,1
95002.89,Cash Withdrawal,UPI,1636,1,0
6336.61,Bill Payment,Net Banking,1037,10,0
79364.36,Bill Payment,UPI,500,3,1
29639.12,Cash Withdrawal,UPI,51,2,0
147080.53,Online Purchase,UPI,1766,5,1
65942.8,Online Purchase,UPI,1940,8,1
9025.72,Bill Payment,Debit Card,1246,9,1
12938.09,Online Purchase,Credit Card,1160,2,0
136582.22,Bill Payment,Credit Card,1189,1,1
112686.84,Money Transfer,UPI,1626,9,1
87115.12,Bill Payment,Debit Card,1689,5,1
135874.13,Money Transfer,Credit Card,443,7,1
6539.48,Online Purchase,UPI,1259,6,0
75529.15,Cash Withdrawal,Net Banking,1491,9,1
11208.02,Money Transfer,Net Banking,765,9,1
99344.94,Cash Withdrawal,UPI,2485,1,0
46894.46,Bill Payment,Credit Card,1284,3,0
107926.53,Online Purchase,Credit Card,403,3,1
47265.35,Money Transfer,Debit Card,420,5,0
131685.56,Money Transfer,Debit Card,1188,2,0
140119.52,Online Purchase,Debit Card,605,4,1
141406.16,Cash Withdrawal,Credit Card,995,2,1
21001.69,Money Transfer,UPI,651,3,0
66207.61,Online Purchase,Net Banking,1942,6,1
115936.41,Money Transfer,Net Banking,1748,6,0
45427.35,Cash Withdrawal,Net Banking,550,1,0
97578.28,Money Transfer,UPI,213,0,1
32877.57,Online Purchase,UPI,300,0,0
122174.89,Cash Withdrawal,Debit Card,1162,7,0
20721.62,Bill Payment,Debit Card,1771,5,0
9803.25,Money Transfer,Debit Card,1989,6,0
143030.02,Money Transfer,UPI,759,3,0
15599.37,Money Transfer,Debit Card,1562,10,1
100625.6,Money Transfer,Net Banking,2250,10,1
3299.13,Online Purchase,UPI,740,10,0
52907.04,Cash Withdrawal,Debit Card,324,8,0
55145.64,Money Transfer,Credit Card,331,6,0
89016.3,Online Purchase,Debit Card,1306,3,0
70190.13,Online Purchase,UPI,29,7,0
149499.35,Online Purchase,Net Banking,1964,5,1
83832.61,Bill Payment,UPI,2367,9,0
136950.21,Money Transfer,UPI,1869,6,1
105681.97,Cash Withdrawal,Debit Card,290,3,0
1821.56,Bill Payment,UPI,299,9,0
38655.0,Bill Payment,UPI,1139,2,0
55681.02,Bill Payment,UPI,413,3,0
123687.71,Online Purchase,UPI,276,5,1
87317.07,Money Transfer,UPI,450,1,1
61667.08,Bill Payment,UPI,440,10,1
129098.29,Cash Withdrawal,Debit Card,1647,5,0
1571.48,Bill Payment,Credit Card,1032,1,0
74544.47,Money Transfer,Debit Card,972,4,1
129939.28,Cash Withdrawal,Net Banking,162,3,0
123926.27,Money Transfer,Debit Card,2233,1,1
12118.73,Online Purchase,Debit Card,1448,4,0
111284.36,Bill Payment,Debit Card,492,1,0
66241.25,Bill Payment,Net Banking,1001,7,0
32696.88,Online Purchase,UPI,2484,3,0
148204.91,Online Purchase,Net Banking,664,3,1
64854.52,Bill Payment,UPI,108,0,0
139174.1,Online Purchase,Credit Card,998,6,1
142780.07,Online Purchase,Credit Card,183,2,1
23044.58,Online Purchase,UPI,98,8,1
6926.62,Bill Payment,Net Banking,257,6,0
70640.25,Cash Withdrawal,Debit Card,753,1,0
91026.7,Cash Withdrawal,Credit Card,859,10,1
3187.92,Money Transfer,UPI,2030,4,1
30819.12,Bill Payment,Debit Card,428,0,0
10044.87,Online Purchase,Credit Card,1206,6,1
1896.84,Bill Payment,Credit Card,817,1,0
55021.4,Cash Withdrawal,UPI,546,0,0
113999.9,Money Transfer,Debit Card,951,9,0
63547.16,Cash Withdrawal,Debit Card,349,7,1
117187.45,Cash Withdrawal,Net Banking,2012,6,1
65749.36,Bill Payment,Credit Card,892,8,1
98476.64,Money Transfer,Debit Card,2485,8,1
145647.11,Money Transfer,Net Banking,659,0,1
71535.07,Online Purchase,UPI,1480,1,0
47930.86,Cash Withdrawal,Credit Card,1869,3,0
80828.79,Online Purchase,Net Banking,2371,10,1
46823.59,Online Purchase,Debit Card,439,5,0
120748.19,Bill Payment,Debit Card,2330,1,0
80946.02,Bill Payment,Debit Card,1603,2,1
135089.08,Bill Payment,Debit Card,965,9,1
12264.41,Bill Payment,UPI,128,6,1
47170.61,Cash Withdrawal,Net Banking,35,2,0
110858.34,Online Purchase,UPI,808,7,1
41937.84,Online Purchase,UPI,1471,10,0
107876.37,Money Transfer,UPI,1094,4,0
127427.95,Cash Withdrawal,Net Banking,1868,7,0
75549.99,Money Transfer,Debit Card,434,0,0
68384.23,Money Transfer,Credit Card,1136,0,0
92820.7,Cash Withdrawal,Credit Card,512,2,0
15936.94,Cash Withdrawal,UPI,2015,8,0
133886.46,Bill Payment,Credit Card,95,4,1
61387.34,Online Purchase,Net Banking,1054,4,1
65067.21,Bill Payment,UPI,2039,0,0
84486.35,Cash Withdrawal,Net Banking,337,1,0
146951.34,Cash Withdrawal,Net Banking,57,3,1
49012.32,Online Purchase,UPI,1204,3,0
4469.32,Money Transfer,Debit Card,1262,6,0
115924.4,Cash Withdrawal,UPI,2461,10,1
32147.06,Online Purchase,UPI,933,8,0
120439.57,Cash Withdrawal,Debit Card,1070,6,0
24210.49,Cash Withdrawal,Credit Card,1158,8,1
139370.78,Money Transfer,Credit Card,382,8,1
146641.75,Money Transfer,Debit Card,1014,1,0
138356.79,Cash Withdrawal,UPI,397,8,0
24991.06,Bill Payment,Credit Card,1945,0,1
40756.96,Cash Withdrawal,UPI,811,2,0
57261.82,Cash Withdrawal,UPI,117,5,1
20797.05,Online Purchase,Debit Card,842,1,0
50549.91,Online Purchase,Credit Card,466,9,0
135156.83,Money Transfer,Credit Card,1554,0,1
37252.2,Cash Withdrawal,Debit Card,217,0,0
19376.36,Online Purchase,UPI,1085,2,0
63632.36,Cash Withdrawal,Debit Card,1498,3,0
100499.23,Bill Payment,Net Banking,492,1,0
16389.3,Bill Payment,UPI,1107,2,0
105296.3,Bill Payment,UPI,1289,3,0
116119.45,Bill Payment,Debit Card,1645,8,1
96209.23,Bill Payment,Credit Card,2187,1,1
91844.92,Bill Payment,Credit Card,750,3,1
52165.88,Bill Payment,Debit Card,1425,8,1
31017.5,Bill Payment,Debit Card,2081,8,1
4299.95,Cash Withdrawal,UPI,187,7,0
76321.19,Cash Withdrawal,Debit Card,1478,4,0
123384.38,Money Transfer,UPI,741,4,1
71056.82,Cash Withdrawal,Net Banking,1037,4,0
41093.56,Cash Withdrawal,UPI,2406,3,0
64127.99,Online Purchase,Credit Card,1781,0,0
79857.71,Money Transfer,Net Banking,1220,8,1
144046.28,Cash Withdrawal,UPI,1496,3,0
89094.54,Bill Payment,UPI,1556,0,0
21043.06,Online Purchase,UPI,100,7,1
54133.17,Bill Payment,Debit Card,2471,6,1
113374.35,Online Purchase,Debit Card,579,10,1
70363.33,Cash Withdrawal,Debit Card,1627,2,0
140717.57,Online Purchase,Net Banking,1216,3,1
59196.85,Online Purchase,Debit Card,540,5,1
123802.27,Bill Payment,Debit Card,2448,8,0
38872.63,Bill Payment,Debit Card,1884,8,0
23378.59,Money Transfer,Net Banking,372,7,0
39762.84,Cash Withdrawal,UPI,1377,4,0
112293.66,Bill Payment,UPI,1870,8,0
26077.78,Money Transfer,Credit Card,2020,4,0
129488.76,Money Transfer,Net Banking,437,8,1
127515.97,Bill Payment,Credit Card,662,3,0
31379.42,Money Transfer,Net Banking,1588,1,0
137726.48,Bill Payment,Credit Card,1134,0,1
138460.04,Bill Payment,UPI,407,1,1
56728.19,Online Purchase,Credit Card,66,5,1
20465.01,Money Transfer,Debit Card,156,7,0
43863.85,Bill Payment,UPI,696,8,0
142111.19,Cash Withdrawal,Net Banking,2009,7,0
27465.8,Money Transfer,UPI,1086,3,0
34462.59,Cash Withdrawal,Debit Card,546,7,0
32470.7,Cash Withdrawal,Debit Card,327,5,1
1886.73,Cash Withdrawal,Credit Card,2006,7,0
10250.06,Money Transfer,UPI,2138,6,0
85430.7,Cash Withdrawal,UPI,888,7,1
135400.33,Cash Withdrawal,Debit Card,457,0,1
744.78,Money Transfer,Credit Card,2278,7,1
99823.32,Bill Payment,Credit Card,1951,9,1
35017.53,Cash Withdrawal,Debit Card,432,2,0
148336.72,Bill Payment,Credit Card,1276,8,1
134069.15,Money Transfer,Net Banking,1529,9,1
134278.76,Online Purchase,Debit Card,1688,8,1
138.78,Online Purchase,Net Banking,618,2,1
98315.81,Cash Withdrawal,Credit Card,642,1,0
126805.94,Bill Payment,UPI,738,3,0
96512.75,Bill Payment,Net Banking,155,2,0
11400.4,Bill Payment,Net Banking,1437,1,0
66877.42,Online Purchase,Debit Card,686,3,1
140398.4,Online Purchase,Net Banking,13,9,1
10148.94,Bill Payment,Credit Card,694,4,1
33233.16,Online Purchase,Credit Card,1818,8,0
63537.22,Bill Payment,Net Banking,1330,5,0
50778.85,Online Purchase,UPI,2356,1,0
6559.81,Cash Withdrawal,Debit Card,1017,6,0
43761.03,Cash Withdrawal,Debit Card,1825,2,0
143319.71,Online Purchase,Credit Card,1180,2,1
119005.16,Money Transfer,UPI,1327,0,0
103347.34,Cash Withdrawal,Debit Card,435,7,0
39192.47,Money Transfer,UPI,2478,3,0
135647.35,Online Purchase,Net Banking,1547,7,1
5123.49,Cash Withdrawal,UPI,2183,5,0
93127.07,Online Purchase,Credit Card,1620,10,0
65569.47,Money Transfer,Net Banking,1187,1,0
93759.66,Cash Withdrawal,UPI,888,7,0
10964.64,Money Transfer,UPI,2356,3,0
16516.25,Bill Payment,UPI,2448,8,0
138952.7,Bill Payment,Debit Card,1797,8,1
66115.34,Bill Payment,Credit Card,1977,10,1
58407.84,Online Purchase,Net Banking,1529,6,0
26847.29,Cash Withdrawal,Debit Card,206,3,0
142287.56,Money Transfer,Net Banking,854,5,0
17759.69,Bill Payment,Net Banking,1982,2,0
23229.45,Money Transfer,Credit Card,111,8,0
68729.44,Bill Payment,Credit Card,1505,3,1
45809.7,Bill Payment,Net Banking,1560,0,1
80993.85,Online Purchase,UPI,2012,8,1
98039.18,Online Purchase,Debit Card,127,3,0
40373.3,Money Transfer,Net Banking,1386,10,1
88287.19,Bill Payment,Net Banking,2196,4,0
101980.07,Cash Withdrawal,Net Banking,114,7,0
63985.91,Online Purchase,Net Banking,1116,6,1
41771.67,Money Transfer,Debit Card,1824,0,0
117611.72,Online Purchase,Net Banking,1266,4,1
84016.92,Online Purchase,Net Banking,977,8,0
68818.9,Money Transfer,Credit Card,1466,7,0
120018.61,Online Purchase,UPI,1045,5,0
65625.3,Online Purchase,Debit Card,1190,8,0
46210.17,Bill Payment,Debit Card,2004,8,1
35156.6,Online Purchase,UPI,446,9,0
70571.88,Cash Withdrawal,Debit Card,1058,10,1
12415.45,Money Transfer,Debit Card,840,3,0
87826.16,Money Transfer,Credit Card,1287,9,0
2243.35,Online Purchase,Debit Card,568,10,0
43491.3,Bill Payment,UPI,1439,6,0
119280.79,Online Purchase,UPI,1090,1,0
69752.44,Cash Withdrawal,Net Banking,29,4,1
82253.63,Money Transfer,Credit Card,405,6,0
110814.33,Bill Payment,Net Banking,1642,7,0
122903.73,Cash Withdrawal,Net Banking,1526,7,0
57791.55,Bill Payment,Net Banking,1615,0,0
18945.77,Bill Payment,Debit Card,2401,6,0
132081.52,Money Transfer,Credit Card,2012,5,1
86026.63,Cash Withdrawal,Debit Card,2431,8,1
149410.61,Cash Withdrawal,UPI,1226,4,1
841.54,Online Purchase,UPI,167,6,0
25608.14,Cash Withdrawal,Debit Card,2156,6,0
41416.83,Online Purchase,Net Banking,1962,2,0
129139.97,Cash Withdrawal,Debit Card,2393,0,1
120035.05,Online Purchase,UPI,1013,0,1
81643.47,Money Transfer,Debit Card,991,0,0
16363.28,Online Purchase,UPI,88,6,0
75314.94,Bill Payment,UPI,2143,7,1
20101.12,Bill Payment,UPI,629,9,0
51606.06,Bill Payment,Debit Card,1688,9,1
38017.44,Cash Withdrawal,Debit Card,1300,1,0
143651.12,Money Transfer,Net Banking,365,10,1
52429.72,Cash Withdrawal,Net Banking,1770,3,0
30579.72,Bill Payment,Net Banking,1026,1,0
80129.31,Money Transfer,UPI,1586,0,0
90040.87,Online Purchase,Net Banking,529,4,0
140147.3,Bill Payment,Net Banking,1725,2,0
59060.82,Bill Payment,Debit Card,1768,8,0
125492.84,Cash Withdrawal,Net Banking,784,6,1
109060.19,Online Purchase,Credit Card,17,2,1
139589.14,Cash Withdrawal,Credit Card,2486,0,0
149521.53,Bill Payment,Debit Card,37,3,0
99095.27,Money Transfer,Credit Card,527,1,0
120267.55,Online Purchase,Credit Card,1123,5,0
57465.35,Bill Payment,UPI,1709,2,1
14168.19,Bill Payment,Net Banking,1672,3,0
35449.68,Money Transfer,UPI,150,8,1
28372.73,Money Transfer,Net Banking,526,5,1
80815.15,Bill Payment,Credit Card,963,0,0
47150.43,Bill Payment,Credit Card,1121,2,1
132633.41,Bill Payment,Debit Card,1420,0,0
55423.98,Money Transfer,Debit Card,755,8,1
87680.19,Cash Withdrawal,Credit Card,573,4,1
45411.76,Money Transfer,Credit Card,99,9,1
72684.05,Money Transfer,Debit Card,1346,3,0
19469.88,Cash Withdrawal,Net Banking,904,7,0
51537.82,Cash Withdrawal,Net Banking,266,7,1
53609.48,Money Transfer,UPI,1313,4,0
16100.22,Cash Withdrawal,Credit Card,737,6,0
15952.34,Money Transfer,Debit Card,2364,2,0
26966.89,Online Purchase,Debit Card,283,5,1
96286.08,Money Transfer,UPI,912,10,1
7675.82,Money Transfer,Net Banking,2211,9,0
49651.31,Money Transfer,UPI,1829,7,1
105757.9,Online Purchase,Debit Card,2470,9,0
33234.99,Online Purchase,Credit Card,607,7,0
36438.82,Bill Payment,UPI,1893,10,0
142345.36,Money Transfer,Credit Card,367,6,0
28127.27,Money Transfer,Credit Card,1604,10,0
48847.86,Online Purchase,Credit Card,16,4,0
28519.5,Bill Payment,Debit Card,1607,4,0
31618.77,Money Transfer,Net Banking,2410,1,0
23530.89,Online Purchase,Credit Card,1899,10,1
137985.27,Cash Withdrawal,Net Banking,2049,3,1
69326.16,Online Purchase,Net Banking,2234,5,0
16052.89,Money Transfer,Debit Card,2214,5,1
2238.28,Online Purchase,Credit Card,1733,3,0
21162.54,Cash Withdrawal,Net Banking,1827,5,0
55514.45,Cash Withdrawal,Credit Card,1964,2,0
46429.02,Cash Withdrawal,Credit Card,989,4,1
63231.49,Money Transfer,Debit Card,753,4,0
53120.69,Cash Withdrawal,UPI,267,5,1
61681.7,Money Transfer,UPI,496,7,1
30681.55,Online Purchase,UPI,444,7,0
101225.42,Bill Payment,UPI,2376,6,1
61834.97,Online Purchase,Debit Card,897,7,0
23101.59,Cash Withdrawal,UPI,2113,4,0
13332.53,Money Transfer,Debit Card,524,5,1
39908.23,Bill Payment,Net Banking,2408,10,1
108079.3,Cash Withdrawal,Debit Card,942,7,1
6856.57,Online Purchase,UPI,590,6,0
8706.91,Cash Withdrawal,Credit Card,2233,1,0
73054.8,Money Transfer,Debit Card,500,0,0
30127.38,Money Transfer,UPI,780,9,1
91142.6,Bill Payment,Credit Card,357,10,0
140299.49,Cash Withdrawal,Debit Card,2282,4,1
120808.6,Bill Payment,Debit Card,2472,0,0
70228.87,Money Transfer,UPI,2044,6,1
93592.98,Online Purchase,Net Banking,2072,2,0
59945.86,Cash Withdrawal,Net Banking,2489,4,0
33374.96,Online Purchase,UPI,862,8,0
23899.49,Bill Payment,Credit Card,2169,5,0
27197.05,Cash Withdrawal,Debit Card,2339,7,0
56612.84,Money Transfer,Debit Card,585,5,1
122211.19,Cash Withdrawal,Debit Card,1246,6,0
123023.64,Money Transfer,Net Banking,225,10,1
26607.68,Money Transfer,UPI,1030,6,0
15892.74,Bill Payment,Credit Card,1222,9,0
58011.64,Online Purchase,Net Banking,2103,6,1
122081.95,Cash Withdrawal,Net Banking,694,4,0
90650.23,Bill Payment,Credit Card,1007,10,0
113909.55,Bill Payment,Credit Card,2131,6,1
48669.01,Online Purchase,Debit Card,1228,4,1
84260.79,Money Transfer,Debit Card,416,8,1
4246.13,Cash Withdrawal,Debit Card,1098,7,0
10310.74,Money Transfer,Debit Card,2024,7,0
117778.88,Online Purchase,Credit Card,647,2,0
4267.66,Cash Withdrawal,Debit Card,393,8,0
27139.04,Online Purchase,Debit Card,985,9,1
22870.19,Online Purchase,Debit Card,993,6,0
102891.42,Online Purchase,UPI,20,9,1
12024.47,Cash Withdrawal,Credit Card,752,3,0
89261.17,Cash Withdrawal,Net Banking,768,0,0
27521.58,Bill Payment,Credit Card,1004,1,0
68529.27,Bill Payment,Net Banking,2357,0,1
954.91,Online Purchase,Credit Card,1897,6,0
126449.99,Money Transfer,Debit Card,1205,4,1
38651.08,Money Transfer,Net Banking,466,5,0
46961.16,Cash Withdrawal,UPI,1784,9,1
69832.9,Online Purchase,Net Banking,45,2,0
80002.5,Money Transfer,Credit Card,1043,0,1
35688.58,Online Purchase,Debit Card,1160,10,0
96262.73,Money Transfer,Debit Card,688,1,0
102221.36,Online Purchase,UPI,2459,3,1
104714.31,Money Transfer,Debit Card,1435,2,0
57718.62,Bill Payment,Debit Card,176,2,1
16844.3,Cash Withdrawal,Net Banking,2311,5,0
24927.08,Money Transfer,Debit Card,1583,7,0
15316.94,Online Purchase,Net Banking,1827,8,1
120500.39,Cash Withdrawal,Net Banking,556,9,1
48046.81,Bill Payment,Debit Card,2078,6,0
113126.46,Cash Withdrawal,Net Banking,958,0,1
6215.3,Bill Payment,Credit Card,1980,10,0
141428.82,Money Transfer,Credit Card,1159,10,1
118811.94,Online Purchase,UPI,305,0,0
4217.55,Bill Payment,UPI,11,8,1
48054.51,Bill Payment,Net Banking,2005,7,1
117272.2,Bill Payment,Net Banking,1852,9,1
110102.1,Money Transfer,Credit Card,1842,6,1
44187.9,Online Purchase,UPI,2089,3,0
107711.14,Online Purchase,Credit Card,2038,2,1
68238.91,Cash Withdrawal,Debit Card,564,8,1
3967.23,Money Transfer,Debit Card,45,5,1
112735.83,Online Purchase,Debit Card,1048,0,1
29397.49,Cash Withdrawal,Credit Card,299,9,0
54645.12,Money Transfer,UPI,170,6,1
10014.88,Cash Withdrawal,UPI,1945,1,0
69187.15,Cash Withdrawal,UPI,2215,5,0
128685.32,Cash Withdrawal,Net Banking,800,10,1
24612.79,Bill Payment,Credit Card,1835,10,0
46255.05,Bill Payment,Credit Card,1010,8,0
78230.22,Online Purchase,Credit Card,409,4,0
50356.7,Cash Withdrawal,Net Banking,1648,7,0
135327.67,Bill Payment,Debit Card,1098,9,1
4445.22,Cash Withdrawal,Credit Card,2328,2,0
67532.58,Bill Payment,UPI,308,7,0
70058.51,Online Purchase,Debit Card,625,10,1
729.04,Bill Payment,Debit Card,1251,7,0
24408.2,Cash Withdrawal,Debit Card,1322,3,0
8991.87,Bill Payment,Debit Card,2180,4,0
83388.76,Money Transfer,UPI,2057,7,1
68841.09,Money Transfer,Debit Card,881,10,0
105118.04,Online Purchase,Debit Card,1045,0,0
91899.79,Cash Withdrawal,Net Banking,801,9,0
46319.39,Cash Withdrawal,UPI,2187,4,0
101631.63,Money Transfer,Debit Card,1308,6,0
52085.83,Money Transfer,Credit Card,2266,8,1
68150.67,Money Transfer,Debit Card,1939,3,0
147095.62,Money Transfer,Debit Card,1277,0,0
94652.23,Online Purchase,Credit Card,1684,6,1
40598.44,Online Purchase,Credit Card,1073,2,0
59813.8,Money Transfer,UPI,1407,2,0
62398.79,Cash Withdrawal,Debit Card,2164,8,1
133045.44,Money Transfer,UPI,1882,0,1
40025.04,Bill Payment,Credit Card,1256,3,0
43644.52,Money Transfer,Credit Card,318,1,0
39844.15,Bill Payment,UPI,2326,5,0
43393.95,Online Purchase,UPI,736,10,0
56846.95,Online Purchase,UPI,306,2,0
18540.16,Cash Withdrawal,UPI,2012,10,0
135321.11,Cash Withdrawal,UPI,730,9,1
75216.12,Cash Withdrawal,Debit Card,1038,7,0
48548.98,Cash Withdrawal,UPI,2335,1,0
128124.66,Online Purchase,Net Banking,1295,1,1
147237.68,Online Purchase,Debit Card,1139,7,0
26695.58,Money Transfer,Credit Card,1392,7,0
83700.0,Bill Payment,UPI,806,1,1
75525.5,Money Transfer,UPI,1657,4,0
35867.93,Cash Withdrawal,Net Banking,689,4,1
7212.13,Online Purchase,UPI,1703,0,0
110483.56,Cash Withdrawal,Credit Card,109,6,0
89280.45,Cash Withdrawal,Debit Card,1827,4,0
132154.71,Money Transfer,Credit Card,2126,7,1
105038.02,Online Purchase,Net Banking,1386,0,1
127440.69,Bill Payment,Net Banking,343,5,1
15446.05,Money Transfer,UPI,10,2,0
28732.52,Cash Withdrawal,Credit Card,7,4,0
28168.24,Cash Withdrawal,Debit Card,2286,9,0
118401.46,Money Transfer,Debit Card,463,2,1
58727.49,Online Purchase,UPI,2245,4,1
5599.28,Cash Withdrawal,Net Banking,1560,9,0
95533.87,Cash Withdrawal,UPI,672,0,0
97134.96,Bill Payment,Credit Card,1140,4,1
58899.26,Cash Withdrawal,Debit Card,2001,2,0
126606.72,Cash Withdrawal,Credit Card,1450,9,1
77870.97,Bill Payment,UPI,1872,5,0
104659.62,Money Transfer,Net Banking,2494,8,1
34520.35,Bill Payment,UPI,2044,7,0
99045.6,Money Transfer,Net Banking,1817,6,1
46851.26,Online Purchase,Credit Card,1512,9,1
40961.88,Online Purchase,UPI,19,4,0
34559.83,Online Purchase,Debit Card,1397,6,0
131198.44,Bill Payment,Net Banking,1570,6,0
128203.74,Cash Withdrawal,Debit Card,1464,4,0
136089.54,Cash Withdrawal,Credit Card,1992,5,0
119600.05,Online Purchase,Credit Card,363,8,1
58474.04,Money Transfer,Net Banking,1274,10,1
15657.09,Online Purchase,Debit Card,1137,5,0
9226.71,Bill Payment,Debit Card,1318,6,0
50521.28,Bill Payment,Debit Card,1928,7,0
141787.52,Bill Payment,Credit Card,1832,6,0
138987.78,Bill Payment,Net Banking,916,7,0
37875.89,Bill Payment,Debit Card,1353,1,0
141480.81,Bill Payment,Net Banking,1876,9,0
7801.63,Cash Withdrawal,UPI,696,2,0
88389.37,Money Transfer,UPI,2305,10,0
148810.58,Bill Payment,Debit Card,857,9,1
38293.81,Online Purchase,Debit Card,247,3,0
50978.92,Online Purchase,Net Banking,4,0,1
113965.26,Bill Payment,Credit Card,528,4,1
84678.36,Bill Payment,Net Banking,1312,3,0
81549.33,Online Purchase,Debit Card,2492,7,1
37223.9,Money Transfer,UPI,1709,1,0
108480.12,Money Transfer,Credit Card,1111,0,1
21196.52,Cash Withdrawal,Debit Card,838,4,0
11526.82,Cash Withdrawal,Net Banking,774,7,1
27015.76,Cash Withdrawal,UPI,2471,3,0
103762.38,Online Purchase,UPI,420,9,1
12845.83,Cash Withdrawal,Credit Card,1005,3,0
110723.96,Money Transfer,Credit Card,2067,5,1
13116.9,Bill Payment,Debit Card,1719,10,0
64539.8,Money Transfer,Credit Card,2478,3,1
70736.74,Online Purchase,Debit Card,274,0,0
139476.98,Cash Withdrawal,Net Banking,2043,7,0
68292.42,Cash Withdrawal,UPI,1869,6,1
52354.23,Bill Payment,Credit Card,853,4,0
75689.21,Bill Payment,UPI,828,5,0
108315.33,Online Purchase,Credit Card,573,6,1
86172.33,Bill Payment,Debit Card,963,0,0
109764.37,Money Transfer,Debit Card,1022,3,0
131828.85,Money Transfer,UPI,287,4,0
78051.23,Bill Payment,Credit Card,1903,0,1
37634.82,Cash Withdrawal,Debit Card,1731,0,0
42287.98,Online Purchase,UPI,506,4,0
76106.04,Cash Withdrawal,Debit Card,440,6,0
84416.81,Money Transfer,UPI,557,7,0
125308.32,Cash Withdrawal,Debit Card,224,2,0
8146.65,Bill Payment,Net Banking,692,5,1
5133.23,Money Transfer,UPI,2078,9,1
69368.34,Online Purchase,Debit Card,1533,8,1
39743.69,Online Purchase,UPI,2472,5,0
57675.55,Bill Payment,Credit Card,2392,4,1
122493.3,Bill Payment,UPI,1772,4,0
21742.51,Online Purchase,Credit Card,1057,1,0
25564.27,Money Transfer,Net Banking,2030,8,1
38421.32,Online Purchase,Credit Card,2057,9,0
73261.36,Bill Payment,Credit Card,512,10,1
67768.89,Online Purchase,Debit Card,1735,7,1
96287.8,Bill Payment,Credit Card,526,8,0
8688.63,Bill Payment,Credit Card,1891,7,0
4964.55,Cash Withdrawal,Debit Card,1106,6,1
37303.69,Cash Withdrawal,Credit Card,908,10,1
112004.42,Money Transfer,Credit Card,1579,4,1
48609.69,Money Transfer,Net Banking,1415,4,0
107661.9,Money Transfer,Debit Card,2301,6,1
134877.05,Bill Payment,Credit Card,1455,10,1
136099.72,Cash Withdrawal,Credit Card,1424,5,0
16560.76,Bill Payment,UPI,1704,10,0
128954.67,Cash Withdrawal,UPI,177,9,1
140139.9,Money Transfer,Net Banking,1028,6,1
51311.1,Bill Payment,UPI,490,6,1
135986.22,Money Transfer,Debit Card,2405,5,1
28263.16,Money Transfer,UPI,1522,1,0
56041.6,Cash Withdrawal,Credit Card,2431,2,1
21884.12,Cash Withdrawal,Net Banking,1278,8,0
104987.86,Cash Withdrawal,Net Banking,2267,4,1
85703.15,Cash Withdrawal,Debit Card,350,9,1
33747.58,Bill Payment,Debit Card,2027,10,1
106322.35,Cash Withdrawal,Debit Card,740,5,0
109793.03,Cash Withdrawal,UPI,546,3,1
18163.16,Cash Withdrawal,UPI,1661,9,0
114946.04,Online Purchase,Net Banking,1600,3,0
112996.55,Online Purchase,Net Banking,999,7,0
97772.68,Bill Payment,UPI,927,6,1
118238.71,Money Transfer,Debit Card,50,6,1
62635.09,Money Transfer,UPI,2009,7,1
93089.23,Bill Payment,Debit Card,2491,8,1
9826.14,Bill Payment,Credit Card,145,3,0
23986.15,Money Transfer,Credit Card,893,2,0
78611.77,Cash Withdrawal,UPI,1561,3,0
48799.09,Money Transfer,UPI,1693,1,0
77276.32,Money Transfer,Credit Card,995,8,1
126475.97,Bill Payment,Net Banking,569,10,1
50292.64,Online Purchase,Credit Card,385,10,0
75427.24,Online Purchase,Net Banking,1985,9,1
140894.56,Cash Withdrawal,Net Banking,1577,6,1
97674.65,Bill Payment,Net Banking,718,8,1
37014.87,Cash Withdrawal,UPI,2382,8,1
1624.62,Money Transfer,Net Banking,202,2,0
90222.5,Online Purchase,Debit Card,2010,5,1
94977.98,Money Transfer,Credit Card,823,2,0
110971.95,Money Transfer,Net Banking,1352,6,1
14811.74,Bill Payment,Credit Card,1023,0,0
75248.65,Online Purchase,Net Banking,275,2,0
115952.99,Bill Payment,Debit Card,1164,9,1
81317.43,Online Purchase,UPI,656,9,0
35770.03,Money Transfer,Credit Card,303,5,1
88106.49,Cash Withdrawal,Net Banking,1695,4,0
36989.17,Online Purchase,Net Banking,1442,7,0
52022.2,Money Transfer,Debit Card,1585,1,0
98361.26,Bill Payment,Credit Card,537,9,1
128392.18,Bill Payment,Debit Card,1049,5,1
125065.0,Cash Withdrawal,Net Banking,315,3,0
80454.76,Cash Withdrawal,UPI,1393,0,0
143496.71,Online Purchase,Credit Card,1506,9,1
60101.83,Cash Withdrawal,Debit Card,581,3,0
97710.8,Bill Payment,Debit Card,1572,0,0
86918.1,Bill Payment,Credit Card,632,10,1
62318.75,Online Purchase,UPI,942,6,1
79704.83,Online Purchase,Net Banking,557,0,0
4457.26,Money Transfer,Debit Card,2256,8,1
10097.05,Online Purchase,Net Banking,1623,7,0
33053.94,Money Transfer,Credit Card,817,10,1
44356.19,Bill Payment,Debit Card,1538,5,0
244.1,Online Purchase,Credit Card,1424,6,0
48963.9,Bill Payment,Debit Card,2413,6,0
5191.7,Bill Payment,Net Banking,1846,3,0
11476.61,Bill Payment,Credit Card,2419,5,1
63913.49,Cash Withdrawal,Debit Card,206,5,0
75441.79,Online Purchase,Credit Card,659,5,1
14268.49,Money Transfer,Net Banking,1719,2,0
147667.37,Online Purchase,Credit Card,2309,5,1
45947.67,Online Purchase,UPI,1582,1,0
91298.63,Cash Withdrawal,Credit Card,168,0,1
87028.06,Online Purchase,Credit Card,1847,3,0
140733.87,Bill Payment,Net Banking,1807,3,0
109296.77,Bill Payment,Debit Card,1647,9,1
86103.25,Online Purchase,UPI,429,3,1
79716.27,Cash Withdrawal,Net Banking,278,8,1
16470.66,Online Purchase,UPI,1204,2,0
81280.45,Bill Payment,Debit Card,1469,10,1
13079.32,Online Purchase,Debit Card,1448,9,1
112223.57,Bill Payment,Debit Card,2366,4,1
27298.05,Cash Withdrawal,Credit Card,935,2,0
81381.99,Cash Withdrawal,Net Banking,1918,6,0
5537.43,Cash Withdrawal,Debit Card,2145,9,0
134451.29,Online Purchase,Debit Card,1269,0,0
84669.84,Cash Withdrawal,Debit Card,2187,7,1
100401.26,Money Transfer,Credit Card,2163,1,1
61179.31,Money Transfer,Debit Card,1834,0,1
112841.37,Money Transfer,Debit Card,19,7,1
140017.38,Online Purchase,UPI,481,3,1
130081.58,Online Purchase,Net Banking,2087,6,1
65713.28,Cash Withdrawal,Net Banking,1853,7,1
20575.62,Money Transfer,Credit Card,933,0,0
79646.85,Cash Withdrawal,UPI,1794,4,1
75571.87,Money Transfer,Debit Card,53,3,0
56772.9,Cash Withdrawal,Net Banking,454,9,0
25545.18,Cash Withdrawal,Debit Card,1549,5,0
132078.65,Online Purchase,Debit Card,1659,4,1
62189.65,Bill Payment,UPI,389,4,1
67945.87,Money Transfer,UPI,1817,4,0
44645.94,Money Transfer,UPI,572,6,0
142226.29,Online Purchase,Credit Card,2133,5,0
114308.44,Online Purchase,Credit Card,1289,6,1
37523.41,Money Transfer,UPI,306,5,0
43098.69,Cash Withdrawal,Net Banking,152,10,1
99186.71,Online Purchase,Debit Card,2065,3,0
128936.21,Money Transfer,UPI,1778,5,1
26703.87,Cash Withdrawal,UPI,2086,6,1
138268.81,Bill Payment,UPI,1544,3,0
128131.13,Money Transfer,Debit Card,1232,9,0
53998.87,Bill Payment,UPI,1852,0,0
47587.18,Bill Payment,Net Banking,2173,10,1
28937.53,Online Purchase,Debit Card,681,4,0
110873.94,Money Transfer,Net Banking,364,6,1
78847.68,Cash Withdrawal,Debit Card,2095,10,1
140335.19,Bill Payment,Net Banking,1712,2,0
149648.75,Cash Withdrawal,Credit Card,857,10,1
97752.73,Bill Payment,Net Banking,2295,7,0
104290.12,Cash Withdrawal,Credit Card,2338,3,0
119499.17,Money Transfer,Debit Card,2343,4,1
119148.42,Money Transfer,Debit Card,572,8,1
246.36,Cash Withdrawal,Debit Card,1428,3,0
37680.81,Online Purchase,UPI,1125,5,0
9757.19,Money Transfer,UPI,2207,8,0
137459.04,Online Purchase,UPI,15,0,0
52138.74,Money Transfer,Credit Card,832,2,0
64720.77,Money Transfer,UPI,1241,9,1
147579.7,Cash Withdrawal,UPI,1815,1,1
119001.55,Cash Withdrawal,Debit Card,379,3,1
110897.8,Bill Payment,Credit Card,2149,6,1
81030.22,Bill Payment,Net Banking,1197,10,1
65794.27,Online Purchase,Debit Card,864,0,0
127670.64,Cash Withdrawal,Debit Card,2133,9,0
96016.58,Cash Withdrawal,Net Banking,875,6,1
59554.19,Money Transfer,Credit Card,2270,4,1
15558.86,Money Transfer,Net Banking,624,8,0
35418.92,Money Transfer,Net Banking,1277,9,1
123823.17,Bill Payment,Net Banking,1153,9,1
13636.7,Money Transfer,UPI,912,10,1
141423.48,Online Purchase,Credit Card,1591,6,1
56364.28,Money Transfer,Debit Card,2147,4,1
47791.25,Online Purchase,UPI,11,8,0
68111.85,Cash Withdrawal,Debit Card,667,9,1
114594.77,Online Purchase,Credit Card,2095,4,1
12061.84,Cash Withdrawal,Net Banking,180,10,0
27480.15,Cash Withdrawal,Credit Card,1214,6,0
95607.63,Cash Withdrawal,UPI,1375,3,0
95166.97,Online Purchase,Net Banking,550,4,1
144664.13,Cash Withdrawal,Net Banking,2014,8,1
47985.49,Cash Withdrawal,Debit Card,605,1,0
8491.15,Money Transfer,UPI,627,3,0
85878.1,Bill Payment,UPI,1042,0,0
120057.91,Online Purchase,Net Banking,703,9,1
3694.34,Money Transfer,Credit Card,1418,10,0
4661.66,Cash Withdrawal,Net Banking,1821,1,0
51038.73,Money Transfer,Debit Card,500,7,0
38283.19,Bill Payment,UPI,1047,1,0
137874.62,Money Transfer,UPI,2372,2,1
123121.39,Money Transfer,Credit Card,1461,10,1
76400.76,Bill Payment,Debit Card,454,7,0
82176.73,Online Purchase,Debit Card,1709,9,1
50191.25,Online Purchase,UPI,234,7,0
148029.09,Money Transfer,UPI,2459,1,1
90157.61,Money Transfer,Credit Card,1012,2,0
111306.18,Money Transfer,Net Banking,1027,9,1
22878.75,Money Transfer,Debit Card,2072,4,1
113826.53,Money Transfer,Net Banking,1610,5,1
89459.02,Bill Payment,Debit Card,2303,5,0
2971.74,Money Transfer,Credit Card,2142,6,0
123187.54,Bill Payment,Net Banking,1007,2,0
7116.5,Bill Payment,Credit Card,1363,0,0
40930.06,Cash Withdrawal,Credit Card,1371,9,1
47311.47,Money Transfer,Debit Card,1912,7,1
8997.15,Online Purchase,Net Banking,1037,4,0
85900.94,Money Transfer,Credit Card,294,7,1
140954.32,Online Purchase,Credit Card,821,4,1
79228.21,Bill Payment,Net Banking,1350,10,0
113171.38,Cash Withdrawal,UPI,1140,9,1
56617.86,Online Purchase,Net Banking,554,3,0
109468.72,Bill Payment,Net Banking,1079,1,1
83793.5,Online Purchase,Debit Card,1788,8,0
75210.5,Money Transfer,UPI,544,8,0
87885.98,Bill Payment,Credit Card,1254,3,0
116079.86,Online Purchase,Net Banking,75,2,1
116145.85,Bill Payment,Net Banking,1807,5,1
137712.87,Cash Withdrawal,UPI,2290,0,1
111110.73,Cash Withdrawal,Debit Card,1640,7,1
69043.99,Money Transfer,UPI,2268,1,1
36691.28,Cash Withdrawal,UPI,642,9,0
142027.1,Money Transfer,Debit Card,47,3,0
114454.66,Bill Payment,Debit Card,2456,5,1
104758.21,Cash Withdrawal,Credit Card,2138,10,1
51924.31,Money Transfer,Net Banking,970,4,0
4626.26,Online Purchase,UPI,2468,7,0
45756.6,Bill Payment,UPI,2005,3,0
98165.1,Cash Withdrawal,Credit Card,1129,9,0
6073.69,Cash Withdrawal,Net Banking,2188,1,0
54752.64,Cash Withdrawal,UPI,2356,7,0
35028.85,Cash Withdrawal,Credit Card,129,10,1
103106.4,Online Purchase,UPI,1926,3,0
60279.73,Online Purchase,Credit Card,2126,0,0
16514.85,Cash Withdrawal,UPI,1759,9,0
133572.03,Online Purchase,Net Banking,662,1,0
75478.69,Cash Withdrawal,Net Banking,280,10,0
142937.85,Online Purchase,Net Banking,1312,8,1
34816.72,Money Transfer,UPI,288,1,1
80750.5,Bill Payment,Net Banking,2278,6,0
136945.22,Money Transfer,Net Banking,1343,7,1
82427.59,Online Purchase,Debit Card,2404,1,1
73632.55,Bill Payment,Debit Card,1058,9,0
87416.74,Cash Withdrawal,Credit Card,2171,4,1
104383.7,Bill Payment,UPI,792,7,0
9350.58,Bill Payment,Debit Card,1867,6,1
79488.88,Bill Payment,Net Banking,2024,0,0
18576.28,Bill Payment,UPI,2243,1,0
45883.32,Online Purchase,Credit Card,1114,0,0
55501.78,Online Purchase,Debit Card,977,1,1
63479.03,Online Purchase,Net Banking,2488,7,1
61727.5,Money Transfer,Debit Card,2302,8,0
49595.44,Bill Payment,Debit Card,1858,3,0
38867.61,Cash Withdrawal,Debit Card,1536,1,0
96347.27,Cash Withdrawal,Debit Card,1684,6,0
131568.4,Bill Payment,Net Banking,1501,8,0
69270.14,Money Transfer,Net Banking,275,0,0
48459.91,Money Transfer,UPI,2418,0,0
104010.97,Cash Withdrawal,Net Banking,494,8,1
107235.83,Online Purchase,Credit Card,1948,4,0
105125.94,Bill Payment,Credit Card,647,5,1
119010.85,Online Purchase,UPI,496,3,0
61410.41,Cash Withdrawal,Net Banking,1905,5,1
116484.01,Online Purchase,Net Banking,453,2,0
86390.42,Cash Withdrawal,Credit Card,1799,6,1
143627.0,Online Purchase,Net Banking,1211,2,0
68832.02,Online Purchase,UPI,863,8,1
15193.7,Cash Withdrawal,Net Banking,1629,2,0
25275.71,Cash Withdrawal,Credit Card,590,5,0
142618.18,Cash Withdrawal,Debit Card,2354,1,1
46416.2,Cash Withdrawal,UPI,1977,2,0
8221.42,Bill Payment,Net Banking,1915,8,1
98040.41,Money Transfer,Net Banking,88,6,0
16214.16,Bill Payment,Credit Card,757,6,0
35709.97,Online Purchase,Net Banking,928,1,0
23293.87,Online Purchase,Net Banking,1573,7,0
145524.15,Bill Payment,Credit Card,1329,3,0
26896.12,Money Transfer,Credit Card,1688,9,1
50307.51,Money Transfer,Net Banking,301,7,0
1902.78,Online Purchase,Debit Card,2128,0,0
68017.29,Money Transfer,Credit Card,916,6,0
66592.9,Cash Withdrawal,UPI,1462,5,0
20094.13,Online Purchase,UPI,489,0,0
148936.21,Bill Payment,UPI,2039,0,1
143545.3,Bill Payment,Credit Card,2303,6,1
133433.6,Bill Payment,UPI,380,2,0
51616.56,Cash Withdrawal,Debit Card,1303,8,1
22655.32,Cash Withdrawal,Debit Card,1285,6,1
57493.06,Money Transfer,UPI,1417,1,0
72437.03,Cash Withdrawal,UPI,310,9,1
131636.45,Bill Payment,UPI,893,1,0
25981.47,Money Transfer,UPI,1029,5,0
3082.1,Online Purchase,Net Banking,1734,2,0
140693.82,Cash Withdrawal,Credit Card,1625,4,0
11634.07,Money Transfer,Net Banking,1374,3,0
21256.49,Bill Payment,Net Banking,161,10,0
147035.71,Online Purchase,Credit Card,1105,8,1
25256.78,Cash Withdrawal,Credit Card,2288,8,1
116181.64,Bill Payment,Debit Card,1833,4,1
114669.93,Online Purchase,Debit Card,1646,8,1
113136.0,Money Transfer,Credit Card,59,8,1
48612.22,Online Purchase,UPI,2081,0,0
40238.83,Money Transfer,Debit Card,1158,0,0
5096.37,Online Purchase,Credit Card,1389,6,0
106559.54,Bill Payment,Net Banking,2423,9,1
27738.23,Online Purchase,Debit Card,281,1,0
62284.69,Bill Payment,Net Banking,91,2,0
11355.44,Bill Payment,Net Banking,1836,6,0
21713.58,Online Purchase,Debit Card,1421,9,0
28602.88,Money Transfer,Credit Card,1873,4,0
123555.31,Bill Payment,UPI,2453,1,0
58380.05,Money Transfer,Credit Card,1003,3,1
126529.98,Cash Withdrawal,UPI,1710,10,1
107343.55,Online Purchase,Net Banking,1601,5,1
129107.09,Online Purchase,Debit Card,93,4,0
93580.89,Online Purchase,UPI,964,8,1
113094.86,Bill Payment,Credit Card,1630,4,1
79301.64,Money Transfer,UPI,779,2,0
127068.28,Online Purchase,Net Banking,606,4,0
146849.97,Cash Withdrawal,Net Banking,1044,1,0
62041.81,Money Transfer,UPI,1488,7,1
81658.79,Online Purchase,Credit Card,1323,8,1
36885.49,Online Purchase,Debit Card,1512,4,0
138833.79,Money Transfer,Net Banking,2110,8,1
81904.28,Online Purchase,Debit Card,63,6,0
55996.19,Money Transfer,Debit Card,1518,10,0
62276.55,Money Transfer,Net Banking,1785,2,1
62206.28,Money Transfer,Credit Card,713,7,1
135875.66,Online Purchase,Debit Card,2488,5,0
95253.63,Cash Withdrawal,Credit Card,660,2,0
2760.41,Cash Withdrawal,Net Banking,331,10,0
63132.17,Bill Payment,UPI,73,2,0
99114.98,Bill Payment,UPI,1863,3,0
100075.2,Bill Payment,Credit Card,1155,3,0
4694.55,Money Transfer,Debit Card,977,1,0
64734.43,Cash Withdrawal,Net Banking,2348,10,1
63740.15,Cash Withdrawal,UPI,1928,7,0
20447.93,Online Purchase,Credit Card,326,10,0
44361.79,Money Transfer,UPI,1012,7,0
26095.21,Online Purchase,Credit Card,2238,7,0
71404.12,Bill Payment,Debit Card,772,4,1
48742.92,Money Transfer,Debit Card,549,4,1
132772.38,Cash Withdrawal,Net Banking,1848,2,0
37912.89,Cash Withdrawal,UPI,197,2,0
98789.56,Bill Payment,Debit Card,382,1,0
42367.91,Bill Payment,Net Banking,143,3,0
28521.7,Money Transfer,Net Banking,2189,7,0
75874.16,Bill Payment,Debit Card,65,10,1
49750.72,Money Transfer,UPI,2061,9,1
112947.18,Online Purchase,Net Banking,2361,3,0
26730.97,Bill Payment,Debit Card,536,10,0
22617.0,Bill Payment,UPI,1669,1,0
106931.97,Cash Withdrawal,UPI,1686,7,0
78848.35,Online Purchase,Net Banking,882,6,0
11856.46,Money Transfer,UPI,1191,10,1
117799.11,Money Transfer,Credit Card,471,8,1
65790.31,Money Transfer,UPI,212,1,0
69147.88,Cash Withdrawal,Net Banking,2339,6,1
101235.09,Cash Withdrawal,UPI,1197,9,0
131691.03,Cash Withdrawal,Credit Card,1961,8,1
23139.77,Money Transfer,Credit Card,181,8,0
18586.44,Online Purchase,Credit Card,1047,2,0
61229.21,Cash Withdrawal,Credit Card,1619,2,0
48339.55,Bill Payment,UPI,442,4,0
115106.13,Online Purchase,Net Banking,1824,1,0
117696.91,Online Purchase,Credit Card,7,4,1
53020.36,Cash Withdrawal,Debit Card,1118,2,0
72617.25,Bill Payment,Net Banking,1735,5,0
19363.45,Bill Payment,Debit Card,184,5,1
18732.2,Cash Withdrawal,Debit Card,1360,1,0
32649.79,Bill Payment,Debit Card,963,5,0
64859.71,Bill Payment,Net Banking,1983,7,0
37678.55,Money Transfer,Net Banking,1372,8,0
48468.36,Money Transfer,Credit Card,38,4,0
88584.32,Online Purchase,UPI,5,7,0
11344.33,Money Transfer,Credit Card,1692,1,0
148693.55,Online Purchase,Net Banking,1083,6,1
106226.51,Cash Withdrawal,Net Banking,1119,7,1
126718.09,Online Purchase,Net Banking,491,2,1
34616.48,Cash Withdrawal,Net Banking,2050,10,0
117416.89,Online Purchase,Debit Card,630,5,0
58089.92,Bill Payment,Debit Card,1485,5,0
109174.27,Cash Withdrawal,Net Banking,848,5,0
71234.86,Online Purchase,Credit Card,2045,2,0
33677.21,Bill Payment,Net Banking,1582,4,0
62338.31,Online Purchase,Debit Card,1552,1,0
104680.62,Money Transfer,Net Banking,969,1,0
59289.55,Cash Withdrawal,UPI,1616,4,1
87056.14,Online Purchase,UPI,261,10,0
50600.49,Cash Withdrawal,Debit Card,68,0,0
30207.64,Money Transfer,Credit Card,221,5,0
58387.24,Online Purchase,Net Banking,2091,7,0
144761.63,Online Purchase,UPI,2054,1,1
111160.25,Bill Payment,Debit Card,1952,10,0
94686.64,Cash Withdrawal,UPI,656,7,0
133037.09,Bill Payment,Net Banking,1805,7,1
9272.26,Bill Payment,UPI,2117,9,0
115567.78,Cash Withdrawal,Credit Card,747,9,0
57688.68,Online Purchase,UPI,1198,8,1
123331.65,Cash Withdrawal,Credit Card,204,10,1
37168.34,Online Purchase,Debit Card,528,6,0
29335.87,Bill Payment,Net Banking,81,2,0
65240.37,Bill Payment,Credit Card,1474,7,0
104008.97,Online Purchase,UPI,708,10,1
9562.34,Bill Payment,Net Banking,349,7,0
148156.0,Bill Payment,UPI,2286,9,1
33095.17,Bill Payment,UPI,532,8,1
73587.9,Online Purchase,Net Banking,799,0,0
22789.07,Money Transfer,Debit Card,2492,3,0
53586.49,Money Transfer,Net Banking,2160,9,1
56247.19,Money Transfer,UPI,2452,10,1
72715.2,Money Transfer,Net Banking,2156,10,1
110654.18,Bill Payment,Net Banking,1135,10,1
5170.89,Money Transfer,Debit Card,421,0,0
18523.28,Bill Payment,Credit Card,2156,8,1
81022.29,Bill Payment,Net Banking,1272,5,0
112101.38,Bill Payment,Credit Card,50,5,1
16419.96,Cash Withdrawal,Net Banking,2436,7,0
39073.22,Cash Withdrawal,Net Banking,326,9,1
79755.45,Cash Withdrawal,Net Banking,795,6,0
44422.01,Bill Payment,Debit Card,899,3,0
66687.66,Bill Payment,Net Banking,938,3,0
86615.85,Money Transfer,Debit Card,1763,2,0
92458.15,Online Purchase,UPI,3,2,1
43596.47,Cash Withdrawal,Debit Card,1181,5,1
144548.17,Online Purchase,UPI,36,5,0
685.34,Cash Withdrawal,Debit Card,1707,0,0
129658.26,Cash Withdrawal,Debit Card,2438,1,1
142426.35,Cash Withdrawal,Net Banking,968,6,1
85863.85,Bill Payment,Credit Card,2485,8,1
112731.24,Cash Withdrawal,Debit Card,1593,6,1
92138.24,Bill Payment,Net Banking,1227,8,0
102484.72,Bill Payment,UPI,1855,1,1
119988.38,Bill Payment,UPI,1082,9,0
9771.57,Cash Withdrawal,Debit Card,2313,5,1
71885.91,Cash Withdrawal,Net Banking,1980,4,1
96067.48,Online Purchase,Debit Card,911,8,1
68319.81,Bill Payment,Net Banking,298,9,1
82287.86,Cash Withdrawal,UPI,1530,7,0
100355.17,Money Transfer,Debit Card,768,9,1
116867.88,Online Purchase,UPI,2414,0,1
52666.93,Online Purchase,Net Banking,943,6,1
54711.64,Online Purchase,UPI,2324,1,0
41659.64,Money Transfer,UPI,1675,2,0
110933.7,Cash Withdrawal,Credit Card,552,3,0
37119.73,Online Purchase,Net Banking,1378,3,0
131604.56,Money Transfer,UPI,1935,5,0
123191.72,Online Purchase,Net Banking,641,8,1
105618.5,Cash Withdrawal,Credit Card,2152,7,1
114609.68,Bill Payment,Net Banking,2066,10,0
22030.39,Cash Withdrawal,Debit Card,1905,6,0
88239.65,Cash Withdrawal,Net Banking,900,9,0
77369.17,Money Transfer,Net Banking,1577,6,1
74977.81,Cash Withdrawal,UPI,1373,0,0
113136.64,Bill Payment,UPI,1491,10,1
105668.04,Cash Withdrawal,Debit Card,2498,0,0
2680.94,Cash Withdrawal,Debit Card,746,2,0
22242.68,Money Transfer,UPI,1187,6,1
49951.69,Bill Payment,Credit Card,1439,6,0
10246.39,Cash Withdrawal,UPI,833,9,0
115619.92,Cash Withdrawal,Debit Card,1139,10,1
13675.05,Cash Withdrawal,Credit Card,2073,10,0
1171.18,Bill Payment,UPI,822,8,0
54748.49,Cash Withdrawal,UPI,1955,2,0
32617.08,Bill Payment,Credit Card,1858,0,0
119645.89,Online Purchase,Net Banking,2483,6,1
9817.4,Money Transfer,Credit Card,1301,6,0
82963.32,Online Purchase,Debit Card,1981,8,0
33736.75,Money Transfer,Credit Card,1183,9,1
12762.22,Cash Withdrawal,Credit Card,1964,3,1
132966.12,Money Transfer,Credit Card,2168,5,1
5097.53,Bill Payment,Debit Card,1742,8,0
63565.38,Money Transfer,Debit Card,2195,6,1
100039.6,Online Purchase,Net Banking,1945,7,1
140111.73,Bill Payment,Net Banking,998,5,1
121651.49,Bill Payment,Net Banking,1972,10,1
146585.37,Bill Payment,Credit Card,733,5,0
120480.27,Online Purchase,Credit Card,2215,5,0
79336.92,Money Transfer,Debit Card,1404,7,1
113435.17,Cash Withdrawal,Debit Card,191,8,1
43290.69,Online Purchase,Credit Card,1173,1,0
118402.51,Bill Payment,Debit Card,479,6,1
78497.24,Online Purchase,Net Banking,470,1,0
55071.93,Cash Withdrawal,Net Banking,366,3,0
2595.22,Bill Payment,Net Banking,1460,0,0
130765.02,Bill Payment,UPI,2261,4,1
96144.15,Money Transfer,Debit Card,1957,0,0
133786.23,Online Purchase,Net Banking,1271,9,0
93609.86,Bill Payment,Net Banking,1427,10,0
141820.5,Money Transfer,Net Banking,865,8,1
44002.9,Money Transfer,Debit Card,1247,5,0
76547.07,Online Purchase,Net Banking,158,8,0
35433.3,Online Purchase,UPI,754,4,0
95444.12,Cash Withdrawal,Net Banking,1015,10,0
115585.08,Online Purchase,UPI,1463,3,0
142222.73,Online Purchase,UPI,2254,8,0
62626.13,Money Transfer,UPI,428,4,1
86345.49,Online Purchase,Net Banking,209,9,1
141788.62,Money Transfer,Credit Card,2040,0,0
75212.66,Online Purchase,Net Banking,1665,8,0
15486.83,Online Purchase,Debit Card,2235,4,0
16376.42,Money Transfer,Credit Card,1495,0,1
37932.11,Bill Payment,Net Banking,1578,2,0
34821.96,Money Transfer,UPI,898,6,1
66262.13,Cash Withdrawal,Net Banking,706,2,0
141619.68,Bill Payment,Net Banking,2394,4,1
54642.61,Online Purchase,Net Banking,491,7,0
97839.15,Online Purchase,UPI,2032,1,0
5619.75,Bill Payment,Debit Card,1568,1,0
136243.84,Bill Payment,Net Banking,359,6,1
127239.82,Bill Payment,Credit Card,1516,2,1
42660.94,Bill Payment,Debit Card,2456,6,0
42942.39,Bill Payment,UPI,354,10,0
86046.19,Online Purchase,Debit Card,1897,8,1
89281.08,Cash Withdrawal,Net Banking,554,0,0
121606.62,Money Transfer,Net Banking,1010,9,1
48856.88,Money Transfer,UPI,712,7,0
464.36,Cash Withdrawal,UPI,496,4,0
126744.21,Bill Payment,Credit Card,698,6,0
28631.25,Money Transfer,UPI,635,5,0
57869.57,Money Transfer,Debit Card,1763,2,0
31252.48,Bill Payment,Credit Card,1475,5,1
1433.18,Bill Payment,UPI,543,10,1
21290.33,Cash Withdrawal,UPI,28,5,1
81220.98,Online Purchase,UPI,2153,2,0
65846.41,Cash Withdrawal,Credit Card,620,6,1
46097.27,Money Transfer,Debit Card,2002,8,0
110022.14,Money Transfer,Debit Card,1666,7,1
37193.99,Money Transfer,Net Banking,514,7,0
108178.05,Cash Withdrawal,UPI,1780,9,1
76040.7,Online Purchase,UPI,1577,8,0
96060.77,Cash Withdrawal,UPI,2391,10,1
86319.16,Bill Payment,Debit Card,299,3,0
52052.04,Cash Withdrawal,Debit Card,1652,6,0
106426.58,Online Purchase,UPI,942,6,0
134644.91,Money Transfer,Debit Card,131,3,1
18604.01,Money Transfer,Credit Card,1982,7,0
51297.36,Bill Payment,Credit Card,850,8,0
33319.06,Money Transfer,Credit Card,1307,10,0
109240.38,Online Purchase,Credit Card,1631,6,1
122688.9,Money Transfer,Debit Card,1735,2,0
130320.39,Money Transfer,UPI,795,1,1
41477.11,Money Transfer,Net Banking,2229,1,0
36985.91,Online Purchase,UPI,2375,1,1
56699.24,Cash Withdrawal,Credit Card,2049,6,0
35428.51,Cash Withdrawal,UPI,245,4,0
142591.12,Cash Withdrawal,Debit Card,588,4,0
74219.08,Money Transfer,Debit Card,1380,1,0
82584.32,Money Transfer,Net Banking,407,3,0
143324.67,Money Transfer,Credit Card,248,8,1
11700.25,Cash Withdrawal,Net Banking,73,6,1
92307.76,Online Purchase,Credit Card,2312,9,1
53137.32,Cash Withdrawal,Net Banking,1714,5,1
80056.5,Cash Withdrawal,Credit Card,1603,8,0
101075.23,Money Transfer,Credit Card,1192,0,1
33982.71,Money Transfer,Credit Card,2153,10,0
12505.28,Bill Payment,Debit Card,2370,0,0
1600.77,Money Transfer,Credit Card,214,5,0
110865.83,Cash Withdrawal,Debit Card,1630,0,0
94910.46,Bill Payment,Net Banking,1170,8,0
133932.61,Cash Withdrawal,Debit Card,259,3,1
34338.98,Online Purchase,UPI,714,2,0
123944.27,Money Transfer,Debit Card,2355,7,1
26280.61,Bill Payment,UPI,153,1,0
100647.91,Money Transfer,UPI,2005,5,1
96168.5,Cash Withdrawal,UPI,1479,9,1
81957.12,Online Purchase,Net Banking,2352,2,0
40512.49,Cash Withdrawal,Debit Card,1638,6,0
125391.93,Money Transfer,Net Banking,1436,5,0
97470.16,Online Purchase,UPI,1378,8,1
73976.37,Online Purchase,Credit Card,2048,7,0
92599.17,Online Purchase,Debit Card,474,7,0
14338.97,Online Purchase,Debit Card,1486,9,0
454.47,Money Transfer,Debit Card,969,1,0
56276.46,Cash Withdrawal,Net Banking,1084,0,1
12601.08,Cash Withdrawal,Credit Card,372,9,0
148348.66,Money Transfer,UPI,761,0,0
65273.35,Money Transfer,Net Banking,224,10,1
11681.55,Cash Withdrawal,UPI,535,6,0
140538.0,Money Transfer,Credit Card,1553,1,1
135630.44,Money Transfer,Debit Card,432,0,1
12948.69,Cash Withdrawal,Credit Card,2467,9,1
69820.06,Bill Payment,Credit Card,1370,1,0
95562.26,Bill Payment,Credit Card,2270,1,0
106491.73,Online Purchase,UPI,1692,7,0
34989.27,Bill Payment,Debit Card,1709,3,0
55425.13,Cash Withdrawal,Net Banking,978,5,1
16503.16,Online Purchase,Debit Card,761,8,0
56518.22,Online Purchase,Credit Card,1626,6,1
63572.36,Money Transfer,UPI,2381,2,0
55013.23,Cash Withdrawal,Net Banking,1818,4,1
45222.01,Online Purchase,UPI,1929,1,0
28827.28,Money Transfer,Net Banking,2021,10,0
24565.88,Online Purchase,UPI,2159,7,0
78443.61,Online Purchase,Net Banking,2269,3,1
145623.6,Bill Payment,Credit Card,384,1,1
108525.49,Online Purchase,Debit Card,1200,8,1
54702.71,Bill Payment,Net Banking,1801,3,1
100951.96,Money Transfer,Net Banking,305,7,0
132728.46,Bill Payment,Credit Card,2349,0,0
60402.86,Bill Payment,UPI,1301,10,1
52847.38,Online Purchase,Debit Card,1042,0,0
97464.41,Online Purchase,Net Banking,1652,1,0
58104.18,Money Transfer,Credit Card,465,1,0
67845.03,Money Transfer,Credit Card,2140,10,0
13268.4,Money Transfer,Credit Card,1002,5,0
57164.03,Cash Withdrawal,UPI,51,0,1
9667.37,Bill Payment,UPI,532,6,0
106470.18,Cash Withdrawal,Debit Card,1192,1,1
130523.43,Money Transfer,UPI,707,4,0
106133.85,Online Purchase,Credit Card,1039,7,1
43817.06,Cash Withdrawal,Net Banking,592,4,0
79272.58,Money Transfer,Debit Card,256,10,1
148919.13,Bill Payment,Debit Card,301,1,1
76730.88,Cash Withdrawal,Credit Card,919,8,0
141217.08,Bill Payment,Credit Card,1385,9,1
41933.74,Cash Withdrawal,Net Banking,1305,2,0
113059.4,Bill Payment,Net Banking,1054,5,1
138822.22,Online Purchase,Net Banking,1108,9,0
1531.43,Online Purchase,UPI,1180,1,0
132259.51,Cash Withdrawal,Credit Card,917,10,1
96151.03,Money Transfer,Credit Card,49,7,1
127189.67,Online Purchase,Net Banking,2194,6,1
102706.63,Bill Payment,Net Banking,1540,0,1
120129.16,Money Transfer,Credit Card,1124,1,0
48474.32,Bill Payment,UPI,2001,4,0
36142.7,Bill Payment,Debit Card,1521,10,0
128497.16,Cash Withdrawal,Debit Card,1770,9,1
14157.5,Cash Withdrawal,UPI,640,5,0
11567.83,Cash Withdrawal,UPI,200,4,0
119294.9,Money Transfer,Net Banking,76,1,0
17424.75,Bill Payment,Net Banking,2282,9,0
40372.98,Online Purchase,UPI,693,9,1
108666.53,Bill Payment,Credit Card,2454,5,1
85620.55,Online Purchase,UPI,1831,2,0
75848.44,Cash Withdrawal,Debit Card,2484,9,0
25869.49,Online Purchase,Net Banking,389,1,0
129289.17,Online Purchase,Net Banking,728,7,1
133801.75,Online Purchase,Credit Card,1613,8,1
13445.58,Online Purchase,Debit Card,483,7,0
49902.35,Money Transfer,Debit Card,657,3,0
12288.49,Bill Payment,Net Banking,1991,7,1
446.14,Money Transfer,UPI,1757,1,0
103391.11,Online Purchase,UPI,377,3,1
26252.9,Cash Withdrawal,Debit Card,590,3,0
73835.48,Cash Withdrawal,UPI,737,1,0
46496.82,Money Transfer,Credit Card,2496,4,1
65949.13,Money Transfer,Net Banking,1069,1,0
76276.92,Online Purchase,UPI,588,5,1
128928.53,Bill Payment,Debit Card,1352,3,0
135581.56,Online Purchase,UPI,1471,10,1
74206.1,Money Transfer,Net Banking,1210,10,0
73335.66,Cash Withdrawal,UPI,1859,2,1
108276.87,Online Purchase,Net Banking,293,2,0
12851.58,Bill Payment,Credit Card,418,10,0
11140.47,Money Transfer,Credit Card,438,0,0
28239.81,Online Purchase,Debit Card,1066,6,0
41910.02,Bill Payment,Credit Card,699,3,0
109419.79,Money Transfer,Debit Card,697,0,0
117824.29,Bill Payment,Net Banking,243,9,1
87756.52,Online Purchase,Debit Card,1967,0,0
146244.26,Cash Withdrawal,Debit Card,1965,9,1
33856.15,Online Purchase,Net Banking,2269,2,0
97460.39,Online Purchase,Debit Card,1829,1,0
93726.79,Online Purchase,Net Banking,2226,4,1
89825.34,Money Transfer,Credit Card,809,7,0
147692.55,Cash Withdrawal,Debit Card,2228,1,1
118966.32,Cash Withdrawal,Credit Card,1025,9,1
25440.65,Bill Payment,UPI,1264,0,0
73292.82,Online Purchase,Credit Card,1315,3,0
48354.23,Money Transfer,Debit Card,1081,8,0
100103.7,Online Purchase,Debit Card,2313,10,1
77669.41,Bill Payment,Credit Card,559,8,1
72238.59,Money Transfer,UPI,2112,7,0
32955.35,Online Purchase,UPI,1746,4,1
132649.36,Money Transfer,Debit Card,137,7,0
57260.71,Cash Withdrawal,Net Banking,250,10,0
104745.9,Money Transfer,Debit Card,372,1,0
148038.77,Cash Withdrawal,Credit Card,428,9,1
111560.13,Online Purchase,Debit Card,2008,3,0
126169.43,Bill Payment,Credit Card,944,7,1
11668.4,Cash Withdrawal,Credit Card,881,7,0
97854.36,Online Purchase,Net Banking,400,8,0
131879.94,Online Purchase,UPI,1520,8,1
71575.02,Online Purchase,Net Banking,748,4,0
103946.62,Money Transfer,UPI,1768,8,1
71779.45,Money Transfer,UPI,1316,0,0
141759.23,Money Transfer,Credit Card,1374,3,1
137287.56,Cash Withdrawal,Credit Card,530,0,0
147993.09,Online Purchase,UPI,1953,8,0
145457.2,Online Purchase,Debit Card,1286,5,1
146778.26,Online Purchase,Net Banking,2211,4,1
65371.76,Cash Withdrawal,Credit Card,1832,4,1
27898.93,Bill Payment,UPI,228,10,1
12829.64,Bill Payment,UPI,1720,7,0
42163.16,Money Transfer,Credit Card,480,6,0
119853.97,Money Transfer,Credit Card,99,1,1
38698.48,Online Purchase,UPI,137,5,0
80872.75,Cash Withdrawal,Net Banking,79,9,1
38300.95,Bill Payment,Net Banking,1472,4,0
933.05,Online Purchase,Credit Card,165,4,1
44004.02,Cash Withdrawal,UPI,1470,4,0
57818.09,Money Transfer,UPI,2194,7,1
54256.11,Online Purchase,UPI,2260,9,0
128965.64,Cash Withdrawal,Net Banking,552,5,1
9171.77,Money Transfer,Credit Card,1928,9,1
11960.07,Online Purchase,Debit Card,438,6,0
102221.47,Bill Payment,Credit Card,2281,10,1
84965.01,Online Purchase,UPI,985,1,0
3327.99,Online Purchase,Net Banking,1052,1,0
102596.02,Cash Withdrawal,Net Banking,1587,3,0
124989.46,Online Purchase,Credit Card,937,2,0
18333.79,Cash Withdrawal,Net Banking,1933,0,0
46162.65,Cash Withdrawal,Credit Card,1693,8,1
43949.37,Cash Withdrawal,Net Banking,1159,5,0
96580.53,Money Transfer,UPI,1263,1,0
81382.13,Money Transfer,Credit Card,361,3,0
94943.99,Bill Payment,UPI,2020,9,0
23652.12,Cash Withdrawal,UPI,2354,1,0
39996.59,Bill Payment,UPI,82,0,0
46499.46,Bill Payment,UPI,1660,3,0
119354.11,Money Transfer,UPI,2296,8,1
2840.82,Cash Withdrawal,Debit Card,1960,6,0
101068.64,Cash Withdrawal,Net Banking,1044,9,1
30946.1,Online Purchase,UPI,1017,4,0
52656.59,Online Purchase,Net Banking,503,6,1
80780.5,Cash Withdrawal,UPI,1809,6,0
64936.33,Cash Withdrawal,Credit Card,335,9,1
28540.01,Bill Payment,Debit Card,1559,4,1
86572.19,Money Transfer,Credit Card,1837,6,0
74482.98,Online Purchase,UPI,1723,7,1
17604.72,Bill Payment,Net Banking,871,9,0
123653.63,Cash Withdrawal,Net Banking,191,10,1
41693.15,Cash Withdrawal,Net Banking,1972,1,0
53380.09,Cash Withdrawal,Net Banking,227,2,0
149403.71,Online Purchase,Credit Card,1475,5,0
38481.51,Bill Payment,Credit Card,2205,5,0
48633.01,Bill Payment,Net Banking,887,7,0
135977.4,Bill Payment,UPI,1379,5,0
98208.91,Cash Withdrawal,Net Banking,863,3,0
103508.25,Money Transfer,Credit Card,1368,0,0
134784.71,Money Transfer,Credit Card,1841,2,1
110086.22,Money Transfer,Debit Card,1945,6,1
100870.49,Cash Withdrawal,Credit Card,2275,9,0
126240.21,Money Transfer,Net Banking,1652,0,1
138776.25,Online Purchase,Debit Card,1904,6,0
46004.18,Money Transfer,UPI,806,5,1
144079.79,Cash Withdrawal,Credit Card,1771,5,1
74409.99,Cash Withdrawal,UPI,572,4,0
63069.25,Bill Payment,Credit Card,2402,1,0
141732.13,Cash Withdrawal,UPI,89,10,1
26122.63,Money Transfer,UPI,148,1,0
11186.27,Cash Withdrawal,Net Banking,2172,0,0
76492.75,Money Transfer,Credit Card,1959,10,1
78630.49,Money Transfer,Debit Card,1262,9,1
31354.19,Cash Withdrawal,UPI,950,2,0
64886.18,Money Transfer,UPI,1153,1,0
13634.01,Cash Withdrawal,UPI,483,1,0
26264.19,Bill Payment,Net Banking,1077,0,0
148638.73,Money Transfer,Net Banking,2456,1,1
137234.94,Bill Payment,Credit Card,337,10,1
121477.12,Money Transfer,Credit Card,1506,9,0
147581.17,Cash Withdrawal,UPI,632,3,0
139084.59,Money Transfer,Debit Card,1973,5,0
101422.76,Bill Payment,Debit Card,2171,8,1
36426.24,Cash Withdrawal,Debit Card,1256,10,0
116719.69,Online Purchase,Debit Card,40,2,0
71287.23,Money Transfer,Credit Card,1860,9,1
11285.53,Money Transfer,UPI,191,5,0
23775.27,Cash Withdrawal,Debit Card,1139,10,0
101368.48,Money Transfer,Net Banking,589,6,0
107832.56,Cash Withdrawal,Debit Card,2090,10,1
124833.93,Online Purchase,Debit Card,2157,6,1
76013.18,Cash Withdrawal,UPI,2040,8,1
92524.82,Online Purchase,UPI,74,7,1
130810.78,Money Transfer,Net Banking,1561,5,1
112427.23,Online Purchase,UPI,1991,3,1
77117.5,Money Transfer,Credit Card,1171,0,1
105684.35,Online Purchase,Net Banking,419,9,1
89311.76,Bill Payment,Debit Card,1018,7,1
138892.06,Cash Withdrawal,UPI,1794,8,0
43736.72,Cash Withdrawal,Debit Card,1465,5,1
87407.73,Bill Payment,Debit Card,259,10,1
132350.67,Bill Payment,UPI,1513,6,1
33864.69,Online Purchase,Debit Card,1955,0,0
108612.53,Online Purchase,Net Banking,1128,9,1
135788.03,Cash Withdrawal,UPI,1700,0,0
149838.99,Online Purchase,Debit Card,425,7,1
32039.88,Cash Withdrawal,Credit Card,342,0,0
132182.16,Bill Payment,Debit Card,1695,2,1
119854.96,Money Transfer,Debit Card,1070,0,0
62447.67,Money Transfer,Net Banking,1371,4,0
89074.87,Cash Withdrawal,Credit Card,701,10,1
12842.76,Bill Payment,Debit Card,1399,8,0
125197.47,Cash Withdrawal,Credit Card,263,8,1
4737.68,Online Purchase,UPI,1389,0,0
47443.04,Money Transfer,Credit Card,461,9,0
91725.94,Cash Withdrawal,Credit Card,619,7,1
117090.83,Bill Payment,Net Banking,1986,9,1
7547.84,Bill Payment,UPI,2058,5,0
47591.96,Bill Payment,Credit Card,1120,2,0
60166.63,Bill Payment,Credit Card,1585,9,0
99472.43,Cash Withdrawal,Credit Card,2016,5,0
131983.51,Money Transfer,Net Banking,2044,1,0
45086.39,Online Purchase,Net Banking,228,5,0
3257.08,Online Purchase,Net Banking,1353,5,0
6401.59,Money Transfer,Net Banking,2015,8,1
143625.21,Online Purchase,UPI,1110,4,1
44919.88,Bill Payment,Debit Card,1068,2,0
74103.41,Online Purchase,Credit Card,1420,0,1
122889.0,Money Transfer,Net Banking,2097,10,1
115659.16,Money Transfer,Net Banking,2089,4,0
142110.16,Cash Withdrawal,Credit Card,1202,2,1
61705.99,Online Purchase,UPI,614,0,0
57384.55,Online Purchase,Net Banking,44,0,0
11763.56,Bill Payment,Debit Card,1745,5,0
23208.8,Money Transfer,Net Banking,1604,6,0
102507.25,Bill Payment,UPI,498,7,0
48434.66,Online Purchase,Net Banking,1772,0,0
124773.76,Cash Withdrawal,UPI,455,8,0
916.1,Cash Withdrawal,Net Banking,2268,4,1
42663.87,Bill Payment,UPI,1871,6,1
93807.3,Cash Withdrawal,Net Banking,188,6,1
19770.92,Online Purchase,Debit Card,725,8,0
44979.0,Online Purchase,UPI,841,0,0
88821.31,Money Transfer,Credit Card,1485,2,0
26588.18,Bill Payment,Net Banking,2191,3,0
143065.01,Cash Withdrawal,UPI,223,8,1
15428.49,Online Purchase,UPI,2429,9,0
121239.2,Cash Withdrawal,Net Banking,2421,8,0
80970.97,Online Purchase,Debit Card,677,5,0
119659.84,Online Purchase,Debit Card,1700,1,0
128968.52,Online Purchase,Debit Card,1466,7,0
5868.88,Online Purchase,Net Banking,690,0,0
59792.75,Money Transfer,Net Banking,256,3,0
139069.0,Bill Payment,Credit Card,1303,1,1
134861.71,Online Purchase,Net Banking,1694,2,0
60939.83,Bill Payment,Net Banking,790,6,0
8247.19,Bill Payment,Debit Card,1539,8,0
138926.73,Online Purchase,Debit Card,729,5,0
54002.06,Online Purchase,Net Banking,1099,0,0
83916.53,Cash Withdrawal,Debit Card,2290,7,0
122601.86,Money Transfer,UPI,481,0,0
95994.31,Cash Withdrawal,Net Banking,1322,8,1
43150.72,Money Transfer,Debit Card,112,0,0
9390.45,Bill Payment,Net Banking,6,8,1
127903.19,Cash Withdrawal,Credit Card,1573,4,1
127383.09,Money Transfer,Net Banking,1528,9,1
42765.73,Cash Withdrawal,Credit Card,1290,8,0
8747.0,Cash Withdrawal,Credit Card,519,7,0
86584.78,Money Transfer,Net Banking,1743,4,1
149668.33,Online Purchase,Credit Card,1314,10,1
134576.12,Online Purchase,UPI,2011,5,1
31541.67,Online Purchase,UPI,738,7,0
57483.06,Money Transfer,UPI,11,7,1
47278.59,Money Transfer,Credit Card,1518,2,0
54173.19,Bill Payment,UPI,230,1,1
23634.46,Cash Withdrawal,Credit Card,377,7,0
71150.11,Bill Payment,Credit Card,1481,1,1
129831.44,Online Purchase,UPI,360,8,1
112323.76,Bill Payment,Credit Card,521,0,0
140454.59,Online Purchase,Net Banking,1058,10,0
146632.5,Bill Payment,Credit Card,1357,6,1
137138.51,Money Transfer,Debit Card,631,7,1
93782.6,Cash Withdrawal,UPI,1836,3,0
125621.01,Money Transfer,Credit Card,2324,2,0
26807.29,Money Transfer,Credit Card,1538,0,0
29884.36,Online Purchase,Net Banking,332,2,0
121971.2,Online Purchase,Debit Card,1955,3,0
44631.87,Online Purchase,Debit Card,1282,8,0
10520.83,Money Transfer,Net Banking,1595,9,1
28535.01,Bill Payment,Debit Card,1752,5,0
29324.32,Bill Payment,UPI,2442,4,0
63164.86,Online Purchase,UPI,130,8,0
148835.73,Bill Payment,Net Banking,954,10,0
16257.58,Cash Withdrawal,Net Banking,1683,3,0
101100.9,Online Purchase,Debit Card,813,0,1
121586.42,Money Transfer,Debit Card,910,8,1
113859.21,Online Purchase,Net Banking,17,2,1
91626.29,Money Transfer,Net Banking,67,4,1
116754.0,Money Transfer,Net Banking,1555,6,1
70148.58,Cash Withdrawal,Debit Card,1593,0,0
69669.91,Cash Withdrawal,Net Banking,1748,3,0
4438.64,Money Transfer,Net Banking,793,8,1
83257.53,Money Transfer,Debit Card,778,0,0
4528.43,Money Transfer,UPI,1902,7,1
103144.59,Bill Payment,Credit Card,2145,6,1
576.82,Cash Withdrawal,Debit Card,1654,7,0
147780.86,Money Transfer,Credit Card,1736,8,0
58142.36,Online Purchase,Net Banking,1635,8,0
78584.58,Money Transfer,Net Banking,2409,0,0
129851.54,Bill Payment,Debit Card,2230,10,1
48446.55,Online Purchase,Net Banking,2237,1,0
89557.74,Money Transfer,UPI,414,10,1
117948.39,Cash Withdrawal,Credit Card,889,1,1
9437.02,Money Transfer,UPI,2289,0,0
137126.15,Bill Payment,UPI,1055,8,0
82691.96,Online Purchase,UPI,2188,3,1
62529.94,Bill Payment,Net Banking,1876,10,1
9075.96,Online Purchase,Debit Card,288,10,0
103192.67,Cash Withdrawal,Net Banking,1700,4,1
138292.81,Cash Withdrawal,UPI,912,10,1
74855.12,Online Purchase,Debit Card,1824,8,1
146346.77,Bill Payment,Debit Card,1798,1,1
110269.43,Cash Withdrawal,Credit Card,1177,1,1
143206.8,Cash Withdrawal,Credit Card,963,10,1
30122.95,Online Purchase,UPI,685,1,0
100331.41,Cash Withdrawal,Debit Card,1107,7,1
41403.93,Bill Payment,Debit Card,805,1,0
81738.08,Cash Withdrawal,Debit Card,160,5,0
92537.48,Cash Withdrawal,Net Banking,553,0,0
123754.48,Cash Withdrawal,UPI,1643,4,0
114619.64,Bill Payment,Net Banking,1840,4,1
57990.64,Online Purchase,Net Banking,2094,10,1
64172.44,Money Transfer,UPI,1408,10,0
22538.38,Bill Payment,Net Banking,1647,7,1
26880.47,Online Purchase,Net Banking,664,2,0
63061.53,Bill Payment,Credit Card,1776,10,1
47233.62,Bill Payment,Credit Card,933,8,1
107618.73,Money Transfer,Net Banking,2202,8,1
35565.77,Money Transfer,Debit Card,2198,10,0
78758.09,Money Transfer,Debit Card,1467,10,0
63538.52,Cash Withdrawal,Debit Card,2307,6,0
147445.17,Online Purchase,Debit Card,1477,6,1
40375.91,Online Purchase,UPI,823,7,0
11972.4,Bill Payment,Debit Card,1682,2,0
94071.8,Online Purchase,Net Banking,129,0,0
22382.03,Cash Withdrawal,Net Banking,1169,6,0
5552.71,Cash Withdrawal,Credit Card,1167,9,0
85028.32,Online Purchase,Credit Card,193,9,1
58894.96,Bill Payment,UPI,1392,4,0
37367.86,Online Purchase,Credit Card,1944,8,0
128146.31,Money Transfer,Net Banking,1222,10,1
120678.73,Online Purchase,UPI,741,2,1
101249.92,Cash Withdrawal,Debit Card,232,7,0
29824.43,Online Purchase,Net Banking,1626,5,0
135156.87,Online Purchase,Credit Card,1833,0,0
101845.46,Cash Withdrawal,Credit Card,484,7,1
100374.95,Bill Payment,Credit Card,602,5,1
3464.8,Bill Payment,Debit Card,605,7,0
136232.55,Bill Payment,Debit Card,1271,9,1
114441.64,Cash Withdrawal,UPI,575,6,0
137189.59,Online Purchase,UPI,789,4,1
73602.68,Bill Payment,Credit Card,335,6,1
76301.01,Bill Payment,Debit Card,2251,8,0
51569.93,Cash Withdrawal,UPI,2310,2,1
108573.29,Bill Payment,UPI,671,8,1
126094.77,Money Transfer,Debit Card,204,1,1
141219.35,Money Transfer,Credit Card,1009,10,0
20171.45,Cash Withdrawal,Net Banking,1144,4,0
43161.22,Money Transfer,Debit Card,2430,4,0
68536.72,Cash Withdrawal,Net Banking,1157,0,0
128529.57,Cash Withdrawal,Net Banking,531,4,0
114701.23,Bill Payment,Net Banking,616,8,1
116055.7,Online Purchase,Credit Card,1680,7,1
118856.39,Online Purchase,Credit Card,132,9,1
83899.55,Bill Payment,Debit Card,2081,2,0
37219.81,Cash Withdrawal,UPI,538,1,0
19084.45,Bill Payment,UPI,2476,7,0
7641.87,Money Transfer,UPI,2113,9,1
51423.86,Bill Payment,Net Banking,2310,9,1
54312.93,Bill Payment,Debit Card,1084,10,0
133846.46,Bill Payment,Credit Card,604,3,1
137876.84,Bill Payment,Credit Card,1915,0,0
3114.08,Money Transfer,Credit Card,981,9,1
97305.32,Money Transfer,UPI,1843,8,0
98407.74,Bill Payment,UPI,85,7,1
103676.4,Online Purchase,Debit Card,2143,2,1
15203.07,Online Purchase,Debit Card,1612,4,0
14289.7,Online Purchase,UPI,1049,4,0
146204.13,Money Transfer,Net Banking,1867,0,1
55551.27,Online Purchase,Net Banking,103,9,1
96832.65,Online Purchase,Net Banking,534,6,0
27906.79,Cash Withdrawal,Debit Card,1046,10,0
131623.52,Money Transfer,Debit Card,1751,5,1
597.17,Cash Withdrawal,Credit Card,1046,7,1
77062.27,Money Transfer,Net Banking,2476,8,1
99567.63,Money Transfer,Debit Card,2413,9,1
125166.63,Cash Withdrawal,Credit Card,2127,4,1
40229.13,Money Transfer,UPI,1853,9,1
24920.21,Money Transfer,Credit Card,413,6,0
52850.17,Bill Payment,UPI,680,7,0
67005.34,Cash Withdrawal,Credit Card,1480,10,1
33659.77,Money Transfer,Credit Card,1827,9,0
34235.25,Money Transfer,UPI,2028,5,0
131990.84,Cash Withdrawal,Credit Card,1904,6,1
7683.08,Online Purchase,Credit Card,84,0,0
79298.75,Bill Payment,UPI,2138,10,0
130262.88,Cash Withdrawal,Credit Card,21,5,1
18872.95,Bill Payment,Debit Card,2101,10,1
97484.78,Cash Withdrawal,Debit Card,392,9,0
49702.77,Money Transfer,Net Banking,1570,9,1
109554.66,Cash Withdrawal,Debit Card,2040,4,0
119037.6,Money Transfer,Debit Card,1619,8,1
71411.8,Money Transfer,Credit Card,315,5,1
39096.1,Money Transfer,Net Banking,549,10,1
48843.22,Money Transfer,Credit Card,1272,10,1
98155.51,Bill Payment,Credit Card,2432,9,1
40597.87,Cash Withdrawal,Debit Card,1077,10,1
41765.25,Money Transfer,Net Banking,1830,10,1
53276.66,Money Transfer,Net Banking,2163,5,1
66760.31,Bill Payment,Credit Card,2219,2,0
96982.37,Online Purchase,Credit Card,785,1,0
65240.93,Money Transfer,Credit Card,1954,5,0
41155.93,Bill Payment,Net Banking,1760,1,0
120922.4,Cash Withdrawal,Net Banking,40,1,0
8283.37,Bill Payment,Debit Card,1115,0,0
251.23,Money Transfer,Net Banking,1524,5,0
104188.4,Cash Withdrawal,UPI,1718,10,0
125663.32,Cash Withdrawal,UPI,1876,3,0
88233.63,Cash Withdrawal,Net Banking,1233,1,0
50700.6,Cash Withdrawal,UPI,87,2,0
8271.86,Bill Payment,Net Banking,762,1,0
72835.99,Online Purchase,Net Banking,401,6,0
50228.8,Cash Withdrawal,Debit Card,52,5,1
131292.14,Bill Payment,Debit Card,2225,9,1
73662.06,Online Purchase,Net Banking,611,9,1
140189.59,Cash Withdrawal,Credit Card,1441,0,1
128806.66,Online Purchase,Net Banking,1631,1,1
8281.85,Cash Withdrawal,Net Banking,237,5,0
40452.22,Online Purchase,Net Banking,2352,10,0
70445.27,Cash Withdrawal,Debit Card,426,9,1
42835.69,Cash Withdrawal,Credit Card,2326,9,1
7398.7,Cash Withdrawal,UPI,1722,1,0
22521.21,Money Transfer,Credit Card,2102,10,0
81204.24,Bill Payment,Net Banking,1853,9,1
135957.81,Money Transfer,UPI,888,7,1
60549.86,Cash Withdrawal,Net Banking,725,7,0
138097.45,Money Transfer,Debit Card,51,0,0
66097.15,Bill Payment,UPI,2000,5,0
53304.42,Online Purchase,Debit Card,886,6,0
22792.98,Online Purchase,Credit Card,1342,6,0
109807.94,Online Purchase,UPI,73,8,1
80253.02,Bill Payment,Net Banking,1264,9,0
124894.93,Online Purchase,Debit Card,1841,1,1
48975.25,Bill Payment,Debit Card,888,10,1
135957.15,Cash Withdrawal,Debit Card,1922,8,1
33484.46,Online Purchase,UPI,436,8,0
106403.5,Cash Withdrawal,Credit Card,108,4,0
89161.79,Bill Payment,Net Banking,1251,4,0
9091.48,Bill Payment,Credit Card,1346,1,0
33488.56,Bill Payment,Debit Card,2026,8,0
14059.2,Online Purchase,Debit Card,1778,8,0
3264.19,Cash Withdrawal,Credit Card,1732,8,1
144207.56,Bill Payment,UPI,331,6,0
64053.48,Cash Withdrawal,Credit Card,422,7,0
102756.92,Bill Payment,Debit Card,9,6,0
70371.58,Online Purchase,UPI,2126,5,0
42091.57,Online Purchase,UPI,1965,7,0
88452.36,Bill Payment,Net Banking,724,4,0
5118.92,Online Purchase,Debit Card,343,5,1
117977.9,Cash Withdrawal,Credit Card,1833,5,1
91368.32,Money Transfer,Debit Card,1271,9,1
139492.49,Cash Withdrawal,UPI,412,9,1
144793.29,Bill Payment,Debit Card,742,5,1
85931.06,Online Purchase,Credit Card,559,6,1
39427.39,Money Transfer,Debit Card,1815,7,0
71073.91,Bill Payment,UPI,678,6,0
35294.73,Bill Payment,UPI,1082,3,0
38484.59,Money Transfer,Credit Card,988,8,0
17666.65,Bill Payment,UPI,1955,6,0
116823.65,Bill Payment,Credit Card,864,9,1
133947.83,Bill Payment,Debit Card,644,3,0
2187.31,Money Transfer,Net Banking,993,1,0
134594.51,Bill Payment,Debit Card,903,2,1
37742.19,Money Transfer,Credit Card,838,9,1
111350.44,Cash Withdrawal,UPI,1791,2,0
73675.66,Money Transfer,UPI,78,0,0
38928.37,Bill Payment,UPI,2144,0,0
45792.48,Money Transfer,UPI,171,7,0
81203.98,Cash Withdrawal,Debit Card,1497,5,0
112299.83,Money Transfer,Net Banking,96,6,0
23668.29,Bill Payment,Net Banking,892,6,1
9167.06,Bill Payment,Debit Card,557,6,1
30508.82,Online Purchase,Net Banking,1885,5,0
9621.08,Bill Payment,Debit Card,556,10,0
112115.03,Money Transfer,UPI,391,4,0
66629.87,Bill Payment,Net Banking,2232,8,0
63272.3,Cash Withdrawal,Credit Card,969,7,0
88218.83,Cash Withdrawal,Credit Card,2151,0,0
103575.2,Bill Payment,Debit Card,2073,2,0
87540.32,Online Purchase,Debit Card,615,10,0
33528.28,Cash Withdrawal,UPI,1856,5,0
113944.06,Cash Withdrawal,Net Banking,1106,4,1
23864.01,Bill Payment,Net Banking,634,2,0
81293.67,Money Transfer,UPI,1671,4,0
120017.31,Money Transfer,Net Banking,500,3,0
67190.45,Cash Withdrawal,Credit Card,1772,9,1
97863.54,Bill Payment,UPI,305,0,0
98737.69,Money Transfer,Debit Card,578,1,0
146156.18,Cash Withdrawal,Credit Card,1254,2,0
56051.24,Cash Withdrawal,Credit Card,235,3,0
28678.57,Online Purchase,UPI,1543,9,1
143024.31,Cash Withdrawal,Debit Card,1295,10,1
87232.45,Bill Payment,Credit Card,575,3,0
82112.75,Online Purchase,Net Banking,128,8,1
132670.93,Online Purchase,Net Banking,408,4,1
26245.53,Money Transfer,Net Banking,106,3,0
62158.0,Online Purchase,UPI,2288,10,1
39234.54,Bill Payment,Debit Card,1999,2,0
126077.93,Money Transfer,Net Banking,2025,7,0
31940.84,Money Transfer,Credit Card,2406,1,0
75694.93,Bill Payment,Debit Card,2100,4,0
7093.91,Cash Withdrawal,Net Banking,1350,6,0
118086.76,Money Transfer,Credit Card,2275,1,1
144118.44,Online Purchase,Net Banking,1144,7,1
13815.26,Money Transfer,Credit Card,504,2,0
53585.08,Cash Withdrawal,UPI,1588,0,1
19758.67,Money Transfer,Credit Card,545,1,0
17087.67,Online Purchase,UPI,728,3,0
74140.11,Bill Payment,Credit Card,326,8,1
121805.29,Online Purchase,Net Banking,896,0,0
17540.65,Bill Payment,Debit Card,1858,2,0
13505.68,Online Purchase,Credit Card,2355,5,1
140134.5,Online Purchase,Credit Card,1883,9,1
27212.76,Bill Payment,Credit Card,924,6,0
25567.57,Money Transfer,Credit Card,308,3,0
143252.98,Money Transfer,Credit Card,2318,10,1
133159.74,Online Purchase,UPI,21,1,0
113359.54,Cash Withdrawal,Net Banking,338,3,0
5474.62,Cash Withdrawal,Net Banking,586,7,1
94952.02,Bill Payment,UPI,199,9,0
1179.38,Money Transfer,UPI,937,3,0
54426.73,Online Purchase,Net Banking,768,6,1
146122.66,Online Purchase,UPI,2361,4,1
18015.62,Money Transfer,Credit Card,1488,10,1
109410.47,Bill Payment,Credit Card,848,3,0
4494.8,Cash Withdrawal,Net Banking,832,0,0
140140.72,Money Transfer,UPI,1,7,1
95695.02,Money Transfer,UPI,2323,10,0
62289.49,Money Transfer,Debit Card,2308,0,1
57645.3,Bill Payment,Net Banking,1139,3,1
15266.76,Bill Payment,Credit Card,48,0,0
44836.82,Cash Withdrawal,Debit Card,1545,7,0
13969.17,Bill Payment,Net Banking,2128,3,0
40271.7,Bill Payment,Credit Card,73,3,0
115303.86,Bill Payment,UPI,2093,10,1
142594.51,Cash Withdrawal,UPI,661,0,1
15922.07,Online Purchase,Debit Card,875,2,1
56357.81,Bill Payment,Credit Card,2458,8,1
90639.47,Cash Withdrawal,Credit Card,2433,1,0
114868.98,Online Purchase,Net Banking,1408,1,0
111472.32,Money Transfer,Net Banking,1891,7,1
120381.78,Bill Payment,Net Banking,386,6,0
99315.3,Bill Payment,Debit Card,2475,10,1
63803.9,Cash Withdrawal,Debit Card,42,2,0
38638.0,Cash Withdrawal,Credit Card,123,3,0
101076.55,Money Transfer,UPI,1999,6,0
13349.26,Bill Payment,Debit Card,1922,1,0
87348.3,Cash Withdrawal,UPI,1381,3,1
44559.31,Bill Payment,UPI,63,8,0
7556.1,Online Purchase,Net Banking,2387,5,0
29450.33,Bill Payment,Net Banking,1042,2,0
103220.33,Bill Payment,Debit Card,1691,10,1
143094.84,Online Purchase,Debit Card,1070,5,1
78275.36,Bill Payment,Net Banking,1218,7,1
125422.25,Cash Withdrawal,Credit Card,1801,4,1
8981.36,Cash Withdrawal,Credit Card,686,2,0
50410.36,Money Transfer,Credit Card,771,4,0
67571.0,Money Transfer,Debit Card,2237,0,0
52029.56,Online Purchase,Net Banking,1516,4,0
14522.57,Money Transfer,Net Banking,149,5,0
40297.49,Money Transfer,Credit Card,1826,3,0
31771.89,Cash Withdrawal,Credit Card,108,8,1
87797.9,Bill Payment,Net Banking,447,2,0
117238.03,Cash Withdrawal,UPI,1583,4,0
125524.04,Cash Withdrawal,Net Banking,1064,7,1
53404.84,Money Transfer,UPI,196,8,1
53013.43,Online Purchase,UPI,1016,9,0
23370.89,Cash Withdrawal,Credit Card,2377,9,0
77244.76,Online Purchase,Credit Card,591,8,1
50308.53,Online Purchase,UPI,977,8,0
23053.94,Bill Payment,Debit Card,46,3,0
138832.33,Cash Withdrawal,UPI,2312,1,0
144681.88,Online Purchase,UPI,761,8,0
121417.28,Online Purchase,UPI,798,0,0
73399.04,Online Purchase,Debit Card,218,3,0
79141.39,Online Purchase,Credit Card,1765,10,1
118782.98,Money Transfer,Credit Card,2383,10,1
2704.94,Online Purchase,Net Banking,416,9,0
90321.33,Cash Withdrawal,UPI,1256,5,0
41674.24,Cash Withdrawal,Credit Card,1268,3,0
119792.37,Cash Withdrawal,Debit Card,2263,10,1
17555.3,Bill Payment,UPI,1693,7,0
47238.12,Cash Withdrawal,Debit Card,2307,6,1
61399.69,Money Transfer,Net Banking,895,2,0
142170.74,Cash Withdrawal,Credit Card,781,10,0
92408.36,Online Purchase,UPI,1676,6,0
102517.24,Online Purchase,UPI,258,10,1
28759.87,Cash Withdrawal,Net Banking,2124,10,0
22631.94,Cash Withdrawal,Net Banking,2242,1,0
112305.76,Online Purchase,UPI,356,9,1
118886.73,Money Transfer,UPI,763,3,1
36123.22,Bill Payment,Debit Card,1895,3,0
10200.64,Online Purchase,UPI,790,4,1
51734.29,Cash Withdrawal,Credit Card,1792,8,1
18737.85,Online Purchase,UPI,1890,6,0
25669.25,Cash Withdrawal,Debit Card,1046,7,0
132885.33,Money Transfer,UPI,1279,1,1
144629.23,Bill Payment,Net Banking,1251,7,0
148474.09,Online Purchase,Credit Card,1624,8,1
88908.77,Cash Withdrawal,Net Banking,948,7,0
2923.19,Bill Payment,Debit Card,2248,3,0
44802.16,Bill Payment,Net Banking,2078,1,0
135305.83,Online Purchase,Credit Card,1084,1,0
93161.06,Money Transfer,UPI,1165,6,0
27769.03,Money Transfer,Net Banking,269,7,1
103902.99,Online Purchase,Net Banking,892,6,0
11821.05,Money Transfer,Credit Card,2115,1,0
136643.74,Money Transfer,Debit Card,2131,0,1
1112.61,Money Transfer,Credit Card,2149,3,0
16880.53,Online Purchase,Net Banking,1173,7,0
87136.58,Cash Withdrawal,Debit Card,2298,6,0
14454.36,Money Transfer,Net Banking,539,2,0
121493.67,Online Purchase,Credit Card,1491,5,0
98908.42,Money Transfer,UPI,2064,8,1
139885.33,Online Purchase,Debit Card,1629,7,1
7797.83,Money Transfer,Debit Card,2063,4,1
108923.28,Cash Withdrawal,Net Banking,55,2,0
46534.69,Online Purchase,Net Banking,655,6,0
102887.84,Online Purchase,Credit Card,1387,0,1
13302.62,Cash Withdrawal,Credit Card,712,8,0
36577.7,Money Transfer,UPI,2324,3,0
149331.49,Money Transfer,Debit Card,1836,10,0
14551.23,Cash Withdrawal,UPI,1024,9,1
124147.52,Cash Withdrawal,Debit Card,996,2,1
25192.25,Bill Payment,Net Banking,407,10,1
64829.08,Money Transfer,Debit Card,213,6,1
4500.85,Bill Payment,Net Banking,2013,0,0
41614.88,Online Purchase,Debit Card,2300,0,0
65684.74,Money Transfer,Credit Card,2302,3,0
19311.24,Cash Withdrawal,UPI,2064,5,0
32188.62,Cash Withdrawal,Net Banking,288,7,0
120467.35,Money Transfer,Net Banking,1881,6,1
62460.63,Money Transfer,UPI,272,3,0
85394.76,Online Purchase,Net Banking,1474,7,1
104735.9,Bill Payment,Debit Card,1701,6,0
36628.14,Money Transfer,Net Banking,1522,6,0
135938.39,Bill Payment,UPI,907,5,1
72300.82,Cash Withdrawal,UPI,2306,2,0
41558.58,Bill Payment,Debit Card,1696,1,0
102203.01,Money Transfer,Net Banking,1195,4,1
84879.09,Money Transfer,Debit Card,1546,0,1
40374.12,Bill Payment,Credit Card,748,5,0
58551.69,Online Purchase,Debit Card,494,7,0
26041.42,Bill Payment,Credit Card,1631,1,0
144383.89,Cash Withdrawal,Net Banking,854,2,0
482.84,Online Purchase,UPI,877,7,0
93807.91,Cash Withdrawal,Credit Card,2100,6,1
128801.65,Online Purchase,Net Banking,417,9,0
69431.44,Online Purchase,Net Banking,2058,3,0
31073.06,Online Purchase,Debit Card,524,9,1
25053.55,Cash Withdrawal,UPI,2409,4,1
135276.68,Online Purchase,Net Banking,1530,7,1
47969.54,Bill Payment,Net Banking,870,10,1
10779.15,Online Purchase,Net Banking,14,5,1
130730.14,Bill Payment,UPI,1962,3,0
93870.26,Bill Payment,Credit Card,209,9,1
116843.82,Cash Withdrawal,Net Banking,477,6,0
120632.22,Online Purchase,UPI,794,1,0
60940.66,Money Transfer,UPI,1196,5,1
69507.09,Online Purchase,Credit Card,1202,3,1
103601.99,Cash Withdrawal,Net Banking,1345,7,1
118833.78,Bill Payment,Net Banking,69,6,1
40321.44,Money Transfer,Net Banking,88,5,1
130673.86,Money Transfer,UPI,2491,9,0
88299.0,Cash Withdrawal,Credit Card,2240,10,1
69991.29,Bill Payment,Credit Card,1182,1,0
3045.69,Cash Withdrawal,Debit Card,1253,8,0
50113.28,Money Transfer,Net Banking,496,9,0
130000.17,Online Purchase,Debit Card,648,10,1
91138.39,Online Purchase,UPI,1206,3,0
10616.28,Money Transfer,Credit Card,809,4,0
106975.5,Bill Payment,Net Banking,2485,9,1
137962.34,Cash Withdrawal,Debit Card,1404,6,1
127806.59,Cash Withdrawal,Debit Card,1023,0,1
31540.08,Cash Withdrawal,UPI,1830,8,0
66364.86,Online Purchase,UPI,448,0,0
35497.88,Cash Withdrawal,Net Banking,1980,6,0
90970.27,Money Transfer,Debit Card,544,4,0
57516.27,Money Transfer,Net Banking,326,9,1
47109.8,Cash Withdrawal,Credit Card,542,0,0
45930.25,Bill Payment,Credit Card,669,8,0
132521.86,Bill Payment,UPI,834,8,0
79295.46,Cash Withdrawal,Net Banking,1654,9,1
18250.23,Cash Withdrawal,Net Banking,1995,4,0
78183.87,Cash Withdrawal,Credit Card,2128,7,0
34868.58,Online Purchase,UPI,501,8,0
48600.46,Online Purchase,UPI,2499,0,0
118514.05,Bill Payment,Net Banking,1143,2,0
67964.43,Bill Payment,UPI,1117,5,0
72115.38,Cash Withdrawal,Credit Card,250,9,1
69064.03,Money Transfer,Net Banking,1136,0,0
147023.39,Money Transfer,Credit Card,1035,6,0
35961.14,Money Transfer,Credit Card,936,5,0
142451.14,Online Purchase,Credit Card,2294,10,1
80287.6,Cash Withdrawal,Net Banking,2,7,1
16036.16,Money Transfer,Debit Card,1321,6,0
67832.33,Cash Withdrawal,UPI,1616,3,1
147365.29,Cash Withdrawal,Credit Card,2125,6,1
61017.25,Cash Withdrawal,Net Banking,287,6,0
119350.07,Cash Withdrawal,Debit Card,2188,1,1
140774.13,Money Transfer,Net Banking,532,4,1
92284.33,Cash Withdrawal,UPI,112,9,1
59536.39,Bill Payment,Net Banking,1854,0,0
33827.19,Bill Payment,UPI,1018,4,0
97510.93,Bill Payment,Credit Card,541,1,0
57105.56,Online Purchase,Credit Card,313,2,0
92399.86,Bill Payment,Debit Card,2182,0,0
118499.5,Money Transfer,Credit Card,1456,3,0
48269.72,Bill Payment,UPI,1636,8,0
62873.04,Online Purchase,Credit Card,327,9,1
32849.91,Online Purchase,UPI,545,4,1
40930.34,Online Purchase,UPI,1869,5,0
40106.96,Money Transfer,Net Banking,1734,8,1
126856.34,Money Transfer,Net Banking,1840,9,1
29682.44,Money Transfer,Debit Card,980,5,0
126230.64,Bill Payment,Debit Card,82,1,0
38549.0,Bill Payment,Net Banking,1613,6,1
130334.25,Money Transfer,UPI,218,6,1
2182.08,Online Purchase,UPI,259,10,0
131737.13,Cash Withdrawal,Debit Card,740,10,1
123975.0,Money Transfer,UPI,1754,5,1
134633.93,Bill Payment,Net Banking,261,2,0
120051.26,Money Transfer,UPI,1685,7,1
65395.42,Bill Payment,Credit Card,312,9,0
113075.75,Money Transfer,Credit Card,1230,10,1
50158.54,Money Transfer,UPI,1074,2,0
107290.78,Cash Withdrawal,Debit Card,2183,10,0
120934.93,Online Purchase,Net Banking,2094,1,0
37284.14,Bill Payment,Net Banking,1365,1,0
114728.23,Online Purchase,Net Banking,1120,9,1
130429.54,Bill Payment,Credit Card,1534,8,0
20869.55,Bill Payment,Credit Card,1417,10,0
115349.48,Cash Withdrawal,UPI,320,2,1
92561.64,Cash Withdrawal,Credit Card,393,9,0
108330.64,Cash Withdrawal,Debit Card,1801,2,1
118621.98,Money Transfer,Credit Card,1293,8,1
46475.43,Bill Payment,UPI,524,8,1
48130.52,Online Purchase,Credit Card,2394,2,0
109728.5,Money Transfer,Credit Card,2356,5,0
7269.9,Cash Withdrawal,Net Banking,996,0,0
51406.26,Money Transfer,Credit Card,156,3,0
95139.41,Money Transfer,Debit Card,652,6,1
134051.6,Bill Payment,UPI,1419,6,0
133228.13,Bill Payment,Net Banking,1522,6,0
110011.97,Cash Withdrawal,Debit Card,940,9,1
87109.66,Bill Payment,Debit Card,294,0,0
52730.42,Bill Payment,Net Banking,2241,7,0
28102.34,Online Purchase,UPI,1976,2,0
124571.91,Money Transfer,Net Banking,2124,3,1
128105.47,Cash Withdrawal,UPI,2411,10,1
60691.42,Online Purchase,Net Banking,1198,5,0
23689.03,Bill Payment,Net Banking,1916,0,0
136838.87,Cash Withdrawal,Credit Card,2189,10,1
53566.48,Cash Withdrawal,UPI,219,9,1
4876.46,Money Transfer,Credit Card,1990,5,0
99485.34,Money Transfer,Credit Card,1033,6,0
87854.49,Online Purchase,Net Banking,1178,3,0
94954.84,Bill Payment,UPI,1967,7,1
25245.25,Money Transfer,UPI,1047,4,1
71701.99,Online Purchase,Net Banking,331,8,0
112375.1,Online Purchase,Credit Card,277,2,1
29459.17,Cash Withdrawal,Net Banking,737,9,0
97378.89,Cash Withdrawal,UPI,514,6,1
95829.38,Cash Withdrawal,Net Banking,1722,4,0
148652.58,Cash Withdrawal,Debit Card,1420,2,0
63102.97,Money Transfer,Credit Card,2228,3,1
102735.38,Money Transfer,Credit Card,22,1,1
12100.08,Money Transfer,Debit Card,372,5,1
85354.17,Online Purchase,Credit Card,2017,4,1
110777.99,Cash Withdrawal,UPI,864,0,0
3727.72,Bill Payment,Debit Card,2279,10,1
59733.47,Money Transfer,Debit Card,536,4,1
110948.81,Bill Payment,Net Banking,474,0,1
118630.1,Online Purchase,Net Banking,1861,10,1
136192.29,Money Transfer,Credit Card,1048,1,1
5999.31,Cash Withdrawal,Debit Card,2491,0,0
38656.37,Online Purchase,Credit Card,390,7,1
51792.3,Cash Withdrawal,UPI,1905,10,0
64341.41,Bill Payment,UPI,1862,5,0
3291.11,Money Transfer,Debit Card,1633,10,0
109261.71,Bill Payment,Net Banking,2471,1,0
3207.33,Money Transfer,Net Banking,2168,4,0
127980.46,Bill Payment,Debit Card,890,0,0
43422.96,Money Transfer,Debit Card,1084,3,1
91819.25,Money Transfer,Credit Card,1897,0,1
23171.83,Cash Withdrawal,UPI,1383,4,0
30427.85,Cash Withdrawal,UPI,367,6,1
21011.31,Online Purchase,Credit Card,1930,2,0
95234.86,Online Purchase,Debit Card,1430,8,1
71257.54,Money Transfer,Net Banking,923,10,1
4475.03,Online Purchase,UPI,2267,10,0
2050.45,Cash Withdrawal,Credit Card,440,2,0
75367.42,Bill Payment,UPI,949,0,0
47852.06,Cash Withdrawal,Net Banking,520,1,0
66838.8,Cash Withdrawal,Credit Card,4,9,1
14303.39,Cash Withdrawal,Net Banking,1757,3,0
19391.45,Bill Payment,Debit Card,1714,7,1
98052.68,Online Purchase,Credit Card,52,7,0
140405.65,Cash Withdrawal,Net Banking,1123,6,0
124737.05,Online Purchase,UPI,1937,3,1
91070.83,Bill Payment,Net Banking,2250,9,1
95405.91,Bill Payment,Debit Card,1405,2,0
66694.26,Cash Withdrawal,Net Banking,1976,3,0
85923.95,Online Purchase,Net Banking,1581,0,1
24246.75,Money Transfer,Net Banking,124,1,0
108702.19,Bill Payment,Credit Card,1802,10,1
52736.93,Online Purchase,Net Banking,912,2,1
97609.96,Cash Withdrawal,Net Banking,619,5,0
62842.73,Online Purchase,UPI,2493,5,0
94378.53,Money Transfer,Debit Card,2069,4,1
18943.16,Online Purchase,Net Banking,759,8,0
76377.41,Bill Payment,Net Banking,1629,0,0
118756.43,Money Transfer,Credit Card,2359,8,1
141252.83,Money Transfer,UPI,820,4,0
30804.42,Money Transfer,UPI,1783,8,1
149437.61,Cash Withdrawal,Net Banking,1020,4,1
44289.53,Bill Payment,Credit Card,1739,7,0
14241.31,Cash Withdrawal,UPI,989,0,0
42978.83,Bill Payment,Debit Card,2469,10,1
58686.82,Money Transfer,UPI,2141,7,1
107913.04,Money Transfer,UPI,427,6,1
84066.6,Online Purchase,UPI,1428,4,0
23239.32,Money Transfer,Net Banking,1953,3,0
129246.53,Money Transfer,UPI,2135,1,1
115305.3,Cash Withdrawal,Net Banking,1649,3,1
38490.2,Online Purchase,Net Banking,1034,4,0
70194.95,Bill Payment,Debit Card,529,4,1
91667.42,Bill Payment,Credit Card,1689,9,1
71551.96,Online Purchase,Net Banking,428,3,0
98591.85,Bill Payment,UPI,1068,10,1
106782.71,Bill Payment,Credit Card,95,5,0
65999.2,Bill Payment,Credit Card,1986,6,1
80248.76,Bill Payment,Credit Card,926,8,0
17929.6,Cash Withdrawal,Net Banking,191,7,0
35307.47,Bill Payment,UPI,2215,2,0
131066.14,Money Transfer,UPI,1485,2,1
143025.58,Online Purchase,Net Banking,64,10,1
54751.91,Money Transfer,UPI,442,7,1
124475.38,Bill Payment,Net Banking,437,4,1
96744.98,Online Purchase,Credit Card,409,4,0
69425.16,Money Transfer,Credit Card,694,9,1
97876.0,Bill Payment,UPI,1154,8,0
106533.64,Online Purchase,Debit Card,1879,7,1
133007.75,Cash Withdrawal,Credit Card,1318,6,1
149340.12,Money Transfer,Credit Card,2420,1,0
42339.43,Cash Withdrawal,UPI,58,8,1
28925.64,Money Transfer,Debit Card,2320,10,1
60413.18,Online Purchase,Net Banking,1335,8,0
5037.19,Money Transfer,Net Banking,1724,4,0
123231.93,Bill Payment,Net Banking,531,8,1
25373.18,Cash Withdrawal,UPI,1720,2,0
6657.84,Online Purchase,Credit Card,1496,9,0
100402.2,Online Purchase,Credit Card,29,3,1
49893.75,Money Transfer,Net Banking,2204,2,0
59654.24,Cash Withdrawal,Debit Card,634,0,0
149784.74,Online Purchase,Net Banking,289,0,0
81404.76,Cash Withdrawal,Debit Card,682,3,0
88588.59,Cash Withdrawal,Net Banking,686,1,0
10457.25,Online Purchase,Credit Card,1825,0,0
101876.83,Money Transfer,Net Banking,550,9,1
124789.92,Bill Payment,Debit Card,2289,6,1
80736.86,Money Transfer,UPI,2392,2,0
58627.38,Cash Withdrawal,UPI,1327,5,0
8047.16,Money Transfer,Debit Card,983,5,0
78718.57,Bill Payment,Net Banking,609,8,0
39455.43,Money Transfer,Credit Card,1781,1,0
4108.99,Bill Payment,Net Banking,1498,3,1
95473.17,Cash Withdrawal,Credit Card,1114,9,1
113723.78,Bill Payment,Credit Card,1756,7,1
94119.87,Money Transfer,Credit Card,767,7,0
137474.36,Online Purchase,UPI,1345,4,0
12223.49,Online Purchase,Credit Card,1939,10,1
42006.45,Bill Payment,Net Banking,1108,9,1
126265.94,Money Transfer,Net Banking,754,8,0
77562.35,Cash Withdrawal,UPI,2213,0,0
74038.11,Money Transfer,Credit Card,229,8,1
3473.36,Cash Withdrawal,Credit Card,330,9,0
42855.17,Money Transfer,UPI,1829,5,0
98673.61,Money Transfer,UPI,1409,5,0
63308.06,Online Purchase,UPI,1739,9,0
315.28,Bill Payment,Credit Card,524,3,0
22936.56,Money Transfer,UPI,1170,7,0
799.85,Bill Payment,Credit Card,2344,0,0
97666.4,Money Transfer,UPI,1104,6,1
140818.97,Cash Withdrawal,Net Banking,653,4,1
72711.22,Cash Withdrawal,Net Banking,995,0,0
79760.72,Bill Payment,Net Banking,541,10,1
4539.34,Online Purchase,Credit Card,152,6,1
96177.52,Bill Payment,Credit Card,2069,0,0
133417.6,Money Transfer,Credit Card,631,2,1
47473.13,Cash Withdrawal,UPI,1871,3,0
116595.69,Cash Withdrawal,Debit Card,2054,7,1
143636.71,Bill Payment,UPI,1422,2,1
62101.85,Bill Payment,Net Banking,2215,5,1
143477.76,Cash Withdrawal,UPI,2052,7,1
98710.6,Bill Payment,Net Banking,457,3,1
8157.24,Bill Payment,UPI,1070,6,0
51151.73,Money Transfer,Debit Card,1171,7,0
52433.39,Bill Payment,UPI,1179,7,1
122757.12,Bill Payment,UPI,145,5,0
57906.97,Money Transfer,Net Banking,166,6,0
50296.01,Online Purchase,Credit Card,2141,1,0
97285.02,Money Transfer,Net Banking,1491,10,1
48921.28,Bill Payment,Debit Card,730,9,0
15568.55,Money Transfer,Debit Card,622,4,1
100193.21,Cash Withdrawal,Net Banking,357,1,0
129126.98,Cash Withdrawal,Net Banking,1888,4,0
29132.16,Online Purchase,UPI,2235,9,0
129923.65,Bill Payment,Debit Card,1797,1,0
33580.41,Cash Withdrawal,UPI,1927,4,0
30903.55,Bill Payment,Net Banking,1600,8,0
31913.96,Cash Withdrawal,Credit Card,1602,10,0
105121.59,Cash Withdrawal,Net Banking,1570,4,0
47526.86,Online Purchase,UPI,775,1,0
62197.51,Bill Payment,Debit Card,276,7,0
110434.69,Online Purchase,UPI,794,10,1
148924.95,Online Purchase,UPI,1305,7,1
21077.26,Bill Payment,UPI,1505,8,0
141371.47,Cash Withdrawal,UPI,1534,9,0
14201.38,Money Transfer,Net Banking,2113,1,0
74450.06,Money Transfer,Net Banking,859,1,0
104269.07,Money Transfer,UPI,2382,4,1
110512.91,Bill Payment,UPI,2388,2,1
121654.91,Online Purchase,Debit Card,1184,5,1
75041.33,Online Purchase,Net Banking,734,7,1
31228.43,Online Purchase,UPI,2446,2,0
61807.02,Money Transfer,Net Banking,225,2,1
69754.32,Online Purchase,Debit Card,2150,1,1
57112.84,Cash Withdrawal,Net Banking,952,4,1
31223.39,Cash Withdrawal,Credit Card,744,10,0
132997.5,Cash Withdrawal,Debit Card,1007,5,1
11168.1,Cash Withdrawal,Debit Card,2427,8,0
74348.43,Money Transfer,UPI,618,1,0
108336.38,Online Purchase,UPI,933,5,0
14388.37,Money Transfer,Debit Card,1562,8,1
39559.38,Bill Payment,UPI,695,6,1
132555.19,Money Transfer,Debit Card,1368,4,1
23149.39,Money Transfer,UPI,146,5,0
139927.27,Money Transfer,Credit Card,1662,1,0
149012.54,Online Purchase,Credit Card,1091,5,1
136919.82,Money Transfer,Net Banking,1491,10,1
40266.87,Cash Withdrawal,Credit Card,1533,6,0
135396.41,Money Transfer,Debit Card,1370,5,0
60336.58,Bill Payment,Credit Card,2154,2,0
132455.69,Cash Withdrawal,UPI,2171,6,1
6447.23,Bill Payment,UPI,2001,3,0
126152.45,Online Purchase,Net Banking,516,6,1
245.28,Bill Payment,Credit Card,1246,4,0
136362.58,Online Purchase,Credit Card,1864,5,1
61914.91,Cash Withdrawal,UPI,1324,8,0
91830.63,Online Purchase,Net Banking,1324,8,0
130140.75,Cash Withdrawal,Debit Card,671,3,1
27334.06,Bill Payment,Debit Card,75,0,0
103561.06,Online Purchase,Credit Card,1760,9,1
126885.94,Money Transfer,Net Banking,992,5,1
114289.95,Online Purchase,UPI,603,0,0
23182.54,Cash Withdrawal,Credit Card,548,2,0
83110.53,Online Purchase,UPI,9,2,0
139490.91,Bill Payment,Debit Card,597,4,0
23514.3,Bill Payment,Debit Card,92,2,0
19811.99,Online Purchase,Credit Card,112,1,0
67193.78,Money Transfer,Debit Card,1085,10,1
9299.65,Cash Withdrawal,Credit Card,956,5,1
24353.69,Bill Payment,Net Banking,478,10,0
149613.47,Money Transfer,UPI,2128,4,1
73280.04,Cash Withdrawal,UPI,230,8,0
134747.0,Cash Withdrawal,Net Banking,2376,5,1
10460.3,Bill Payment,Credit Card,2261,3,1
69793.91,Online Purchase,Net Banking,1008,3,0
19416.15,Money Transfer,Credit Card,1370,6,0
108632.65,Cash Withdrawal,Credit Card,2007,3,1
88196.23,Bill Payment,UPI,2451,10,1
70656.98,Cash Withdrawal,Net Banking,801,8,0
27427.49,Bill Payment,Debit Card,2059,2,0
64883.29,Money Transfer,Debit Card,763,2,0
128136.26,Money Transfer,Credit Card,807,8,0
48882.19,Money Transfer,Debit Card,1384,9,0
57778.81,Cash Withdrawal,Credit Card,2380,4,0
122747.9,Online Purchase,Credit Card,1139,4,1
46793.77,Money Transfer,Debit Card,2418,2,0
55515.18,Cash Withdrawal,Credit Card,2140,10,0
85138.23,Money Transfer,UPI,142,4,1
23524.59,Money Transfer,Debit Card,1881,4,1
138479.4,Bill Payment,Debit Card,849,8,1
96625.5,Bill Payment,Credit Card,2497,0,0
114390.43,Bill Payment,UPI,2300,7,1
51900.32,Money Transfer,UPI,1954,2,1
111184.55,Money Transfer,Credit Card,24,7,1
63263.48,Online Purchase,Net Banking,2470,4,0
44766.76,Cash Withdrawal,UPI,1911,10,0
25311.32,Online Purchase,UPI,2244,3,0
143125.52,Cash Withdrawal,UPI,170,8,1
57210.33,Money Transfer,Debit Card,1877,10,1
25989.6,Money Transfer,UPI,1083,10,1
16674.6,Online Purchase,UPI,1455,6,1
45561.89,Online Purchase,Debit Card,1732,10,0
63190.05,Online Purchase,UPI,203,5,0
45402.35,Online Purchase,Debit Card,821,6,0
25661.75,Bill Payment,UPI,814,2,1
48093.11,Money Transfer,Debit Card,1672,10,1
148282.85,Bill Payment,Credit Card,851,7,1
22488.64,Bill Payment,Debit Card,491,0,0
50338.88,Cash Withdrawal,Debit Card,124,9,0
110599.72,Money Transfer,Credit Card,764,2,0
24598.63,Cash Withdrawal,UPI,2403,7,0
82398.64,Online Purchase,Net Banking,1796,10,0
57262.25,Bill Payment,Debit Card,2074,6,0
130378.51,Online Purchase,Net Banking,123,7,1
110207.69,Online Purchase,Credit Card,448,2,1
125912.52,Bill Payment,Credit Card,1524,6,1
44666.93,Money Transfer,Credit Card,461,8,1
107497.03,Online Purchase,Credit Card,1145,4,1
124011.24,Online Purchase,Net Banking,695,3,0
109821.61,Bill Payment,Debit Card,127,4,1
31279.36,Cash Withdrawal,UPI,232,4,1
11100.34,Cash Withdrawal,Credit Card,1125,10,0
11348.48,Bill Payment,UPI,39,3,0
109218.21,Cash Withdrawal,UPI,160,6,1
115637.89,Cash Withdrawal,UPI,475,4,1
78405.74,Bill Payment,Credit Card,1361,6,1
52741.96,Bill Payment,Debit Card,1876,7,1
23496.63,Bill Payment,Debit Card,2212,6,1
144695.77,Online Purchase,Credit Card,325,6,1
108763.68,Online Purchase,UPI,852,5,1
39560.37,Online Purchase,Net Banking,431,10,0
144526.41,Online Purchase,UPI,2044,2,0
52229.67,Online Purchase,Credit Card,2035,3,0
11249.82,Money Transfer,Credit Card,1797,2,0
4873.0,Bill Payment,UPI,725,4,0
82364.16,Cash Withdrawal,Credit Card,2498,6,0
19336.5,Money Transfer,Debit Card,1670,0,1
2338.68,Money Transfer,Credit Card,2420,1,0
105806.49,Bill Payment,Credit Card,106,9,1
75809.82,Money Transfer,Net Banking,454,9,1
105150.74,Money Transfer,Net Banking,1253,1,1
88714.43,Bill Payment,Debit Card,1458,4,0
44748.19,Bill Payment,Credit Card,609,6,0
96751.82,Cash Withdrawal,Debit Card,2182,6,0
128149.49,Cash Withdrawal,UPI,2248,1,0
5725.09,Online Purchase,Debit Card,2317,10,0
104855.95,Cash Withdrawal,Debit Card,1111,3,1
63967.44,Cash Withdrawal,Net Banking,2117,3,0
68381.96,Online Purchase,Credit Card,2021,0,0
133626.05,Bill Payment,Credit Card,2062,9,1
94994.73,Online Purchase,Debit Card,783,1,0
68215.34,Money Transfer,Credit Card,2302,2,0
118738.82,Cash Withdrawal,Credit Card,1587,10,1
12443.56,Money Transfer,UPI,480,10,1
96697.3,Cash Withdrawal,Credit Card,2303,6,0
63548.17,Online Purchase,Credit Card,82,8,1
101043.88,Online Purchase,Debit Card,1956,6,0
32531.37,Cash Withdrawal,Credit Card,2166,6,1
120664.44,Money Transfer,UPI,181,6,1
60719.96,Cash Withdrawal,Net Banking,36,5,1
78966.28,Online Purchase,Credit Card,1392,0,0
8095.53,Money Transfer,Credit Card,1705,10,0
54169.99,Online Purchase,UPI,1519,6,0
46813.24,Online Purchase,UPI,277,2,0
62725.24,Cash Withdrawal,Credit Card,1523,0,0
89474.24,Online Purchase,Net Banking,1635,1,0
114372.09,Online Purchase,UPI,2198,3,1
78329.34,Online Purchase,Debit Card,549,1,0
41934.58,Online Purchase,Credit Card,1959,6,0
55765.32,Online Purchase,UPI,772,7,1
130632.69,Online Purchase,UPI,1826,5,0
99756.62,Money Transfer,Debit Card,1320,0,0
37243.68,Cash Withdrawal,Credit Card,811,9,1
63732.63,Bill Payment,Net Banking,1811,5,0
70850.05,Bill Payment,Debit Card,1332,1,0
37325.11,Cash Withdrawal,UPI,828,9,0
74520.69,Online Purchase,Debit Card,233,7,0
114406.69,Online Purchase,Debit Card,2018,8,1
419.57,Online Purchase,Debit Card,587,0,0
127076.63,Bill Payment,Credit Card,1659,0,0
92216.23,Cash Withdrawal,UPI,2004,8,1
119544.37,Online Purchase,Net Banking,1633,1,0
74852.53,Cash Withdrawal,UPI,1280,4,0
7291.62,Money Transfer,UPI,1633,1,0
97063.71,Money Transfer,Debit Card,1910,7,1
15787.76,Bill Payment,UPI,155,2,0
2997.18,Money Transfer,UPI,1689,5,0
87750.28,Online Purchase,UPI,1570,8,1
60166.28,Bill Payment,Debit Card,787,10,0
146886.63,Bill Payment,Debit Card,2485,1,0
26516.18,Bill Payment,Net Banking,1682,1,0
45628.9,Bill Payment,Debit Card,920,10,0
66230.98,Money Transfer,Net Banking,152,9,0
9384.4,Bill Payment,Net Banking,1391,3,0
70229.91,Bill Payment,Net Banking,1608,3,1
107327.44,Bill Payment,Debit Card,2345,0,1
42898.08,Money Transfer,Net Banking,2201,5,1
30479.11,Cash Withdrawal,Credit Card,1300,1,0
134633.89,Money Transfer,Credit Card,1747,7,1
778.94,Cash Withdrawal,Credit Card,364,0,0
133834.8,Bill Payment,Net Banking,2057,10,1
46634.0,Bill Payment,Net Banking,1477,8,1
86537.51,Bill Payment,UPI,171,10,0
108312.66,Bill Payment,Credit Card,953,9,1
29126.42,Money Transfer,UPI,1545,6,0
3497.27,Online Purchase,UPI,1206,9,0
149465.21,Money Transfer,Net Banking,1355,3,1
83428.36,Money Transfer,Credit Card,1412,10,0
3421.71,Online Purchase,Net Banking,2462,1,0
119409.72,Cash Withdrawal,Net Banking,94,1,1
77390.68,Money Transfer,Debit Card,1136,5,1
90966.23,Money Transfer,UPI,1422,4,0
76242.04,Money Transfer,Net Banking,2295,8,1
97625.6,Bill Payment,Debit Card,1434,0,0
137240.36,Money Transfer,Debit Card,188,3,0
123928.03,Online Purchase,Credit Card,1816,8,1
67024.36,Bill Payment,UPI,3,0,0
28597.53,Bill Payment,Net Banking,1572,0,0
58929.87,Cash Withdrawal,Debit Card,890,6,1
27196.47,Bill Payment,Net Banking,1151,1,0
114695.68,Online Purchase,Net Banking,918,2,0
65566.74,Online Purchase,UPI,2083,2,0
39737.58,Money Transfer,Net Banking,1236,8,1
66597.87,Money Transfer,Net Banking,1482,7,1
9119.96,Cash Withdrawal,Credit Card,1067,6,1
73940.87,Bill Payment,Credit Card,2440,6,1
134733.32,Online Purchase,Credit Card,2410,2,1
101522.77,Money Transfer,UPI,2460,10,0
124364.78,Cash Withdrawal,Debit Card,2281,7,1
57425.58,Bill Payment,Credit Card,550,3,0
149614.33,Online Purchase,UPI,1412,1,0
67810.42,Online Purchase,Debit Card,2178,10,0
62780.82,Bill Payment,Net Banking,1401,2,0
136971.68,Cash Withdrawal,Net Banking,1483,6,1
55538.23,Bill Payment,UPI,1059,0,0
45812.18,Money Transfer,Net Banking,1480,9,1
35605.7,Bill Payment,Debit Card,743,10,1
86799.4,Cash Withdrawal,Credit Card,1359,4,0
74281.88,Cash Withdrawal,UPI,2066,3,0
146767.43,Online Purchase,Credit Card,2303,10,1
115899.65,Money Transfer,Net Banking,256,4,0
76765.23,Bill Payment,Debit Card,2128,7,1
131414.57,Money Transfer,UPI,1092,3,1
123463.11,Cash Withdrawal,Debit Card,2250,5,1
130940.15,Money Transfer,UPI,249,2,0
149319.0,Bill Payment,Credit Card,1236,6,1
57846.83,Online Purchase,Net Banking,1641,3,0
126121.62,Money Transfer,Net Banking,679,4,1
69855.95,Online Purchase,UPI,1825,8,1
72115.76,Online Purchase,UPI,1666,1,0
60608.21,Online Purchase,Net Banking,867,6,0
126727.14,Money Transfer,Net Banking,809,1,1
104834.88,Money Transfer,Credit Card,2332,1,1
62367.16,Online Purchase,Net Banking,695,4,0
99184.14,Cash Withdrawal,Net Banking,1611,2,0
11491.9,Money Transfer,Debit Card,1279,7,0
94412.61,Money Transfer,Debit Card,1056,7,1
146273.25,Cash Withdrawal,Net Banking,174,10,1
58924.19,Cash Withdrawal,Credit Card,1097,8,0
53960.16,Money Transfer,UPI,1869,8,1
25962.81,Bill Payment,Debit Card,2448,8,1
149635.63,Money Transfer,UPI,288,3,0
35952.62,Bill Payment,UPI,527,4,0
130808.74,Online Purchase,Credit Card,1417,5,1
27935.01,Money Transfer,Credit Card,2283,1,0
50053.76,Cash Withdrawal,Credit Card,2473,0,0
3998.88,Cash Withdrawal,Net Banking,1751,10,0
124023.49,Online Purchase,Debit Card,399,6,0
44730.62,Money Transfer,Debit Card,792,6,0
24286.71,Bill Payment,Credit Card,914,5,1
104185.33,Money Transfer,Credit Card,136,1,1
142196.69,Cash Withdrawal,Net Banking,1342,9,1
86940.64,Bill Payment,Net Banking,1931,0,0
105462.0,Cash Withdrawal,Credit Card,1477,6,1
108860.13,Bill Payment,Debit Card,765,0,1
39936.41,Money Transfer,UPI,1256,5,0
137174.13,Money Transfer,Net Banking,1929,9,1
103000.27,Money Transfer,Net Banking,2051,6,1
94942.69,Bill Payment,UPI,1268,9,1
17648.96,Cash Withdrawal,Debit Card,542,6,0
114227.53,Money Transfer,Credit Card,1545,0,1
130145.51,Bill Payment,Debit Card,2498,2,0
13528.03,Money Transfer,UPI,1831,4,0
96380.22,Bill Payment,Credit Card,1765,9,0
81270.11,Money Transfer,Credit Card,2359,9,0
75445.66,Money Transfer,Credit Card,387,2,0
32408.03,Money Transfer,Debit Card,2407,9,0
137522.84,Online Purchase,UPI,11,10,0
101667.19,Bill Payment,UPI,1221,7,0
11885.97,Online Purchase,Net Banking,2101,0,0
5814.47,Online Purchase,Credit Card,1339,10,0
40586.58,Cash Withdrawal,Credit Card,325,3,0
130390.2,Bill Payment,Debit Card,985,6,1
53723.18,Bill Payment,Debit Card,761,1,0
16247.71,Bill Payment,UPI,2353,5,0
110897.36,Money Transfer,Credit Card,1942,9,1
16253.69,Cash Withdrawal,Credit Card,2467,1,0
43989.46,Cash Withdrawal,Net Banking,1299,9,1
136324.36,Bill Payment,UPI,2221,10,1
59748.13,Online Purchase,Credit Card,1723,8,1
113472.72,Bill Payment,Debit Card,1706,0,0
43869.21,Bill Payment,UPI,802,10,1
91203.3,Money Transfer,Debit Card,241,0,0
62166.57,Online Purchase,UPI,805,5,1
94643.21,Online Purchase,UPI,903,2,0
51648.82,Cash Withdrawal,Debit Card,1263,10,0
84132.73,Online Purchase,UPI,2441,7,1
61829.0,Bill Payment,UPI,1460,1,0
85568.6,Money Transfer,Debit Card,1159,0,0
133849.81,Cash Withdrawal,UPI,409,1,0
84905.35,Bill Payment,Debit Card,2322,1,0
35243.44,Online Purchase,Net Banking,1640,7,0
4080.61,Bill Payment,Debit Card,297,8,0
49907.13,Cash Withdrawal,Credit Card,1070,3,0
21746.14,Online Purchase,Credit Card,2109,10,0
88086.92,Money Transfer,UPI,2212,10,1
77136.87,Money Transfer,Credit Card,786,7,1
67884.06,Money Transfer,Credit Card,629,0,0
82811.43,Cash Withdrawal,UPI,2128,5,1
9326.34,Bill Payment,Net Banking,2258,1,0
38526.11,Online Purchase,UPI,482,4,1
8688.36,Online Purchase,Credit Card,995,6,1
131808.27,Online Purchase,Credit Card,1132,8,1
45732.59,Online Purchase,Debit Card,788,10,1
138793.68,Online Purchase,UPI,1333,2,1
132624.62,Cash Withdrawal,Debit Card,1324,5,1
40807.82,Online Purchase,Debit Card,2311,8,0
9493.12,Online Purchase,Debit Card,530,1,0
88363.08,Online Purchase,Net Banking,1767,1,1
132734.74,Bill Payment,Debit Card,646,4,0
5763.82,Cash Withdrawal,UPI,556,10,0
11551.69,Online Purchase,Net Banking,1692,9,1
13297.5,Online Purchase,Credit Card,316,1,0
31134.03,Online Purchase,Credit Card,1720,7,0
57293.51,Bill Payment,Net Banking,1904,3,1
82298.01,Money Transfer,Net Banking,2069,4,1
36202.65,Bill Payment,Net Banking,696,2,0
3491.62,Cash Withdrawal,UPI,2469,10,1
147212.43,Online Purchase,UPI,1505,0,0
135543.09,Bill Payment,Debit Card,2150,10,1
81555.72,Cash Withdrawal,Debit Card,1358,7,0
12959.08,Cash Withdrawal,Debit Card,1913,4,0
18434.66,Online Purchase,UPI,2388,1,0
136994.95,Cash Withdrawal,Credit Card,1529,5,1
82816.27,Bill Payment,UPI,686,9,1
37098.08,Bill Payment,Debit Card,565,1,0
19319.42,Bill Payment,Debit Card,1084,8,0
96502.17,Money Transfer,Credit Card,664,0,0
92621.03,Cash Withdrawal,Debit Card,1573,5,0
98100.32,Money Transfer,UPI,597,0,0
50407.18,Cash Withdrawal,Credit Card,1001,1,0
143824.92,Cash Withdrawal,Debit Card,1528,3,1
9163.34,Money Transfer,UPI,268,3,1
17423.63,Money Transfer,Credit Card,1154,6,1
46183.83,Online Purchase,UPI,1018,7,0
75375.72,Online Purchase,UPI,1376,10,0
20800.17,Money Transfer,Net Banking,1943,0,0
19120.2,Online Purchase,UPI,2308,7,0
140261.25,Cash Withdrawal,Net Banking,753,5,1
88788.38,Bill Payment,Credit Card,261,3,0
128121.82,Cash Withdrawal,UPI,1558,7,1
67139.37,Cash Withdrawal,Debit Card,892,9,1
4040.73,Online Purchase,Net Banking,464,1,0
42473.52,Bill Payment,Credit Card,1459,10,1
6917.47,Online Purchase,Debit Card,1981,0,0
21444.12,Bill Payment,Debit Card,965,10,0
20831.87,Online Purchase,UPI,952,3,0
134258.97,Online Purchase,Net Banking,1664,9,0
70803.24,Bill Payment,Net Banking,2385,7,1
17259.83,Bill Payment,Credit Card,451,1,0
81818.38,Cash Withdrawal,Debit Card,983,9,1
29668.39,Online Purchase,UPI,1512,8,0
27347.01,Bill Payment,Debit Card,862,6,0
108612.95,Bill Payment,UPI,2087,8,1
42912.48,Cash Withdrawal,Debit Card,1827,1,0
69306.79,Cash Withdrawal,UPI,106,8,0
53610.7,Cash Withdrawal,Credit Card,277,7,0
94856.63,Bill Payment,Credit Card,248,2,0
123812.44,Bill Payment,Debit Card,1132,4,0
66289.88,Money Transfer,Net Banking,1597,6,0
43060.19,Cash Withdrawal,Net Banking,479,1,0
11495.59,Online Purchase,Debit Card,2007,7,0
44447.54,Cash Withdrawal,Net Banking,1181,9,0
145860.34,Bill Payment,UPI,514,7,0
103772.68,Money Transfer,Credit Card,2116,8,1
62367.63,Bill Payment,UPI,496,3,0
41665.12,Bill Payment,UPI,1795,9,0
121092.73,Cash Withdrawal,Credit Card,1951,7,1
124880.38,Bill Payment,UPI,863,0,0
10778.3,Money Transfer,Credit Card,1074,1,1
25896.06,Bill Payment,Debit Card,445,10,1
93990.9,Bill Payment,Net Banking,1835,2,0
55072.61,Bill Payment,Debit Card,1338,1,0
43378.78,Bill Payment,Net Banking,1314,2,0
60592.81,Money Transfer,UPI,885,7,1
75842.37,Money Transfer,Debit Card,97,2,1
41352.6,Online Purchase,Net Banking,1199,9,0
68695.65,Cash Withdrawal,UPI,641,0,0
131431.42,Online Purchase,UPI,2104,7,1
93474.05,Cash Withdrawal,Debit Card,1799,2,0
8336.35,Money Transfer,Debit Card,481,9,1
108128.78,Money Transfer,Debit Card,243,5,0
63429.0,Bill Payment,Credit Card,1626,9,1
94292.11,Bill Payment,UPI,1117,10,1
32691.38,Bill Payment,UPI,296,1,0
4185.21,Online Purchase,Debit Card,136,8,0
73802.06,Online Purchase,UPI,240,6,1
141842.86,Online Purchase,UPI,491,7,1
90384.24,Cash Withdrawal,Debit Card,2362,6,1
78499.32,Bill Payment,Debit Card,331,4,0
31848.29,Money Transfer,Debit Card,135,7,0
135322.21,Money Transfer,Credit Card,186,7,1
24978.82,Cash Withdrawal,UPI,2448,5,0
85005.05,Cash Withdrawal,Net Banking,1201,2,0
59686.13,Online Purchase,Net Banking,1606,10,1
129982.11,Cash Withdrawal,Debit Card,2059,8,1
15664.28,Money Transfer,Credit Card,1434,2,0
87122.17,Money Transfer,Debit Card,1492,2,1
69872.04,Bill Payment,Credit Card,1105,4,0
120303.07,Cash Withdrawal,Debit Card,767,4,1
102221.49,Cash Withdrawal,UPI,1679,0,1
16535.71,Money Transfer,Net Banking,430,6,0
55027.85,Bill Payment,Debit Card,1914,9,1
98837.45,Cash Withdrawal,Credit Card,542,1,0
44745.42,Cash Withdrawal,Credit Card,1580,9,0
113705.49,Bill Payment,Net Banking,1557,1,1
144776.86,Cash Withdrawal,UPI,1080,4,1
112259.81,Bill Payment,Debit Card,2005,7,0
25126.86,Cash Withdrawal,Net Banking,135,5,1
48275.87,Money Transfer,Debit Card,1848,2,0
41207.11,Bill Payment,UPI,1628,0,0
114028.73,Bill Payment,Credit Card,349,9,1
136720.77,Bill Payment,Net Banking,964,2,0
101025.84,Cash Withdrawal,Credit Card,473,1,0
76351.16,Online Purchase,Debit Card,1424,9,0
102267.34,Money Transfer,Credit Card,1661,9,1
21028.57,Money Transfer,Debit Card,2486,2,0
37089.68,Bill Payment,Credit Card,2261,7,0
129174.52,Cash Withdrawal,Credit Card,2007,6,1
72736.0,Money Transfer,UPI,1492,8,0
78117.26,Money Transfer,Net Banking,1774,0,0
83987.94,Money Transfer,UPI,196,8,1
122064.92,Money Transfer,Net Banking,2095,3,1
95362.9,Bill Payment,Debit Card,1594,6,0
57443.25,Online Purchase,Credit Card,1972,9,1
50451.64,Online Purchase,Credit Card,203,2,0
72732.24,Bill Payment,Credit Card,827,6,0
2461.9,Cash Withdrawal,Credit Card,637,8,1
134228.0,Cash Withdrawal,Credit Card,1085,2,0
32466.4,Cash Withdrawal,UPI,1842,2,0
85354.16,Money Transfer,Debit Card,1670,8,1
131117.82,Bill Payment,UPI,647,7,0
111239.91,Money Transfer,Debit Card,1010,6,0
130835.8,Money Transfer,Debit Card,1268,0,0
26161.81,Online Purchase,UPI,2058,1,0
100094.69,Online Purchase,Credit Card,2415,8,1
4718.72,Online Purchase,UPI,80,9,1
59166.07,Money Transfer,Net Banking,601,4,0
49463.52,Money Transfer,Debit Card,1983,5,0
20499.25,Cash Withdrawal,Debit Card,549,7,1
134358.07,Online Purchase,UPI,1427,3,1
7622.67,Online Purchase,Net Banking,2370,3,0
27967.2,Cash Withdrawal,UPI,1481,1,0
99798.75,Bill Payment,Credit Card,1729,0,0
26106.19,Bill Payment,UPI,436,3,0
63842.33,Online Purchase,UPI,1902,5,0
96247.09,Cash Withdrawal,Net Banking,1249,7,1
102061.6,Online Purchase,Debit Card,552,10,1
23341.01,Online Purchase,Credit Card,2201,4,0
49509.48,Bill Payment,Credit Card,1683,3,0
104289.53,Bill Payment,Credit Card,1550,7,0
130530.21,Bill Payment,UPI,2378,1,0
89582.14,Cash Withdrawal,Net Banking,1663,0,0
20772.95,Cash Withdrawal,UPI,1255,9,0
118966.39,Bill Payment,Credit Card,1186,3,1
779.11,Bill Payment,Debit Card,1032,2,0
15627.71,Cash Withdrawal,Debit Card,1761,3,0
70240.91,Bill Payment,UPI,606,2,1
128691.1,Bill Payment,Debit Card,442,9,0
28850.67,Online Purchase,Credit Card,953,4,0
15683.15,Bill Payment,Credit Card,129,10,1
139224.25,Money Transfer,UPI,61,8,1
35348.99,Cash Withdrawal,Credit Card,100,4,0
110433.47,Bill Payment,Credit Card,892,5,1
109806.53,Bill Payment,Debit Card,269,7,0
90856.3,Online Purchase,Net Banking,944,3,0
39252.67,Online Purchase,UPI,1067,3,0
95876.11,Money Transfer,UPI,1240,1,0
61584.04,Money Transfer,Debit Card,134,6,0
20029.42,Bill Payment,UPI,2258,0,0
76882.08,Bill Payment,UPI,1888,1,0
62701.16,Online Purchase,Credit Card,1750,2,0
44071.24,Money Transfer,Credit Card,1239,5,1
62792.64,Online Purchase,Debit Card,889,8,0
16735.76,Money Transfer,Net Banking,1909,4,0
12352.03,Online Purchase,Net Banking,45,5,0
34054.87,Online Purchase,Net Banking,971,6,0
19145.35,Bill Payment,Net Banking,17,6,0
137170.91,Bill Payment,Debit Card,320,2,1
118436.29,Bill Payment,Credit Card,1589,9,1
21149.97,Cash Withdrawal,Net Banking,577,0,0
83236.23,Money Transfer,Debit Card,267,9,0
15946.52,Cash Withdrawal,Net Banking,2261,10,0
111533.95,Cash Withdrawal,UPI,2013,4,1
116892.29,Online Purchase,Debit Card,1490,5,1
18190.3,Bill Payment,UPI,5,4,1
15510.76,Online Purchase,UPI,959,8,0
135396.17,Bill Payment,Credit Card,929,9,0
18942.48,Cash Withdrawal,Net Banking,1378,4,0
62782.97,Online Purchase,UPI,365,4,1
140069.05,Online Purchase,UPI,1607,3,1
109713.21,Money Transfer,UPI,1320,2,1
78475.26,Money Transfer,Credit Card,861,2,0
148758.11,Cash Withdrawal,Debit Card,1265,3,0
80413.65,Bill Payment,Credit Card,2485,7,0
69973.98,Money Transfer,UPI,2097,6,0
98662.33,Money Transfer,Debit Card,1369,10,0
40538.05,Cash Withdrawal,Net Banking,804,6,0
75438.24,Online Purchase,Credit Card,1891,1,0
65639.27,Money Transfer,UPI,2446,5,1
29371.28,Bill Payment,UPI,196,6,0
78253.81,Bill Payment,Debit Card,2486,4,0
35397.22,Online Purchase,Net Banking,617,8,1
104202.64,Bill Payment,Credit Card,1830,9,1
124934.77,Bill Payment,Debit Card,349,4,0
105751.57,Bill Payment,Debit Card,292,5,1
108359.32,Online Purchase,Net Banking,1895,6,1
136476.01,Bill Payment,Net Banking,1072,0,1
142276.68,Bill Payment,Debit Card,1987,10,1
148773.15,Online Purchase,Debit Card,1509,4,0
64707.77,Money Transfer,Credit Card,1855,10,0
85593.75,Cash Withdrawal,UPI,316,10,0
87458.56,Cash Withdrawal,UPI,404,9,0
3564.8,Money Transfer,Debit Card,1149,6,1
108985.85,Bill Payment,Credit Card,257,7,1
23025.72,Money Transfer,Debit Card,216,9,1
47724.66,Money Transfer,Credit Card,18,2,0
53448.86,Online Purchase,Credit Card,1245,7,1
101198.79,Cash Withdrawal,Debit Card,2344,0,0
149882.71,Bill Payment,Debit Card,986,7,1
104164.3,Online Purchase,UPI,2026,5,1
115521.22,Bill Payment,Net Banking,2229,4,1
123721.57,Money Transfer,Debit Card,864,3,0
127646.47,Bill Payment,Net Banking,1404,1,0
6402.24,Bill Payment,Debit Card,218,8,1
13470.43,Online Purchase,Credit Card,1730,0,0
115666.54,Bill Payment,UPI,2383,0,1
95859.58,Money Transfer,UPI,487,7,0
110919.17,Money Transfer,Debit Card,1167,10,1
140299.96,Online Purchase,Net Banking,455,8,1
22863.78,Online Purchase,Debit Card,377,6,0
132696.94,Money Transfer,Debit Card,901,1,0
56493.73,Online Purchase,Credit Card,112,8,0
139362.78,Money Transfer,Debit Card,2219,8,1
59927.6,Cash Withdrawal,Credit Card,576,10,0
67514.74,Bill Payment,Debit Card,1466,6,1
98937.47,Online Purchase,Debit Card,1429,4,0
67758.45,Money Transfer,Net Banking,1020,9,0
105240.96,Money Transfer,UPI,69,10,1
75379.65,Bill Payment,Debit Card,236,3,1
95087.96,Online Purchase,UPI,1314,0,0
90265.81,Online Purchase,Debit Card,1496,7,1
134257.77,Money Transfer,UPI,965,9,0
117352.24,Online Purchase,Credit Card,1569,7,1
32039.27,Money Transfer,Net Banking,1573,5,0
142210.6,Bill Payment,Credit Card,730,4,1
58742.41,Money Transfer,Debit Card,2283,5,0
108710.62,Money Transfer,Credit Card,301,0,0
16874.32,Bill Payment,UPI,1241,4,0
46575.48,Money Transfer,Credit Card,1830,4,1
15816.74,Cash Withdrawal,Credit Card,774,10,1
15491.52,Cash Withdrawal,Net Banking,1345,9,0
20178.78,Bill Payment,Debit Card,2352,1,1
147738.69,Money Transfer,Credit Card,1124,1,0
34509.84,Cash Withdrawal,Debit Card,2082,1,0
22612.11,Cash Withdrawal,Debit Card,2439,5,0
67262.74,Bill Payment,Credit Card,638,6,1
8470.24,Online Purchase,Net Banking,2488,6,0
139790.14,Money Transfer,Debit Card,95,2,1
15610.94,Cash Withdrawal,Net Banking,1790,8,0
26225.08,Money Transfer,Net Banking,1171,6,1
128006.74,Money Transfer,UPI,1493,9,0
52208.26,Money Transfer,UPI,1630,5,1
9683.37,Money Transfer,UPI,2451,0,0
110121.32,Bill Payment,UPI,308,4,1
137791.71,Cash Withdrawal,Net Banking,803,7,0
136075.59,Money Transfer,UPI,1710,4,0
53148.69,Cash Withdrawal,UPI,2039,6,1
53779.49,Bill Payment,Net Banking,1992,0,0
84154.42,Bill Payment,Credit Card,1624,7,0
116137.43,Cash Withdrawal,UPI,1381,1,1
87926.05,Online Purchase,UPI,563,5,1
68509.57,Bill Payment,Debit Card,1740,4,1
91592.34,Bill Payment,Credit Card,2235,0,0
44980.68,Cash Withdrawal,Net Banking,28,10,1
76131.99,Money Transfer,UPI,130,4,1
21418.7,Cash Withdrawal,UPI,1,10,1
4237.66,Money Transfer,Debit Card,1371,2,1
114916.4,Money Transfer,Credit Card,715,9,1
108235.63,Bill Payment,Net Banking,551,7,1
48694.87,Online Purchase,UPI,2096,7,0
127964.37,Online Purchase,UPI,400,2,0
142181.78,Bill Payment,UPI,2296,9,1
147726.9,Bill Payment,Debit Card,930,5,1
99147.52,Online Purchase,Net Banking,2419,5,1
52291.82,Bill Payment,Debit Card,547,8,0
97876.18,Bill Payment,Credit Card,532,0,0
6719.85,Online Purchase,Net Banking,1237,9,0
114945.36,Online Purchase,Credit Card,1177,9,1
31571.55,Online Purchase,Credit Card,221,5,0
42346.9,Bill Payment,Net Banking,418,9,0
134990.54,Bill Payment,Credit Card,115,5,1
55116.95,Money Transfer,UPI,1192,5,0
40955.54,Online Purchase,Credit Card,1228,2,1
76387.78,Bill Payment,Credit Card,2105,2,0
138940.21,Cash Withdrawal,UPI,1112,9,1
69835.59,Cash Withdrawal,Debit Card,1329,5,1
56052.45,Online Purchase,UPI,495,9,1
30838.75,Bill Payment,Net Banking,1909,0,0
128243.43,Cash Withdrawal,Credit Card,1647,1,0
63622.42,Bill Payment,Credit Card,866,5,0
25858.15,Bill Payment,Debit Card,1556,9,1
116477.85,Bill Payment,UPI,2205,2,0
110585.49,Cash Withdrawal,Debit Card,559,6,1
98477.15,Bill Payment,Net Banking,2308,10,0
37848.93,Online Purchase,Net Banking,86,8,0
74649.92,Online Purchase,Credit Card,45,2,0
53182.32,Online Purchase,Debit Card,112,9,0
38897.5,Cash Withdrawal,Credit Card,1370,7,1
39212.07,Bill Payment,Debit Card,2304,5,0
99100.93,Money Transfer,Debit Card,1953,5,0
76836.11,Bill Payment,Credit Card,995,8,0
133600.85,Cash Withdrawal,Credit Card,463,8,1
94519.16,Online Purchase,Credit Card,945,3,0
91554.72,Money Transfer,Debit Card,828,1,1
25047.06,Online Purchase,Net Banking,52,10,0
113791.23,Online Purchase,Debit Card,2006,8,1
90293.75,Money Transfer,Debit Card,2089,7,0
92481.01,Online Purchase,Credit Card,787,10,0
25984.29,Online Purchase,Debit Card,742,0,0
77906.98,Money Transfer,UPI,460,9,1
116468.55,Online Purchase,Net Banking,1047,9,1
16800.25,Online Purchase,UPI,579,10,0
148745.1,Online Purchase,Credit Card,764,8,1
20053.36,Online Purchase,Net Banking,180,1,0
117198.74,Money Transfer,Credit Card,978,7,1
41437.98,Bill Payment,Credit Card,919,0,0
110855.03,Cash Withdrawal,Debit Card,1361,10,1
33562.34,Money Transfer,UPI,2133,1,0
75174.94,Money Transfer,Credit Card,335,10,0
128514.78,Cash Withdrawal,Net Banking,2266,5,0
60666.3,Online Purchase,Credit Card,1579,7,1
8126.03,Money Transfer,Credit Card,2106,2,0
123534.66,Bill Payment,Credit Card,1873,10,1
42743.29,Bill Payment,Debit Card,1593,2,0
19267.6,Money Transfer,UPI,180,10,0
15820.43,Bill Payment,UPI,2482,6,0
103334.58,Bill Payment,Credit Card,2417,2,0
12484.69,Bill Payment,UPI,1459,4,0
108249.01,Bill Payment,Net Banking,577,5,1
126412.03,Online Purchase,UPI,2005,4,0
46064.55,Money Transfer,Credit Card,1835,5,0
85394.21,Online Purchase,UPI,1574,5,1
42596.91,Bill Payment,UPI,1723,5,0
77570.04,Bill Payment,UPI,656,5,1
133118.38,Cash Withdrawal,UPI,1553,5,0
132728.36,Money Transfer,Credit Card,1025,3,0
71401.33,Bill Payment,Debit Card,314,3,0
14777.87,Cash Withdrawal,Net Banking,1394,4,0
92325.47,Cash Withdrawal,Net Banking,1982,2,0
149473.52,Online Purchase,UPI,1030,2,1
17426.28,Bill Payment,Credit Card,834,8,0
41330.66,Online Purchase,Debit Card,1180,7,1
34514.33,Cash Withdrawal,Debit Card,179,7,0
10418.98,Cash Withdrawal,UPI,887,7,1
101251.03,Cash Withdrawal,Debit Card,661,3,0
138708.54,Cash Withdrawal,Net Banking,860,3,0
23979.01,Online Purchase,UPI,2169,3,0
69059.95,Bill Payment,Debit Card,1701,3,1
13232.63,Bill Payment,UPI,410,0,0
52065.14,Online Purchase,Credit Card,409,9,1
27283.47,Online Purchase,Net Banking,2295,3,0
117026.17,Online Purchase,Net Banking,1046,3,1
137743.61,Bill Payment,UPI,771,4,1
42640.45,Cash Withdrawal,Credit Card,2441,7,1
1985.94,Online Purchase,Debit Card,759,4,1
116298.84,Online Purchase,Credit Card,332,10,1
114457.48,Money Transfer,Credit Card,1541,3,1
44079.19,Money Transfer,Credit Card,2113,10,0
74742.85,Money Transfer,UPI,1043,7,1
125867.5,Online Purchase,Net Banking,487,2,1
135746.15,Bill Payment,Net Banking,2211,9,1
90060.15,Online Purchase,Credit Card,601,4,0
85378.36,Money Transfer,Net Banking,667,4,1
93560.62,Money Transfer,Credit Card,1805,6,0
94313.53,Online Purchase,UPI,588,8,1
13594.62,Cash Withdrawal,Net Banking,2076,9,1
63991.63,Bill Payment,Credit Card,437,8,1
55927.94,Bill Payment,Credit Card,590,7,1
8958.41,Money Transfer,Debit Card,399,6,1
126557.19,Bill Payment,Credit Card,101,0,1
57951.74,Cash Withdrawal,UPI,1932,4,1
116831.28,Cash Withdrawal,Debit Card,2248,4,0
67709.2,Online Purchase,UPI,1500,8,1
58322.13,Online Purchase,Debit Card,439,2,0
11760.4,Money Transfer,Debit Card,1668,3,0
71239.41,Money Transfer,UPI,464,1,1
99598.57,Online Purchase,Debit Card,355,0,1
23017.49,Cash Withdrawal,Credit Card,1487,0,0
68208.57,Bill Payment,Debit Card,1436,2,0
22945.74,Money Transfer,UPI,1153,6,0
122545.78,Bill Payment,Net Banking,1541,3,0
64931.28,Online Purchase,UPI,1518,5,0
142829.99,Online Purchase,Debit Card,1577,5,1
149855.9,Bill Payment,Debit Card,836,7,1
146628.23,Cash Withdrawal,Net Banking,1851,6,0
18939.85,Cash Withdrawal,Net Banking,1597,1,0
96638.02,Online Purchase,UPI,1457,5,0
113443.66,Bill Payment,Debit Card,178,5,1
64073.32,Money Transfer,UPI,1184,9,1
7984.55,Bill Payment,Debit Card,1976,1,0
141407.41,Cash Withdrawal,Credit Card,775,4,0
120560.03,Cash Withdrawal,Debit Card,284,1,1
18516.92,Cash Withdrawal,UPI,961,9,0
27850.83,Online Purchase,Credit Card,1303,4,0
38334.66,Online Purchase,UPI,94,10,0
32130.09,Cash Withdrawal,Credit Card,2150,6,0
4109.86,Money Transfer,UPI,2160,5,0
147906.87,Money Transfer,Net Banking,1069,5,1
84319.25,Bill Payment,Net Banking,2353,9,0
106726.33,Bill Payment,Debit Card,1432,4,0
94843.84,Online Purchase,UPI,873,6,0
119609.65,Bill Payment,Net Banking,2110,4,1
74262.44,Bill Payment,Credit Card,1856,8,0
131113.0,Cash Withdrawal,Debit Card,1301,3,1
76786.34,Bill Payment,Credit Card,2226,6,0
78413.53,Bill Payment,UPI,444,1,0
134294.59,Money Transfer,Debit Card,1161,6,1
96891.34,Money Transfer,Net Banking,1378,2,1
134971.78,Online Purchase,Credit Card,602,9,0
55286.07,Cash Withdrawal,Debit Card,1304,1,0
83967.91,Cash Withdrawal,UPI,1854,0,0
122215.87,Online Purchase,Debit Card,1542,1,1
94718.08,Online Purchase,UPI,1277,6,1
144774.03,Cash Withdrawal,Debit Card,2312,10,1
98700.26,Money Transfer,Net Banking,2020,5,0
2229.92,Money Transfer,Debit Card,2148,9,1
10719.77,Online Purchase,Net Banking,318,3,0
112588.09,Cash Withdrawal,Credit Card,1884,1,0
61875.02,Cash Withdrawal,Credit Card,2261,7,1
104735.75,Cash Withdrawal,Debit Card,433,6,0
119218.73,Cash Withdrawal,UPI,2497,2,0
62125.62,Online Purchase,Credit Card,177,0,0
95626.18,Cash Withdrawal,Net Banking,1197,0,1
103387.08,Online Purchase,Credit Card,2104,3,1
94494.97,Cash Withdrawal,Net Banking,293,8,1
14153.31,Bill Payment,Debit Card,1859,0,1
9447.78,Online Purchase,Credit Card,26,2,0
19948.03,Online Purchase,Debit Card,1622,8,0
131108.29,Online Purchase,UPI,393,0,1
144976.32,Online Purchase,Credit Card,1552,9,1
40364.48,Online Purchase,Credit Card,1565,7,0
77772.47,Cash Withdrawal,Credit Card,163,1,0
45806.84,Online Purchase,Net Banking,940,2,0
111578.32,Bill Payment,Credit Card,2325,6,1
20354.28,Bill Payment,Net Banking,498,6,0
16371.31,Cash Withdrawal,Credit Card,639,5,1
45283.24,Cash Withdrawal,UPI,1339,0,0
105945.78,Money Transfer,Credit Card,2123,10,0
21374.12,Bill Payment,UPI,2150,0,0
70044.11,Bill Payment,UPI,9,2,1
145261.79,Money Transfer,Net Banking,882,3,0
26997.67,Online Purchase,Net Banking,1313,4,0
74710.83,Online Purchase,Debit Card,630,0,1
60152.92,Money Transfer,Debit Card,59,3,1
78649.23,Cash Withdrawal,Net Banking,1894,4,1
132674.04,Money Transfer,Net Banking,2272,0,1
29375.8,Online Purchase,Credit Card,1226,9,0
4790.32,Cash Withdrawal,Net Banking,1604,7,0
65605.34,Cash Withdrawal,Credit Card,642,9,0
141826.31,Bill Payment,Credit Card,171,4,0
73964.06,Cash Withdrawal,UPI,2439,5,0
148115.42,Bill Payment,UPI,1248,6,1
69326.38,Online Purchase,Debit Card,1845,1,0
38274.51,Cash Withdrawal,Debit Card,715,8,0
69692.79,Money Transfer,Debit Card,711,7,0
63994.87,Bill Payment,UPI,2189,10,1
74992.95,Bill Payment,UPI,1755,4,1
41343.05,Online Purchase,Debit Card,124,0,0
15108.77,Bill Payment,Debit Card,1576,6,0
127687.35,Bill Payment,UPI,825,8,0
25912.94,Money Transfer,Debit Card,1020,4,0
50001.82,Money Transfer,Debit Card,1430,6,1
121377.68,Money Transfer,Net Banking,1495,7,1
45559.58,Money Transfer,Credit Card,906,9,0
17044.97,Money Transfer,Net Banking,1625,1,0
11790.49,Bill Payment,Net Banking,1974,0,0
46674.86,Online Purchase,Credit Card,324,5,0
79296.31,Cash Withdrawal,Debit Card,868,1,0
91472.17,Money Transfer,Credit Card,464,5,1
131308.13,Cash Withdrawal,UPI,160,9,1
56518.29,Cash Withdrawal,UPI,93,5,0
123058.89,Money Transfer,Credit Card,1519,1,1
140787.9,Online Purchase,Credit Card,125,10,1
39793.84,Money Transfer,Credit Card,146,2,0
33870.55,Online Purchase,Net Banking,1376,6,0
21990.79,Cash Withdrawal,Debit Card,2268,0,0
78968.96,Cash Withdrawal,Debit Card,676,6,0
62635.5,Money Transfer,Credit Card,360,4,1
112015.9,Cash Withdrawal,UPI,937,9,1
128000.21,Cash Withdrawal,Credit Card,1132,1,1
146517.3,Money Transfer,Net Banking,1196,2,0
4707.56,Cash Withdrawal,UPI,1563,1,0
29892.98,Money Transfer,Credit Card,1692,7,1
108659.54,Bill Payment,UPI,210,5,1
98530.39,Bill Payment,Debit Card,2285,9,1
131580.48,Money Transfer,Net Banking,664,10,1
122544.6,Cash Withdrawal,Debit Card,767,4,1
103820.97,Online Purchase,UPI,621,1,1
17003.51,Cash Withdrawal,Credit Card,449,7,0
48326.3,Bill Payment,UPI,856,9,0
97371.45,Bill Payment,Net Banking,2239,6,1
19295.1,Cash Withdrawal,Debit Card,881,3,0
120200.76,Online Purchase,Credit Card,524,10,1
52751.93,Money Transfer,UPI,751,10,1
104009.67,Cash Withdrawal,Net Banking,894,1,1
53883.67,Bill Payment,UPI,2175,7,0
18539.65,Online Purchase,Credit Card,257,7,0
73630.91,Money Transfer,UPI,2283,3,0
133752.85,Money Transfer,Credit Card,1380,1,1
86913.58,Bill Payment,Debit Card,2266,7,0
71391.99,Cash Withdrawal,Credit Card,947,5,0
132613.42,Money Transfer,UPI,2104,10,1
136957.04,Bill Payment,UPI,2206,2,1
23941.48,Cash Withdrawal,Debit Card,1739,4,1
116833.87,Online Purchase,Net Banking,338,2,1
89959.78,Money Transfer,Net Banking,2186,10,0
71399.18,Bill Payment,Debit Card,1934,7,1
47242.21,Cash Withdrawal,Net Banking,561,0,0
65993.71,Bill Payment,Credit Card,1573,6,0
15665.85,Money Transfer,UPI,1622,8,1
129196.24,Bill Payment,Credit Card,1722,4,0
35562.32,Online Purchase,Credit Card,357,5,0
95618.77,Bill Payment,UPI,117,2,0
126470.39,Online Purchase,Credit Card,1611,10,1
107393.37,Cash Withdrawal,Debit Card,696,3,0
110981.53,Bill Payment,Debit Card,593,9,1
64188.36,Bill Payment,Net Banking,383,3,0
9368.73,Cash Withdrawal,Debit Card,2112,7,1
100556.88,Bill Payment,UPI,1110,4,0
29903.86,Online Purchase,Net Banking,1198,5,0
114519.65,Cash Withdrawal,Net Banking,1921,4,1
133307.36,Cash Withdrawal,UPI,411,8,1
60266.16,Money Transfer,Debit Card,1503,3,0
142744.69,Money Transfer,Net Banking,807,0,1
110216.02,Cash Withdrawal,Net Banking,1655,0,0
8847.64,Bill Payment,Credit Card,1870,6,0
6787.18,Cash Withdrawal,UPI,79,8,0
106804.28,Cash Withdrawal,Credit Card,194,6,1
61522.56,Bill Payment,Debit Card,557,6,0
38270.61,Bill Payment,Credit Card,1064,1,0
40876.12,Bill Payment,Debit Card,2330,6,0
77268.11,Money Transfer,UPI,2389,6,1
901.32,Online Purchase,Debit Card,32,8,0
58182.89,Money Transfer,Credit Card,2427,3,0
87300.66,Money Transfer,Net Banking,333,9,1
88902.81,Money Transfer,Credit Card,2189,7,0
19373.45,Cash Withdrawal,UPI,12,1,0
143269.21,Cash Withdrawal,UPI,1871,6,0
15471.67,Online Purchase,Net Banking,1801,10,0
112435.06,Money Transfer,Net Banking,538,4,1
13067.52,Money Transfer,Debit Card,689,8,1
119419.77,Cash Withdrawal,Net Banking,1381,1,0
73436.33,Online Purchase,Debit Card,342,9,0
69187.46,Bill Payment,Debit Card,474,3,0
107007.62,Cash Withdrawal,Net Banking,747,5,1
37131.0,Cash Withdrawal,Net Banking,1516,1,0
77849.44,Money Transfer,UPI,1792,6,0
50700.47,Cash Withdrawal,Debit Card,2442,1,0
70373.35,Bill Payment,UPI,2191,3,0
80297.16,Money Transfer,UPI,498,3,0
3621.51,Money Transfer,UPI,1648,0,0
46743.62,Cash Withdrawal,Net Banking,1335,7,0
111760.72,Cash Withdrawal,UPI,1248,4,1
17323.56,Cash Withdrawal,Debit Card,2285,10,1
113745.82,Bill Payment,UPI,2090,8,0
143764.69,Bill Payment,Credit Card,1440,0,1
9862.15,Online Purchase,Debit Card,1272,10,1
8177.61,Cash Withdrawal,UPI,1713,9,0
64381.65,Money Transfer,Net Banking,1092,4,1
73844.56,Money Transfer,UPI,356,2,0
35829.34,Money Transfer,UPI,358,0,0
116502.67,Money Transfer,Net Banking,1727,6,1
114688.59,Online Purchase,Net Banking,2044,10,1
35522.97,Money Transfer,Debit Card,1540,7,0
73100.25,Bill Payment,UPI,389,0,0
134409.35,Bill Payment,Debit Card,2398,7,0
112427.11,Online Purchase,Debit Card,226,0,1
137575.4,Bill Payment,Credit Card,1006,5,0
76720.19,Cash Withdrawal,Credit Card,1990,3,0
138147.4,Online Purchase,Debit Card,327,10,1
59667.48,Bill Payment,Net Banking,1474,1,0
75283.85,Bill Payment,Net Banking,2084,8,1
135903.77,Cash Withdrawal,UPI,1433,8,1
108826.19,Bill Payment,Net Banking,2380,7,1
43911.7,Online Purchase,Net Banking,2465,4,0
97131.2,Online Purchase,Net Banking,2413,2,0
95828.69,Bill Payment,Credit Card,85,8,0
144415.2,Money Transfer,Debit Card,2021,10,1
59716.59,Cash Withdrawal,UPI,599,0,1
28173.96,Cash Withdrawal,UPI,248,10,1
7549.86,Bill Payment,Debit Card,1072,1,0
113260.42,Online Purchase,Net Banking,1668,5,0
149768.16,Money Transfer,Debit Card,1382,2,0
42406.69,Bill Payment,Net Banking,1791,0,0
148427.02,Cash Withdrawal,Credit Card,125,8,1
146192.78,Money Transfer,Net Banking,221,4,0
30980.58,Cash Withdrawal,Net Banking,1632,1,0
112682.43,Cash Withdrawal,Net Banking,2011,6,1
142480.4,Money Transfer,UPI,1229,10,1
112617.66,Bill Payment,Debit Card,494,5,0
140182.05,Money Transfer,UPI,2288,10,1
87948.06,Bill Payment,Debit Card,272,2,0
136846.5,Online Purchase,UPI,2364,0,1
145859.39,Online Purchase,Debit Card,1146,1,0
67729.39,Money Transfer,Net Banking,1031,2,0
119753.09,Money Transfer,Debit Card,318,3,1
95061.47,Bill Payment,Credit Card,1198,10,1
120301.45,Cash Withdrawal,Net Banking,666,1,0
117571.27,Cash Withdrawal,UPI,578,10,1
14872.07,Online Purchase,Net Banking,557,7,0
81343.1,Money Transfer,Credit Card,1396,1,0
115017.6,Online Purchase,Net Banking,2325,6,1
33814.35,Bill Payment,Credit Card,1125,9,1
12136.19,Cash Withdrawal,UPI,378,9,0
25837.82,Online Purchase,UPI,1438,7,1
63674.48,Cash Withdrawal,Net Banking,668,3,0
55868.09,Cash Withdrawal,Net Banking,396,10,0
69519.84,Money Transfer,Credit Card,2357,9,1
29325.97,Online Purchase,Net Banking,1556,7,1
129414.01,Cash Withdrawal,Credit Card,6,2,1
65839.26,Cash Withdrawal,Debit Card,1134,4,1
66423.97,Bill Payment,Debit Card,1,0,1
81810.28,Online Purchase,Net Banking,1175,6,0
51138.9,Bill Payment,Credit Card,2214,6,0
109914.32,Bill Payment,Net Banking,1114,9,1
104846.7,Online Purchase,Debit Card,2382,2,1
82980.92,Cash Withdrawal,Net Banking,105,10,0
70618.58,Bill Payment,Net Banking,2177,5,0
43113.34,Cash Withdrawal,Net Banking,1329,3,1
21582.43,Cash Withdrawal,UPI,841,0,0
16832.53,Money Transfer,Debit Card,710,5,0
55659.2,Bill Payment,Credit Card,566,2,0
45955.75,Money Transfer,UPI,13,9,1
135904.09,Bill Payment,Net Banking,952,1,1
85559.47,Cash Withdrawal,Net Banking,727,2,0
38060.19,Cash Withdrawal,Net Banking,10,3,0
22917.91,Online Purchase,Net Banking,288,0,0
38334.65,Cash Withdrawal,UPI,464,10,0
88171.77,Cash Withdrawal,Net Banking,2471,3,0
113549.33,Money Transfer,Debit Card,1007,8,1
29468.24,Cash Withdrawal,Net Banking,2269,8,1
107986.21,Cash Withdrawal,Debit Card,1416,8,1
67167.04,Cash Withdrawal,Credit Card,1552,5,1
21393.4,Bill Payment,Credit Card,2012,10,0
106654.95,Money Transfer,Net Banking,2226,7,1
94807.26,Money Transfer,Credit Card,2375,9,1
56597.4,Bill Payment,Net Banking,125,10,1
31370.88,Bill Payment,Debit Card,2435,9,0
8721.29,Cash Withdrawal,Net Banking,631,2,0
94713.55,Money Transfer,Credit Card,232,7,1
68590.5,Cash Withdrawal,Net Banking,1816,10,0
105213.9,Cash Withdrawal,Credit Card,2183,1,0
6906.5,Cash Withdrawal,UPI,1763,8,0
86166.44,Money Transfer,Debit Card,136,5,1
72937.56,Online Purchase,Net Banking,647,4,1
17690.57,Money Transfer,Debit Card,621,4,0
103969.02,Cash Withdrawal,Debit Card,1596,5,1
80528.24,Online Purchase,Net Banking,1612,1,1
87090.07,Online Purchase,Net Banking,976,5,0
27454.87,Cash Withdrawal,Net Banking,836,9,0
71422.36,Money Transfer,Net Banking,2144,5,1
69814.69,Bill Payment,Debit Card,2082,10,0
53300.87,Online Purchase,Credit Card,2372,9,0
136953.92,Cash Withdrawal,Net Banking,2329,2,0
146390.54,Bill Payment,Credit Card,1339,1,0
92489.76,Bill Payment,Net Banking,916,5,0
73217.32,Bill Payment,Debit Card,1176,5,1
57317.31,Bill Payment,Net Banking,411,0,0
108267.52,Cash Withdrawal,Net Banking,584,2,1
104675.32,Bill Payment,Net Banking,347,5,0
35617.71,Online Purchase,Credit Card,606,7,1
69086.14,Bill Payment,Credit Card,1951,6,0
147544.62,Cash Withdrawal,Net Banking,2307,3,0
103812.77,Bill Payment,Credit Card,1033,5,1
83157.96,Online Purchase,Credit Card,1782,8,0
10648.86,Online Purchase,Net Banking,1401,0,0
60441.2,Online Purchase,UPI,1499,8,0
52024.06,Money Transfer,Debit Card,589,4,1
53452.7,Cash Withdrawal,UPI,749,3,1
14477.89,Bill Payment,UPI,344,3,0
116064.83,Bill Payment,Credit Card,1832,6,1
29941.34,Online Purchase,Debit Card,2260,1,0
87611.47,Online Purchase,Net Banking,55,5,0
101104.1,Cash Withdrawal,UPI,267,0,0
123351.12,Money Transfer,Net Banking,459,10,1
121193.58,Cash Withdrawal,UPI,169,8,1
9670.6,Money Transfer,Credit Card,1540,9,0
34457.36,Money Transfer,Credit Card,1129,5,1
66176.72,Cash Withdrawal,Debit Card,2070,9,0
35261.66,Money Transfer,UPI,232,5,1
75418.52,Online Purchase,UPI,1571,0,0
28548.48,Online Purchase,Credit Card,614,10,1
39474.8,Bill Payment,Net Banking,1336,4,0
82788.15,Bill Payment,UPI,64,9,0
81587.64,Cash Withdrawal,UPI,1261,7,1
115638.33,Cash Withdrawal,Credit Card,1527,4,1
45977.37,Cash Withdrawal,Credit Card,1378,6,0
33833.3,Online Purchase,UPI,1608,0,0
149890.77,Bill Payment,Net Banking,443,5,1
14698.61,Money Transfer,UPI,216,6,0
56308.71,Cash Withdrawal,Net Banking,227,5,1
52401.18,Online Purchase,UPI,1527,7,1
72756.56,Money Transfer,Net Banking,2347,3,0
139019.3,Bill Payment,Net Banking,1092,3,0
131463.57,Online Purchase,Debit Card,1334,2,1
118632.05,Cash Withdrawal,Credit Card,2427,1,1
68389.8,Bill Payment,Net Banking,292,4,1
101368.89,Money Transfer,Debit Card,331,1,1
94888.64,Online Purchase,Debit Card,1790,10,1
101093.6,Money Transfer,Net Banking,1844,3,0
139777.55,Online Purchase,Debit Card,1022,0,0
147426.05,Money Transfer,Credit Card,1078,5,0
37558.59,Online Purchase,Debit Card,1265,6,1
29493.43,Money Transfer,Net Banking,1083,10,1
54723.9,Bill Payment,Net Banking,2263,6,1
79768.24,Bill Payment,Credit Card,129,0,0
136122.14,Bill Payment,Debit Card,2231,1,1
124842.76,Online Purchase,Credit Card,1287,4,1
81570.42,Bill Payment,Net Banking,2214,1,0
7493.58,Cash Withdrawal,Net Banking,1122,9,0
137969.78,Bill Payment,Credit Card,1424,10,1
95226.83,Online Purchase,UPI,1111,6,1
133301.89,Bill Payment,UPI,453,7,1
658.96,Cash Withdrawal,UPI,1700,2,0
58694.2,Bill Payment,UPI,1285,10,1
116613.85,Cash Withdrawal,Debit Card,2039,7,1
54150.52,Bill Payment,Credit Card,691,10,1
42307.76,Money Transfer,Debit Card,2299,1,0
27232.71,Cash Withdrawal,Net Banking,1104,8,0
92124.1,Online Purchase,Net Banking,397,4,1
24109.67,Money Transfer,Net Banking,893,5,0
9064.73,Bill Payment,Debit Card,823,1,0
12401.49,Money Transfer,Credit Card,807,5,0
122303.0,Cash Withdrawal,Credit Card,672,7,1
71275.72,Bill Payment,UPI,1869,9,0
66897.63,Money Transfer,Debit Card,452,7,0
11513.84,Cash Withdrawal,Debit Card,697,5,0
51234.66,Bill Payment,Debit Card,493,3,0
112716.25,Cash Withdrawal,UPI,62,8,1
67103.07,Online Purchase,Net Banking,800,9,1
86248.47,Cash Withdrawal,Credit Card,1996,5,1
65949.3,Online Purchase,Net Banking,511,8,0
111142.05,Bill Payment,Debit Card,1347,1,1
5733.34,Bill Payment,UPI,1368,5,1
134695.44,Money Transfer,UPI,428,5,0
77129.4,Cash Withdrawal,Debit Card,1275,8,1
10094.25,Cash Withdrawal,Credit Card,1850,0,0
97547.54,Cash Withdrawal,UPI,2486,1,0
48881.24,Money Transfer,Net Banking,1432,2,1
122867.85,Cash Withdrawal,Credit Card,1131,6,0
16465.5,Bill Payment,Credit Card,1437,7,1
71328.03,Bill Payment,Credit Card,364,3,1
94430.58,Online Purchase,Credit Card,24,7,1
56213.37,Online Purchase,UPI,1413,1,0
53829.12,Bill Payment,UPI,1339,8,0
81440.96,Money Transfer,Net Banking,2249,0,0
70103.18,Cash Withdrawal,Net Banking,320,8,1
38660.48,Online Purchase,Net Banking,2216,4,0
128653.56,Money Transfer,Debit Card,96,9,1
68405.66,Online Purchase,UPI,1578,4,1
580.65,Online Purchase,Credit Card,1547,10,1
53706.88,Online Purchase,Credit Card,2096,1,0
71963.3,Money Transfer,Credit Card,117,2,0
123638.15,Money Transfer,Debit Card,1872,2,1
117346.99,Money Transfer,Net Banking,1328,0,1
31210.39,Cash Withdrawal,Credit Card,1360,9,1
69702.61,Bill Payment,Debit Card,1341,2,1
113667.33,Bill Payment,UPI,2416,3,1
119091.52,Bill Payment,Debit Card,2308,7,0
115353.23,Bill Payment,Credit Card,798,10,1
121422.03,Cash Withdrawal,UPI,595,6,1
57038.72,Online Purchase,Credit Card,2499,8,1
68812.9,Cash Withdrawal,UPI,46,5,1
98243.3,Money Transfer,Credit Card,1585,4,1
10422.35,Online Purchase,Debit Card,1779,5,0
107606.09,Money Transfer,UPI,1182,2,1
6418.03,Money Transfer,Debit Card,686,3,0
30626.48,Cash Withdrawal,Debit Card,2203,10,0
138576.8,Bill Payment,UPI,2304,9,1
48973.2,Cash Withdrawal,UPI,1992,5,1
40690.34,Cash Withdrawal,Net Banking,1456,6,0
15409.93,Bill Payment,Net Banking,827,8,1
73618.87,Cash Withdrawal,UPI,1860,0,1
110305.52,Online Purchase,Debit Card,523,10,1
33752.47,Cash Withdrawal,UPI,862,10,0
117796.18,Money Transfer,Credit Card,1235,4,1
32250.86,Bill Payment,UPI,1359,7,0
76021.43,Money Transfer,Net Banking,2132,3,0
19166.47,Money Transfer,UPI,1173,3,1
128582.01,Bill Payment,Debit Card,1392,2,0
52860.59,Cash Withdrawal,Debit Card,1174,6,1
127490.58,Cash Withdrawal,Debit Card,1048,7,1
53754.9,Bill Payment,Net Banking,432,0,0
99702.97,Online Purchase,Credit Card,874,0,1
133534.2,Money Transfer,Debit Card,2385,5,0
16080.76,Online Purchase,Net Banking,2443,8,1
28735.37,Bill Payment,UPI,405,4,0
140328.29,Cash Withdrawal,Debit Card,546,6,0
112005.02,Online Purchase,UPI,1082,5,1
71273.29,Bill Payment,Credit Card,1093,5,1
92718.53,Cash Withdrawal,Net Banking,2023,8,1
4932.9,Online Purchase,Credit Card,1446,9,1
26873.84,Bill Payment,Debit Card,802,2,0
59047.32,Bill Payment,UPI,1101,6,0
6189.37,Money Transfer,Net Banking,2305,3,1
131470.38,Bill Payment,Net Banking,340,9,1
26480.66,Online Purchase,UPI,1202,5,0
68165.16,Cash Withdrawal,Net Banking,663,10,1
131933.77,Money Transfer,UPI,1760,4,1
101418.31,Money Transfer,Credit Card,2188,6,1
146734.91,Bill Payment,Credit Card,1974,8,1
140704.93,Cash Withdrawal,Debit Card,2149,1,0
149728.64,Online Purchase,UPI,2302,10,1
58377.58,Money Transfer,Debit Card,342,9,0
1416.03,Money Transfer,UPI,373,5,0
74216.55,Bill Payment,Net Banking,892,7,1
30734.52,Money Transfer,Net Banking,141,2,0
122259.33,Cash Withdrawal,Net Banking,1780,8,1
133146.83,Bill Payment,UPI,871,1,1
24318.74,Online Purchase,Credit Card,1660,5,0
113203.4,Bill Payment,UPI,1891,3,0
140237.98,Bill Payment,UPI,824,1,1
53114.62,Cash Withdrawal,Credit Card,186,3,0
149743.29,Money Transfer,Net Banking,1354,9,1
83627.98,Bill Payment,Net Banking,2498,7,0
148299.73,Bill Payment,Debit Card,1048,2,1
39335.46,Bill Payment,UPI,685,1,0
106109.45,Cash Withdrawal,Credit Card,1738,2,0
114214.01,Online Purchase,Credit Card,1117,0,0
130932.94,Online Purchase,UPI,509,4,0
43842.36,Bill Payment,Credit Card,2288,5,1
11971.07,Money Transfer,UPI,1963,10,1
24315.99,Cash Withdrawal,Debit Card,1699,4,1
27475.63,Cash Withdrawal,UPI,1853,2,0
40114.48,Money Transfer,Debit Card,1169,5,1
139235.26,Cash Withdrawal,Credit Card,1185,2,1
80576.58,Online Purchase,Net Banking,1160,10,1
55175.04,Money Transfer,Net Banking,2163,10,1
93898.77,Cash Withdrawal,Net Banking,2061,2,1
14774.77,Online Purchase,Debit Card,625,4,0
115406.58,Cash Withdrawal,Credit Card,1064,2,0
80580.84,Cash Withdrawal,Credit Card,662,0,0
126325.53,Online Purchase,Net Banking,1012,5,0
15317.21,Bill Payment,Credit Card,307,7,0
32062.39,Online Purchase,Net Banking,225,2,0
52607.89,Money Transfer,Debit Card,2044,9,1
79754.45,Online Purchase,UPI,966,7,0
138162.41,Cash Withdrawal,Debit Card,1507,3,0
73902.21,Online Purchase,Credit Card,1325,3,1
3819.35,Money Transfer,Debit Card,1379,6,0
121199.1,Bill Payment,Net Banking,1030,1,1
135945.22,Online Purchase,Credit Card,1462,1,0
75522.57,Bill Payment,UPI,647,2,0
64910.41,Online Purchase,UPI,1240,3,1
132088.83,Online Purchase,Debit Card,1275,9,1
11503.52,Cash Withdrawal,UPI,803,6,0
13284.96,Cash Withdrawal,UPI,1716,3,0
112058.64,Bill Payment,UPI,692,2,0
95872.93,Money Transfer,Debit Card,1332,10,1
46388.12,Bill Payment,Debit Card,2440,7,0
85262.1,Bill Payment,Net Banking,1456,7,0
82512.18,Money Transfer,UPI,723,1,0
74480.12,Cash Withdrawal,UPI,27,6,1
21635.63,Online Purchase,UPI,1151,0,0
39267.33,Cash Withdrawal,Debit Card,35,7,0
2278.73,Cash Withdrawal,Debit Card,581,7,0
143799.01,Bill Payment,Credit Card,1036,1,0
101396.64,Money Transfer,Net Banking,2479,10,1
123187.86,Cash Withdrawal,UPI,685,7,0
109580.35,Money Transfer,Net Banking,1072,10,1
42806.68,Cash Withdrawal,Net Banking,1713,8,0
115193.98,Cash Withdrawal,Net Banking,1253,6,1
128340.63,Money Transfer,Net Banking,2441,8,1
29253.01,Online Purchase,Debit Card,845,3,0
92295.86,Money Transfer,Credit Card,1853,0,1
142504.79,Cash Withdrawal,Credit Card,2470,9,1
44561.89,Bill Payment,Credit Card,2213,5,1
110237.92,Bill Payment,Net Banking,505,6,0
119453.04,Bill Payment,UPI,616,6,1
62867.8,Money Transfer,Debit Card,2056,7,0
106632.93,Online Purchase,UPI,347,0,0
57116.37,Online Purchase,UPI,696,9,0
23787.81,Bill Payment,Net Banking,2162,9,1
82119.47,Bill Payment,Credit Card,1735,9,1
8321.49,Money Transfer,UPI,1977,1,1
7485.0,Cash Withdrawal,Debit Card,101,10,1
35229.98,Bill Payment,UPI,399,10,1
93956.52,Online Purchase,Net Banking,625,2,1
118430.78,Money Transfer,UPI,2267,2,1
86494.07,Bill Payment,Credit Card,433,1,0
94008.61,Cash Withdrawal,Net Banking,998,8,0
68714.02,Money Transfer,Net Banking,2259,7,1
65697.94,Money Transfer,Debit Card,1604,0,0
107169.97,Money Transfer,Debit Card,2430,6,0
113719.48,Cash Withdrawal,UPI,427,4,1
39106.72,Cash Withdrawal,UPI,1883,4,1
134768.8,Money Transfer,Credit Card,1566,8,1
101423.1,Bill Payment,Credit Card,2407,8,1
21269.54,Money Transfer,Credit Card,258,3,1
805.65,Bill Payment,Debit Card,895,9,1
43507.52,Online Purchase,Credit Card,310,10,0
61590.62,Money Transfer,Credit Card,1383,0,0
112980.96,Bill Payment,UPI,217,4,1
127051.34,Money Transfer,Net Banking,397,9,1
83811.55,Online Purchase,Debit Card,2131,4,0
97514.06,Online Purchase,Net Banking,355,10,1
32044.19,Cash Withdrawal,Debit Card,1119,0,0
78982.22,Bill Payment,Credit Card,1753,3,1
75939.84,Money Transfer,Net Banking,58,5,1
99743.18,Online Purchase,Credit Card,995,7,1
23894.51,Cash Withdrawal,UPI,2462,4,1
49012.74,Bill Payment,Debit Card,2157,5,1
64802.63,Bill Payment,Net Banking,2118,1,0
17881.2,Bill Payment,UPI,1777,6,0
41277.4,Cash Withdrawal,Credit Card,779,2,0
93003.69,Online Purchase,Credit Card,729,9,0
140991.29,Bill Payment,Credit Card,404,8,1
12274.38,Online Purchase,Credit Card,385,4,0
19833.36,Bill Payment,Debit Card,1384,10,0
145752.9,Money Transfer,Credit Card,399,4,0
80723.83,Money Transfer,Debit Card,1379,6,1
12328.9,Cash Withdrawal,Net Banking,1619,0,0
14352.56,Money Transfer,Net Banking,2166,10,0
41270.38,Cash Withdrawal,Net Banking,368,8,1
92391.11,Money Transfer,UPI,2043,10,0
112101.03,Bill Payment,Credit Card,52,10,1
111332.09,Bill Payment,Net Banking,953,0,0
83257.2,Money Transfer,Debit Card,387,3,1
11886.26,Bill Payment,Debit Card,1275,10,0
13944.33,Bill Payment,Debit Card,86,4,0
46439.18,Cash Withdrawal,UPI,601,5,0
33237.63,Online Purchase,Credit Card,375,9,0
78940.54,Money Transfer,Debit Card,1134,5,1
38822.16,Bill Payment,Credit Card,355,3,0
32250.08,Cash Withdrawal,Net Banking,1599,1,0
58125.24,Online Purchase,Net Banking,1647,8,0
128235.24,Bill Payment,Debit Card,127,9,1
19059.11,Bill Payment,Credit Card,2097,1,0
86156.59,Money Transfer,Debit Card,1151,4,0
8457.31,Bill Payment,Net Banking,583,4,0
69234.88,Online Purchase,Debit Card,2338,6,0
97553.87,Cash Withdrawal,Debit Card,105,9,1
1240.58,Bill Payment,UPI,449,7,0
23719.81,Money Transfer,Credit Card,118,1,0
104843.47,Cash Withdrawal,Net Banking,2159,6,1
65737.41,Online Purchase,UPI,2273,9,1
51939.13,Bill Payment,Credit Card,1249,7,1
129678.78,Bill Payment,Net Banking,362,2,0
47712.71,Bill Payment,Net Banking,1140,1,0
47397.54,Cash Withdrawal,Net Banking,1875,1,0
115981.58,Online Purchase,Credit Card,487,2,1
74172.93,Online Purchase,Credit Card,1383,10,1
85050.96,Bill Payment,Net Banking,2010,10,0
27946.04,Cash Withdrawal,Debit Card,1481,5,1
69118.04,Online Purchase,UPI,116,3,1
130775.83,Bill Payment,Credit Card,2113,6,1
64724.07,Money Transfer,Credit Card,1036,3,1
21844.82,Cash Withdrawal,UPI,889,2,0
18668.53,Online Purchase,Credit Card,985,3,0
81665.55,Money Transfer,Credit Card,2315,0,1
7211.17,Cash Withdrawal,Net Banking,1412,8,1
110331.4,Online Purchase,Credit Card,1246,0,0
64954.47,Online Purchase,Debit Card,1442,7,0
5687.64,Online Purchase,UPI,231,2,0
69196.66,Online Purchase,UPI,1602,3,0
128825.61,Online Purchase,Debit Card,2137,6,0
79641.57,Money Transfer,Net Banking,546,6,0
142326.04,Online Purchase,Net Banking,795,6,0
100798.15,Cash Withdrawal,Credit Card,1866,7,1
89699.19,Bill Payment,Debit Card,1576,9,1
128205.79,Cash Withdrawal,Credit Card,1085,1,0
38747.6,Money Transfer,Net Banking,1935,0,0
118909.15,Cash Withdrawal,UPI,1385,0,1
24539.24,Bill Payment,Credit Card,2227,8,0
123191.39,Cash Withdrawal,Net Banking,2116,9,1
129605.27,Online Purchase,Debit Card,2352,1,0
30215.13,Cash Withdrawal,Credit Card,1796,4,0
12195.81,Money Transfer,Credit Card,415,3,0
93550.54,Bill Payment,Debit Card,2262,2,0
114663.61,Online Purchase,UPI,69,4,1
46862.8,Cash Withdrawal,Debit Card,1466,7,0
27826.02,Cash Withdrawal,Debit Card,1973,3,0
75282.46,Online Purchase,Debit Card,1253,5,0
46551.95,Bill Payment,Debit Card,732,1,0
141253.1,Online Purchase,UPI,1213,9,1
62847.0,Cash Withdrawal,Net Banking,771,0,0
70890.8,Online Purchase,Credit Card,2340,9,0
145735.72,Bill Payment,Net Banking,1827,6,1
2976.54,Bill Payment,Credit Card,380,0,0
126010.3,Cash Withdrawal,Debit Card,1305,7,0
20035.91,Online Purchase,Credit Card,584,8,1
68099.42,Bill Payment,UPI,96,0,0
114797.32,Bill Payment,UPI,302,5,1
126440.17,Cash Withdrawal,Debit Card,170,5,0
134407.13,Cash Withdrawal,UPI,1777,2,0
135778.02,Money Transfer,Credit Card,671,1,1
81147.35,Money Transfer,Debit Card,2312,0,0
68976.61,Online Purchase,Debit Card,1959,6,0
4427.88,Cash Withdrawal,Debit Card,20,10,0
22983.32,Bill Payment,Debit Card,577,3,0
133686.03,Cash Withdrawal,UPI,1723,7,1
138608.78,Cash Withdrawal,Net Banking,2234,5,1
28016.92,Online Purchase,UPI,2070,4,1
97465.63,Online Purchase,Net Banking,1808,5,0
95072.11,Bill Payment,Net Banking,1412,8,1
112497.61,Bill Payment,Net Banking,1226,5,1
104360.1,Money Transfer,UPI,564,7,1
39878.13,Money Transfer,UPI,374,6,0
27620.1,Cash Withdrawal,Debit Card,1337,1,0
70091.43,Cash Withdrawal,Debit Card,1064,10,1
42768.81,Cash Withdrawal,Net Banking,1808,4,0
61197.48,Money Transfer,Net Banking,317,0,1
78628.71,Cash Withdrawal,Debit Card,2037,7,0
142348.51,Online Purchase,Net Banking,2210,8,0
100514.55,Cash Withdrawal,UPI,716,0,1
105465.4,Bill Payment,Net Banking,2192,4,1
21721.79,Online Purchase,Net Banking,858,4,0
49635.86,Cash Withdrawal,UPI,465,5,0
19982.61,Bill Payment,Credit Card,957,8,1
92401.73,Cash Withdrawal,Credit Card,2178,6,0
64138.62,Online Purchase,UPI,1789,6,0
117521.82,Online Purchase,Net Banking,58,5,1
92150.98,Cash Withdrawal,Credit Card,439,5,1
130072.67,Money Transfer,Net Banking,1263,1,0
39518.11,Cash Withdrawal,UPI,1372,2,0
140282.58,Bill Payment,Net Banking,2299,7,0
145216.82,Money Transfer,UPI,470,6,1
21022.1,Money Transfer,Debit Card,1897,1,1
97911.23,Online Purchase,Credit Card,587,1,0
90153.89,Online Purchase,Credit Card,2186,4,1
102897.0,Bill Payment,UPI,1830,10,1
43587.94,Money Transfer,Debit Card,2296,2,0
91003.06,Money Transfer,Debit Card,272,8,0
95223.54,Cash Withdrawal,Net Banking,2377,4,0
37420.02,Online Purchase,UPI,1598,9,0
113107.39,Money Transfer,Debit Card,2366,7,0
76620.21,Bill Payment,Net Banking,581,7,1
97206.72,Cash Withdrawal,Credit Card,589,4,0
58916.73,Bill Payment,UPI,2310,8,0
108968.04,Online Purchase,Net Banking,1636,0,0
70158.91,Money Transfer,Credit Card,1707,2,0
63910.67,Cash Withdrawal,UPI,2057,8,0
88579.13,Cash Withdrawal,Debit Card,1097,4,0
58387.11,Money Transfer,Credit Card,583,8,1
119523.98,Online Purchase,Debit Card,1879,4,1
102852.9,Online Purchase,Credit Card,328,2,1
27332.19,Online Purchase,UPI,395,2,0
76220.65,Online Purchase,Debit Card,1570,8,1
48773.41,Online Purchase,Net Banking,1360,2,0
73334.38,Online Purchase,Net Banking,2041,7,1
92211.91,Online Purchase,Debit Card,721,2,0
64693.65,Cash Withdrawal,Debit Card,1176,7,0
43111.45,Money Transfer,Net Banking,1916,4,0
46505.58,Bill Payment,Debit Card,318,0,0
148383.32,Money Transfer,Debit Card,951,8,0
121225.08,Bill Payment,Debit Card,1830,6,0
72217.57,Online Purchase,UPI,2245,5,0
11665.97,Cash Withdrawal,UPI,1398,9,0
62992.88,Money Transfer,Debit Card,1112,3,1
20515.04,Online Purchase,Debit Card,1458,5,0
75322.83,Money Transfer,Debit Card,844,0,0
18011.17,Online Purchase,Debit Card,1352,7,1
61943.19,Online Purchase,Net Banking,2041,9,0
109601.93,Money Transfer,UPI,1039,5,1
123875.78,Cash Withdrawal,UPI,2468,7,1
34660.62,Online Purchase,UPI,1701,8,0
31712.44,Online Purchase,Debit Card,1223,2,0
44421.54,Cash Withdrawal,Debit Card,2343,4,0
79295.35,Bill Payment,Debit Card,408,0,0
2282.97,Bill Payment,UPI,2063,7,1
28641.61,Money Transfer,Net Banking,1434,0,0
73682.28,Online Purchase,Debit Card,1593,4,1
111910.59,Money Transfer,Debit Card,2252,7,0
139409.18,Online Purchase,Net Banking,1022,6,0
140072.35,Bill Payment,Net Banking,172,6,0
123666.68,Online Purchase,Credit Card,2307,6,1
122620.69,Money Transfer,Debit Card,1416,6,1
87214.5,Online Purchase,Debit Card,300,1,0
132412.34,Cash Withdrawal,Credit Card,181,0,1
130815.16,Money Transfer,Debit Card,226,5,1
112495.0,Online Purchase,Debit Card,2359,5,1
114974.05,Online Purchase,UPI,1740,6,1
67102.99,Online Purchase,Credit Card,1172,7,0
27284.57,Cash Withdrawal,UPI,2316,9,0
115368.23,Cash Withdrawal,Debit Card,2326,0,0
62865.28,Online Purchase,Net Banking,2110,8,0
75448.54,Cash Withdrawal,Net Banking,159,2,0
137962.77,Online Purchase,Net Banking,82,3,0
52322.97,Money Transfer,UPI,1394,0,0
145092.48,Money Transfer,Debit Card,1897,0,0
104279.97,Bill Payment,Debit Card,1128,1,0
141564.99,Bill Payment,UPI,1767,4,1
62410.92,Cash Withdrawal,Net Banking,1042,6,0
140693.93,Bill Payment,Debit Card,2069,4,1
856.56,Online Purchase,Credit Card,868,7,1
67157.23,Bill Payment,Net Banking,400,0,0
36113.65,Money Transfer,Debit Card,740,2,0
108558.02,Money Transfer,Debit Card,1970,6,0
135544.72,Money Transfer,Debit Card,964,4,1
17429.36,Bill Payment,Credit Card,1929,7,0
69326.77,Cash Withdrawal,Net Banking,322,0,0
7664.43,Online Purchase,UPI,2452,1,0
18474.91,Cash Withdrawal,Debit Card,1099,7,0
35886.16,Money Transfer,Debit Card,1235,8,0
12877.77,Online Purchase,Debit Card,1617,9,0
58397.86,Money Transfer,Credit Card,1311,5,0
101443.56,Online Purchase,Credit Card,2062,7,1
115871.34,Cash Withdrawal,UPI,404,3,1
139353.38,Money Transfer,Debit Card,789,7,1
111325.03,Bill Payment,UPI,1050,6,1
95766.77,Online Purchase,Credit Card,812,10,1
36758.49,Bill Payment,UPI,448,8,0
26627.22,Money Transfer,Debit Card,1651,4,0
68090.21,Online Purchase,Net Banking,1839,3,1
130577.9,Online Purchase,Credit Card,194,6,1
60304.23,Bill Payment,UPI,2315,7,1
70999.95,Money Transfer,Credit Card,156,8,1
58271.38,Cash Withdrawal,Net Banking,1285,6,0
138646.51,Online Purchase,Net Banking,91,4,1
65105.03,Cash Withdrawal,Credit Card,1473,6,1
126133.9,Online Purchase,Debit Card,2256,9,1
13134.34,Online Purchase,Net Banking,1283,8,0
32984.16,Money Transfer,Credit Card,2397,7,1
148296.55,Cash Withdrawal,Debit Card,463,4,1
147291.96,Money Transfer,Net Banking,2372,1,0
60702.9,Cash Withdrawal,UPI,1617,8,1
37625.86,Bill Payment,UPI,2423,6,0
100158.78,Money Transfer,Debit Card,118,6,0
115195.85,Money Transfer,UPI,1406,8,1
8265.15,Money Transfer,UPI,2191,0,0
106224.31,Cash Withdrawal,UPI,1662,10,0
36917.37,Bill Payment,Credit Card,161,8,0
126437.64,Bill Payment,Debit Card,350,9,0
135473.57,Cash Withdrawal,Debit Card,1855,7,1
31535.19,Online Purchase,Net Banking,2388,10,0
28267.95,Online Purchase,Credit Card,1582,10,0
134800.71,Cash Withdrawal,Net Banking,385,1,1
42745.09,Money Transfer,Credit Card,2013,3,0
74766.06,Bill Payment,Net Banking,1072,1,0
92040.11,Bill Payment,Credit Card,74,0,1
2402.73,Online Purchase,Debit Card,979,0,0
103118.74,Money Transfer,Credit Card,1132,8,1
38364.3,Online Purchase,Credit Card,384,3,0
115643.07,Money Transfer,Credit Card,1456,10,1
129674.36,Online Purchase,Debit Card,1910,7,0
40058.37,Money Transfer,Net Banking,1723,4,0
11417.45,Bill Payment,Net Banking,2298,9,0
56058.23,Money Transfer,Debit Card,1627,5,0
66524.98,Cash Withdrawal,Credit Card,2419,1,0
69261.74,Online Purchase,Debit Card,2495,0,0
118273.68,Money Transfer,Debit Card,1540,5,1
85027.91,Cash Withdrawal,Credit Card,556,6,1
102557.79,Online Purchase,Net Banking,2352,9,0
109333.13,Cash Withdrawal,Net Banking,110,10,0
121792.63,Cash Withdrawal,Net Banking,1455,7,0
118708.95,Cash Withdrawal,UPI,2446,7,1
143029.34,Cash Withdrawal,Net Banking,1777,7,1
99839.93,Online Purchase,Credit Card,1894,5,1
122263.0,Money Transfer,Debit Card,1017,7,1
135142.08,Money Transfer,UPI,1916,4,1
138996.6,Money Transfer,Net Banking,2043,8,1
122406.75,Cash Withdrawal,Credit Card,1830,3,0
81739.17,Bill Payment,UPI,1650,0,0
113315.17,Money Transfer,Credit Card,1884,3,1
37356.86,Online Purchase,UPI,2106,7,0
87609.77,Online Purchase,Debit Card,641,9,0
52042.83,Cash Withdrawal,Net Banking,893,0,0
80668.2,Cash Withdrawal,Credit Card,1797,9,0
108869.6,Online Purchase,Net Banking,522,3,0
97419.35,Bill Payment,UPI,921,4,1
11902.53,Cash Withdrawal,UPI,1861,0,0
145739.09,Bill Payment,Net Banking,1999,1,1
66032.85,Money Transfer,UPI,2498,8,1
124326.07,Cash Withdrawal,Debit Card,1049,3,1
124572.84,Online Purchase,UPI,428,6,0
94707.93,Cash Withdrawal,Net Banking,732,4,1
91067.64,Money Transfer,Net Banking,233,1,0
37064.15,Online Purchase,UPI,1631,6,0
9547.3,Online Purchase,Net Banking,487,7,1
40237.74,Bill Payment,Debit Card,185,7,0
136517.34,Online Purchase,Debit Card,707,1,1
148857.71,Cash Withdrawal,Credit Card,1283,0,1
46935.41,Online Purchase,Credit Card,1941,3,0
140747.44,Cash Withdrawal,UPI,361,4,1
141594.73,Bill Payment,UPI,1343,1,0
27575.19,Money Transfer,Debit Card,1394,5,0
62312.99,Bill Payment,Credit Card,1430,10,1
29088.48,Money Transfer,Net Banking,819,3,0
107276.07,Cash Withdrawal,UPI,79,0,0
44254.39,Money Transfer,UPI,735,5,0
315.84,Online Purchase,Net Banking,1499,3,0
69208.51,Cash Withdrawal,Net Banking,1750,10,0
72034.61,Online Purchase,Debit Card,1085,1,0
51392.21,Bill Payment,UPI,2243,6,1
87638.55,Bill Payment,Debit Card,1418,0,0
100331.07,Money Transfer,UPI,311,8,1
142133.17,Cash Withdrawal,Debit Card,2452,2,0
38698.66,Cash Withdrawal,UPI,403,3,0
68418.74,Online Purchase,Credit Card,1226,9,0
15645.85,Money Transfer,Net Banking,1148,3,0
39865.64,Cash Withdrawal,Credit Card,2499,8,1
120145.8,Online Purchase,UPI,200,9,1
57540.49,Money Transfer,Debit Card,2321,10,0
22794.78,Money Transfer,Net Banking,521,5,0
33082.34,Cash Withdrawal,UPI,2006,1,0
104186.76,Money Transfer,UPI,2351,1,1
115418.2,Money Transfer,Credit Card,109,6,1
35924.26,Online Purchase,Debit Card,697,4,0
62224.01,Online Purchase,Net Banking,1844,6,1
107323.41,Cash Withdrawal,Credit Card,2013,9,1
14323.54,Money Transfer,Debit Card,972,3,0
105503.5,Online Purchase,Debit Card,859,5,1
135872.34,Money Transfer,UPI,1769,2,0
81557.22,Cash Withdrawal,Debit Card,1275,5,0
95088.67,Bill Payment,Credit Card,2354,4,1
119026.7,Cash Withdrawal,Credit Card,1758,8,1
99962.14,Money Transfer,Credit Card,2197,10,1
42886.52,Money Transfer,Credit Card,1640,3,0
89724.07,Online Purchase,Debit Card,2143,6,0
42797.77,Cash Withdrawal,Debit Card,580,2,0
20944.15,Money Transfer,UPI,651,6,1
147742.96,Money Transfer,Net Banking,2099,1,1
37780.93,Bill Payment,UPI,559,8,0
141215.57,Bill Payment,Net Banking,1423,9,1
38798.82,Bill Payment,Credit Card,1814,6,0
41036.01,Online Purchase,Credit Card,1410,7,0
100192.51,Online Purchase,Net Banking,1318,2,0
32617.37,Money Transfer,Debit Card,1099,4,0
99447.38,Money Transfer,UPI,1533,1,0
88125.48,Bill Payment,Credit Card,2254,10,0
67490.03,Bill Payment,UPI,2024,2,0
117649.04,Bill Payment,Net Banking,114,6,1
52006.92,Online Purchase,Credit Card,1757,2,1
45183.11,Cash Withdrawal,Net Banking,512,4,0
42860.27,Cash Withdrawal,Debit Card,1155,8,1
144993.63,Cash Withdrawal,Credit Card,1428,2,0
130737.92,Money Transfer,Credit Card,1322,6,1
109248.26,Online Purchase,Debit Card,88,7,0
128068.91,Money Transfer,Debit Card,148,9,1
53527.01,Online Purchase,Credit Card,2431,4,0
29409.97,Bill Payment,UPI,2012,9,1
7541.02,Money Transfer,Net Banking,2380,2,0
143902.25,Online Purchase,Debit Card,1291,1,1
119310.97,Money Transfer,Debit Card,1963,9,1
119714.95,Bill Payment,Net Banking,2344,9,0
135048.31,Money Transfer,UPI,1027,3,1
118502.18,Money Transfer,Debit Card,700,4,1
765.62,Cash Withdrawal,Net Banking,132,0,0
115852.13,Online Purchase,Net Banking,434,5,1
57030.43,Bill Payment,Debit Card,1203,6,1
76562.98,Bill Payment,Debit Card,205,8,1
141915.67,Online Purchase,Debit Card,575,10,0
62555.43,Cash Withdrawal,Credit Card,89,9,1
107821.5,Bill Payment,UPI,449,1,0
16586.02,Online Purchase,Debit Card,1662,4,0
75172.95,Cash Withdrawal,Debit Card,1931,2,0
92088.85,Online Purchase,Credit Card,598,5,0
63968.39,Bill Payment,Debit Card,1103,3,0
147874.05,Cash Withdrawal,Net Banking,2009,1,1
146679.14,Money Transfer,UPI,2437,5,0
12350.0,Bill Payment,Net Banking,2035,0,0
147734.32,Online Purchase,Credit Card,952,5,1
60301.76,Money Transfer,UPI,609,1,0
70584.06,Money Transfer,UPI,46,5,0
13089.88,Bill Payment,Net Banking,1723,3,0
16622.1,Bill Payment,Debit Card,2220,7,1
16576.33,Bill Payment,UPI,598,1,0
135000.51,Bill Payment,UPI,2447,1,0
108808.66,Cash Withdrawal,UPI,2379,5,1
30872.81,Cash Withdrawal,Net Banking,1733,4,0
41861.7,Online Purchase,Debit Card,1846,4,1
114700.36,Online Purchase,Credit Card,2322,8,1
17649.69,Online Purchase,Credit Card,1679,3,0
27257.06,Bill Payment,Debit Card,651,6,0
39899.72,Bill Payment,Credit Card,2105,9,0
75213.82,Cash Withdrawal,UPI,1335,1,0
89757.35,Bill Payment,UPI,977,6,0
135459.23,Online Purchase,Debit Card,1105,5,1
38559.26,Money Transfer,Credit Card,1162,9,1
78724.4,Online Purchase,Credit Card,24,6,1
60169.07,Online Purchase,Debit Card,771,3,1
70648.67,Money Transfer,Net Banking,1577,4,1
137334.33,Money Transfer,Credit Card,1831,5,1
84632.52,Online Purchase,Net Banking,1140,0,0
9121.48,Cash Withdrawal,Credit Card,236,9,1
93614.68,Bill Payment,Credit Card,73,5,0
124465.01,Online Purchase,Net Banking,1345,3,0
43466.57,Bill Payment,UPI,1464,8,1
28312.76,Bill Payment,Net Banking,1578,5,0
84748.52,Money Transfer,UPI,1894,8,1
22250.55,Cash Withdrawal,Credit Card,30,7,0
119620.02,Cash Withdrawal,Debit Card,721,0,1
69706.23,Money Transfer,Credit Card,2010,10,0
18188.16,Cash Withdrawal,Debit Card,1023,2,0
137670.42,Online Purchase,Credit Card,477,2,0
69558.25,Online Purchase,UPI,391,8,1
149623.31,Bill Payment,UPI,520,4,1
65266.91,Online Purchase,Credit Card,1041,10,0
120690.94,Bill Payment,Net Banking,1685,5,1
27625.46,Bill Payment,UPI,1434,8,1
147709.64,Bill Payment,Credit Card,2438,6,1
86089.92,Online Purchase,Credit Card,1084,0,0
88161.84,Online Purchase,UPI,1244,10,1
128415.52,Cash Withdrawal,Debit Card,1533,2,0
63208.48,Money Transfer,Net Banking,890,9,0
119084.8,Online Purchase,Net Banking,1654,6,0
72961.36,Money Transfer,UPI,1219,2,1
126496.12,Online Purchase,UPI,1970,9,1
1457.34,Bill Payment,Credit Card,420,2,0
113590.03,Cash Withdrawal,Net Banking,2256,3,0
49161.76,Cash Withdrawal,Credit Card,422,9,1
22025.49,Online Purchase,Net Banking,1701,2,0
136179.28,Money Transfer,UPI,739,6,1
69220.74,Cash Withdrawal,Debit Card,1707,5,1
10193.62,Money Transfer,Debit Card,1781,1,0
98387.21,Bill Payment,Debit Card,1854,0,1
148095.16,Money Transfer,Debit Card,829,10,1
19979.36,Online Purchase,Credit Card,681,5,0
102641.07,Online Purchase,UPI,1635,7,0
2659.31,Cash Withdrawal,Credit Card,2231,5,1
17067.61,Online Purchase,UPI,1654,4,0
33066.17,Cash Withdrawal,Debit Card,2276,7,0
102997.22,Bill Payment,Debit Card,974,6,1
22685.48,Bill Payment,Debit Card,2405,6,0
142690.78,Cash Withdrawal,Credit Card,1550,6,1
91767.48,Online Purchase,Debit Card,544,2,1
113747.92,Online Purchase,Net Banking,13,1,1
130414.39,Online Purchase,UPI,1378,7,1
121889.0,Online Purchase,Debit Card,1507,1,1
81755.95,Money Transfer,Debit Card,1190,0,0
11785.11,Online Purchase,UPI,1091,5,0
132428.43,Cash Withdrawal,Net Banking,2384,6,1
30324.47,Cash Withdrawal,Credit Card,420,7,1
20536.88,Money Transfer,UPI,1503,7,0
18408.97,Cash Withdrawal,UPI,1560,5,0
121546.72,Money Transfer,Debit Card,24,0,0
27818.84,Money Transfer,Debit Card,947,7,1
148700.96,Bill Payment,Debit Card,890,10,1
110420.67,Bill Payment,Credit Card,2455,9,1
94069.61,Money Transfer,Credit Card,271,1,1
143789.93,Money Transfer,Net Banking,36,9,0
86803.78,Online Purchase,Net Banking,1930,6,0
18939.88,Online Purchase,Credit Card,2043,3,1
11761.18,Online Purchase,Credit Card,1075,6,1
123125.63,Money Transfer,Credit Card,1276,9,1
58120.97,Cash Withdrawal,Net Banking,1419,1,1
82291.41,Bill Payment,Debit Card,1935,10,0
20404.94,Money Transfer,Debit Card,2460,0,0
118406.58,Money Transfer,UPI,1098,8,1
130044.46,Online Purchase,Net Banking,1677,9,0
106657.45,Bill Payment,Net Banking,1938,6,1
32079.42,Bill Payment,Debit Card,2270,9,1
63613.32,Online Purchase,Debit Card,1211,5,0
38949.52,Bill Payment,Credit Card,313,6,1
76441.53,Cash Withdrawal,Credit Card,2286,2,1
32101.08,Bill Payment,UPI,2347,4,0
118375.93,Bill Payment,UPI,2152,5,0
59322.55,Bill Payment,UPI,1346,1,0
26650.87,Bill Payment,Net Banking,576,9,0
14048.31,Money Transfer,Net Banking,228,7,1
30526.88,Online Purchase,UPI,960,8,1
60542.72,Bill Payment,Net Banking,473,2,1
90201.85,Bill Payment,UPI,1503,10,0
134458.67,Online Purchase,Debit Card,1809,2,0
1673.16,Cash Withdrawal,Net Banking,1808,10,0
32739.25,Cash Withdrawal,Credit Card,988,9,0
32157.18,Cash Withdrawal,Net Banking,660,0,0
51614.81,Money Transfer,Credit Card,2456,1,0
117496.33,Money Transfer,Debit Card,2118,10,1
12669.84,Money Transfer,UPI,54,7,1
75104.35,Bill Payment,UPI,45,5,1
76464.16,Bill Payment,Credit Card,355,4,1
69144.89,Bill Payment,Net Banking,1667,2,1
140218.06,Cash Withdrawal,Debit Card,1893,2,1
122721.43,Online Purchase,UPI,1103,5,1
123856.02,Bill Payment,Credit Card,1100,9,1
51508.74,Online Purchase,Credit Card,1213,4,1
31943.13,Bill Payment,UPI,1329,4,0
595.11,Money Transfer,Debit Card,573,1,0
146119.39,Bill Payment,Credit Card,838,1,1
8144.81,Bill Payment,Debit Card,230,8,0
92683.45,Money Transfer,Credit Card,2318,2,0
27881.4,Online Purchase,Debit Card,1265,1,0
64065.87,Cash Withdrawal,Credit Card,1655,8,1
82168.15,Money Transfer,Net Banking,1675,7,1
102583.4,Online Purchase,Credit Card,2451,10,1
33285.32,Bill Payment,Net Banking,759,5,0
89693.87,Online Purchase,Credit Card,579,1,1
49929.17,Money Transfer,Credit Card,485,2,0
37947.14,Money Transfer,Net Banking,1059,6,0
33475.67,Online Purchase,Net Banking,1948,10,1
65258.12,Bill Payment,Credit Card,863,10,1
77301.56,Money Transfer,Credit Card,304,9,0
136468.83,Bill Payment,Net Banking,740,0,0
52115.95,Bill Payment,Debit Card,667,1,0
145368.01,Bill Payment,UPI,1300,0,1
123586.95,Bill Payment,UPI,57,5,0
122477.78,Cash Withdrawal,Credit Card,1895,2,1
84125.02,Bill Payment,Debit Card,2376,2,0
123970.49,Cash Withdrawal,Net Banking,2071,9,1
14783.78,Cash Withdrawal,UPI,738,8,1
143262.28,Money Transfer,Credit Card,1287,2,0
112045.95,Cash Withdrawal,Credit Card,1043,1,1
118127.69,Money Transfer,Net Banking,74,7,1
74540.56,Bill Payment,Debit Card,120,0,0
98852.85,Bill Payment,Credit Card,751,10,1
120604.64,Online Purchase,Net Banking,2336,9,0
90355.09,Cash Withdrawal,Net Banking,2298,8,0
7167.74,Bill Payment,UPI,2400,1,0
115866.99,Online Purchase,UPI,1087,2,0
44457.42,Cash Withdrawal,UPI,181,4,1
46164.06,Online Purchase,UPI,26,10,1
113602.58,Cash Withdrawal,Net Banking,2361,5,0
11720.98,Cash Withdrawal,Debit Card,549,9,1
96905.36,Cash Withdrawal,Credit Card,259,6,0
42364.61,Online Purchase,UPI,1957,6,0
34540.63,Bill Payment,Net Banking,2443,1,0
135576.46,Money Transfer,UPI,568,7,0
149984.77,Cash Withdrawal,Net Banking,1140,1,0
36377.52,Cash Withdrawal,UPI,1672,6,0
66170.01,Bill Payment,Net Banking,844,10,1
56748.97,Money Transfer,Net Banking,279,10,0
17118.58,Cash Withdrawal,UPI,2408,5,0
20825.03,Online Purchase,Net Banking,482,6,0
45190.44,Money Transfer,UPI,1667,10,1
109841.63,Money Transfer,Debit Card,1330,1,1
127820.87,Online Purchase,Debit Card,2281,8,1
17671.74,Bill Payment,Credit Card,1106,1,1
13552.72,Money Transfer,Credit Card,335,10,1
45895.07,Bill Payment,Credit Card,1284,10,0
65485.28,Bill Payment,Debit Card,774,8,1
110865.32,Money Transfer,UPI,1320,8,1
128390.59,Cash Withdrawal,Credit Card,2085,0,0
6575.67,Money Transfer,Net Banking,2120,10,0
67347.32,Money Transfer,Net Banking,1181,2,0
26851.74,Bill Payment,Net Banking,249,2,0
131702.79,Bill Payment,UPI,1633,6,1
93915.58,Online Purchase,Net Banking,714,9,1
19818.1,Money Transfer,Credit Card,2144,10,1
3917.2,Cash Withdrawal,Debit Card,853,4,0
41568.58,Money Transfer,Net Banking,1475,0,0
85479.6,Online Purchase,Debit Card,2104,5,1
128565.62,Online Purchase,Debit Card,2282,4,1
140011.44,Money Transfer,Net Banking,2120,3,1
19868.58,Cash Withdrawal,UPI,1213,1,0
101810.27,Bill Payment,Net Banking,2456,0,1
68408.54,Online Purchase,UPI,961,7,0
25094.02,Online Purchase,Net Banking,87,8,0
129630.75,Money Transfer,Debit Card,47,10,1
102321.82,Money Transfer,Net Banking,2197,0,1
72310.18,Money Transfer,UPI,1729,5,0
30459.35,Money Transfer,Debit Card,742,2,0
77151.84,Online Purchase,Net Banking,86,3,0
48105.2,Money Transfer,Debit Card,613,3,0
21631.29,Bill Payment,UPI,567,4,1
115417.0,Cash Withdrawal,Credit Card,2113,3,0
140124.6,Online Purchase,UPI,2226,9,1
40726.81,Money Transfer,Debit Card,880,10,0
19122.91,Bill Payment,Net Banking,1619,1,0
85104.21,Online Purchase,Credit Card,2083,1,0
60063.16,Money Transfer,Credit Card,983,10,1
140522.19,Bill Payment,Debit Card,331,4,1
53641.82,Bill Payment,UPI,1830,2,1
4280.27,Online Purchase,UPI,2114,9,0
95588.24,Cash Withdrawal,UPI,1042,2,0
98678.46,Cash Withdrawal,Debit Card,131,3,0
77315.02,Bill Payment,Credit Card,2150,3,0
65748.31,Bill Payment,Debit Card,595,0,0
133282.35,Online Purchase,Net Banking,19,10,1
37053.74,Cash Withdrawal,Net Banking,997,6,0
57336.95,Bill Payment,UPI,2383,8,1
73030.24,Online Purchase,UPI,1917,3,1
49926.17,Money Transfer,Debit Card,2044,9,0
27733.67,Bill Payment,Credit Card,1338,6,0
43487.79,Cash Withdrawal,Net Banking,430,9,1
140872.89,Online Purchase,Debit Card,180,7,1
60182.13,Bill Payment,Credit Card,2353,9,1
24068.44,Money Transfer,Net Banking,1343,6,1
67535.92,Money Transfer,Net Banking,620,0,1
127678.12,Online Purchase,Credit Card,461,7,1
49583.43,Cash Withdrawal,Net Banking,1883,4,0
55319.13,Online Purchase,Net Banking,1857,4,0
39137.23,Online Purchase,Net Banking,510,6,0
73800.44,Online Purchase,Debit Card,75,2,0
147624.01,Money Transfer,Debit Card,8,0,1
33730.95,Online Purchase,Net Banking,494,5,0
118522.2,Online Purchase,Debit Card,796,0,0
34548.37,Online Purchase,Debit Card,1513,4,1
124050.37,Money Transfer,Net Banking,902,1,1
106710.03,Bill Payment,Credit Card,1109,8,0
94079.51,Online Purchase,Net Banking,1495,9,0
84957.34,Money Transfer,Debit Card,727,10,1
131226.26,Cash Withdrawal,Credit Card,2419,2,0
35369.37,Cash Withdrawal,Debit Card,2368,1,0
62990.48,Online Purchase,UPI,1757,7,0
136605.94,Online Purchase,Debit Card,2224,1,0
86862.14,Bill Payment,Net Banking,1965,0,0
57035.36,Cash Withdrawal,UPI,1117,4,0
18088.08,Bill Payment,Credit Card,174,1,0
100368.36,Cash Withdrawal,Debit Card,1323,5,0
34360.39,Online Purchase,Credit Card,2153,7,1
75523.88,Money Transfer,Debit Card,68,2,1
109786.31,Money Transfer,Net Banking,1526,2,1
51641.92,Money Transfer,Net Banking,603,3,1
18172.36,Bill Payment,Debit Card,1177,1,0
57617.76,Money Transfer,Debit Card,1712,7,1
54872.38,Cash Withdrawal,Debit Card,1906,7,0
98057.91,Bill Payment,Net Banking,109,5,1
138735.45,Cash Withdrawal,UPI,1804,4,0
112799.7,Cash Withdrawal,Debit Card,1064,10,1
65554.15,Cash Withdrawal,Credit Card,1750,4,0
60142.46,Money Transfer,Debit Card,2314,1,0
72095.1,Money Transfer,Net Banking,80,5,1
124063.25,Online Purchase,Credit Card,350,0,1
72371.86,Cash Withdrawal,Debit Card,479,8,0
23556.07,Cash Withdrawal,Debit Card,1953,10,1
88066.6,Cash Withdrawal,Credit Card,852,2,1
8576.88,Online Purchase,Debit Card,946,9,0
24218.42,Bill Payment,UPI,1513,4,0
52567.31,Bill Payment,UPI,1976,2,0
137055.54,Money Transfer,UPI,1158,7,0
109361.99,Cash Withdrawal,Credit Card,1867,4,1
138818.68,Cash Withdrawal,Net Banking,2329,9,1
18937.57,Online Purchase,Net Banking,495,3,0
91430.6,Money Transfer,Debit Card,1855,6,1
84163.85,Bill Payment,Debit Card,122,8,1
128946.88,Cash Withdrawal,Credit Card,2459,1,1
147416.17,Money Transfer,Credit Card,661,6,1
119723.46,Online Purchase,UPI,1780,7,1
26030.31,Cash Withdrawal,Debit Card,699,5,0
110443.27,Money Transfer,Debit Card,1299,6,1
145146.25,Bill Payment,UPI,942,7,0
119651.92,Money Transfer,UPI,115,1,0
53289.88,Money Transfer,Credit Card,177,4,1
7080.53,Online Purchase,Debit Card,2050,10,1
43815.37,Cash Withdrawal,Net Banking,1766,10,0
31013.67,Money Transfer,Credit Card,2008,2,0
40046.94,Money Transfer,Net Banking,1435,1,0
62438.96,Bill Payment,Credit Card,1242,10,1
89359.61,Cash Withdrawal,Net Banking,2308,9,0
145585.43,Bill Payment,UPI,280,9,1
76361.87,Bill Payment,Net Banking,1435,3,0
50463.03,Bill Payment,Credit Card,1529,6,0
113093.56,Bill Payment,Debit Card,1033,0,0
14974.75,Cash Withdrawal,UPI,716,8,0
122111.44,Cash Withdrawal,Debit Card,571,5,1
109324.36,Bill Payment,Credit Card,528,2,1
37349.51,Online Purchase,Debit Card,757,7,1
40434.83,Bill Payment,UPI,1290,10,1
102174.6,Cash Withdrawal,UPI,2236,2,1
117263.53,Cash Withdrawal,Net Banking,609,3,0
66315.43,Cash Withdrawal,Debit Card,2309,0,0
47969.22,Online Purchase,Net Banking,826,8,1
63989.28,Cash Withdrawal,Net Banking,1225,0,0
86794.36,Online Purchase,Net Banking,855,7,0
25557.23,Online Purchase,Net Banking,1599,4,0
32703.96,Online Purchase,UPI,1458,4,0
101856.74,Money Transfer,Credit Card,1484,6,1
99827.66,Bill Payment,UPI,2296,4,1
95916.9,Money Transfer,Debit Card,2203,3,0
106996.83,Online Purchase,Debit Card,553,9,1
53541.02,Online Purchase,Credit Card,1998,4,0
148791.48,Cash Withdrawal,Debit Card,1702,9,1
81094.51,Online Purchase,UPI,2208,4,1
5087.12,Online Purchase,UPI,938,5,0
15825.73,Bill Payment,Debit Card,330,7,1
139397.76,Online Purchase,Credit Card,2217,10,1
49057.83,Money Transfer,Credit Card,1028,7,0
146022.15,Online Purchase,Debit Card,1728,5,1
80360.47,Cash Withdrawal,UPI,1373,8,0
29258.38,Cash Withdrawal,Net Banking,2208,8,0
63935.65,Cash Withdrawal,Credit Card,1658,5,1
86197.81,Cash Withdrawal,UPI,1241,7,1
27185.63,Cash Withdrawal,Net Banking,2085,5,0
69260.49,Cash Withdrawal,Net Banking,96,6,1
115507.58,Bill Payment,UPI,2262,8,1
46878.09,Bill Payment,Net Banking,1162,3,0
128045.77,Bill Payment,UPI,338,1,0
48330.75,Bill Payment,Debit Card,1937,7,1
12758.11,Bill Payment,Net Banking,663,6,0
113486.31,Online Purchase,Credit Card,1506,2,1
121184.77,Money Transfer,Credit Card,185,8,1
59767.06,Online Purchase,Net Banking,1137,6,1
146320.03,Cash Withdrawal,UPI,2311,3,0
35889.23,Bill Payment,UPI,2207,3,0
30326.94,Money Transfer,Debit Card,365,4,0
97664.06,Bill Payment,UPI,2094,5,0
102899.41,Money Transfer,Credit Card,1614,6,1
31225.42,Cash Withdrawal,Net Banking,360,0,0
3314.12,Online Purchase,Credit Card,161,0,0
25253.89,Cash Withdrawal,Net Banking,1677,1,0
2060.53,Cash Withdrawal,UPI,1264,9,0
87094.19,Online Purchase,Net Banking,589,7,0
116746.02,Bill Payment,Credit Card,606,9,1
140080.65,Money Transfer,UPI,256,1,1
121966.39,Online Purchase,UPI,825,5,1
49221.75,Money Transfer,Net Banking,300,9,0
59330.32,Cash Withdrawal,Credit Card,1540,2,0
90944.98,Money Transfer,Debit Card,2174,0,1
100385.11,Cash Withdrawal,Credit Card,474,7,1
137690.55,Bill Payment,UPI,1624,0,0
44473.17,Cash Withdrawal,UPI,2354,1,0
48583.46,Cash Withdrawal,Debit Card,390,2,0
33472.2,Bill Payment,Debit Card,1118,9,0
26042.71,Cash Withdrawal,UPI,293,10,1
113084.65,Money Transfer,Net Banking,1428,1,1
57027.37,Cash Withdrawal,Net Banking,2164,10,1
28132.91,Money Transfer,Net Banking,790,10,1
79422.76,Online Purchase,Debit Card,2154,4,0
140836.15,Cash Withdrawal,Debit Card,1474,5,0
98362.8,Online Purchase,Credit Card,579,1,0
100651.93,Online Purchase,UPI,2426,9,1
48304.5,Bill Payment,UPI,970,0,0
85896.76,Bill Payment,UPI,2332,7,1
118761.36,Bill Payment,UPI,1478,10,1
85182.93,Bill Payment,UPI,606,1,1
5732.52,Money Transfer,Net Banking,7,10,1
37109.11,Cash Withdrawal,Credit Card,1180,2,1
143435.63,Online Purchase,Credit Card,139,4,1
72821.97,Cash Withdrawal,UPI,591,1,1
9164.17,Bill Payment,Net Banking,1285,4,1
101688.74,Bill Payment,Net Banking,2119,6,0
27503.83,Online Purchase,UPI,1091,4,0
69052.22,Online Purchase,UPI,1568,7,1
109844.78,Money Transfer,Net Banking,2349,0,1
1480.64,Cash Withdrawal,UPI,2115,10,0
107268.5,Bill Payment,Debit Card,2301,10,0
100070.82,Bill Payment,Credit Card,1893,5,1
8252.04,Cash Withdrawal,Net Banking,96,0,0
29387.89,Online Purchase,Net Banking,1601,2,0
37374.17,Money Transfer,UPI,1405,3,0
69061.04,Bill Payment,Debit Card,2288,3,1
122869.74,Money Transfer,Debit Card,1382,0,1
117673.97,Bill Payment,Debit Card,1866,3,0
102054.71,Money Transfer,Debit Card,12,1,1
142337.61,Bill Payment,Net Banking,1978,5,0
142363.81,Money Transfer,Credit Card,2467,5,1
134886.86,Online Purchase,UPI,678,0,1
74299.46,Online Purchase,Credit Card,81,4,0
32535.28,Online Purchase,UPI,178,9,0
122661.15,Money Transfer,UPI,169,10,1
61391.24,Online Purchase,Credit Card,2167,7,0
60686.01,Bill Payment,Net Banking,1531,5,0
45546.25,Money Transfer,UPI,759,7,0
78433.32,Cash Withdrawal,UPI,1501,6,0
132926.79,Bill Payment,Debit Card,2382,2,0
51257.39,Online Purchase,Debit Card,600,5,1
61231.85,Cash Withdrawal,UPI,2498,4,1
28135.26,Money Transfer,Credit Card,1739,6,1
144140.96,Bill Payment,Debit Card,782,8,0
146330.48,Cash Withdrawal,Credit Card,1179,2,0
109702.21,Money Transfer,UPI,1870,7,1
33139.71,Money Transfer,UPI,208,4,0
77648.78,Money Transfer,Net Banking,601,3,0
137989.28,Bill Payment,UPI,836,3,0
30095.27,Bill Payment,Net Banking,1917,10,0
9453.1,Cash Withdrawal,UPI,2197,5,0
68160.42,Cash Withdrawal,UPI,1229,10,0
128480.19,Online Purchase,UPI,2271,9,1
95341.2,Money Transfer,Net Banking,2090,5,0
139646.91,Bill Payment,UPI,520,9,1
106642.06,Cash Withdrawal,Net Banking,1679,1,0
69051.82,Online Purchase,UPI,1622,1,1
107518.02,Bill Payment,UPI,397,0,0
44922.1,Online Purchase,Net Banking,2482,6,0
13050.48,Online Purchase,Credit Card,1999,1,0
65813.17,Money Transfer,Net Banking,33,1,0
132343.3,Money Transfer,Credit Card,1459,6,1
130990.91,Money Transfer,Credit Card,1599,0,1
131467.55,Online Purchase,Credit Card,1654,9,1
72270.81,Online Purchase,UPI,1089,3,0
22910.67,Cash Withdrawal,Debit Card,276,9,0
44675.39,Cash Withdrawal,Credit Card,2384,0,0
99953.5,Money Transfer,Net Banking,432,0,0
104597.21,Money Transfer,Debit Card,1394,7,1
124784.79,Online Purchase,Debit Card,984,0,0
30502.89,Bill Payment,Credit Card,1330,6,0
143276.94,Money Transfer,Credit Card,1814,2,0
11884.78,Online Purchase,UPI,1619,3,0
10095.1,Online Purchase,Net Banking,1864,0,0
84996.64,Cash Withdrawal,Debit Card,1433,0,0
45206.4,Bill Payment,UPI,777,1,0
33429.68,Online Purchase,Debit Card,1471,4,0
633.84,Cash Withdrawal,Debit Card,1049,1,0
97728.19,Online Purchase,UPI,1140,0,0
128147.36,Bill Payment,Net Banking,449,10,1
102290.53,Money Transfer,UPI,786,6,1
16686.3,Online Purchase,UPI,1365,3,0
42289.86,Online Purchase,Net Banking,548,0,0
66152.29,Bill Payment,UPI,2122,4,1
45267.82,Money Transfer,Debit Card,662,7,0
146917.35,Online Purchase,Debit Card,393,8,0
63591.3,Cash Withdrawal,Net Banking,519,5,1
88635.14,Bill Payment,UPI,1111,5,0
18526.22,Online Purchase,Net Banking,1803,7,0
21646.61,Online Purchase,Debit Card,61,6,1
41575.26,Money Transfer,Net Banking,422,0,0
77872.76,Money Transfer,UPI,1821,5,0
27876.24,Money Transfer,Net Banking,977,5,1
38788.12,Cash Withdrawal,Debit Card,1276,8,0
92840.96,Money Transfer,Debit Card,661,5,0
130251.05,Money Transfer,UPI,108,2,0
27373.99,Cash Withdrawal,UPI,1621,10,0
28950.03,Bill Payment,Net Banking,454,3,0
133040.45,Bill Payment,Net Banking,2012,5,1
27445.67,Online Purchase,Debit Card,185,0,0
1930.31,Money Transfer,Debit Card,1152,2,0
149960.7,Money Transfer,Debit Card,2233,7,1
82997.62,Bill Payment,Debit Card,1471,0,0
18878.45,Bill Payment,Net Banking,983,8,1
56699.21,Bill Payment,Debit Card,1668,5,0
109638.34,Bill Payment,Credit Card,2482,9,1
104240.13,Bill Payment,Credit Card,901,10,0
44134.17,Bill Payment,UPI,1015,2,0
74750.31,Money Transfer,Net Banking,1292,9,1
133249.47,Money Transfer,Credit Card,2063,10,1
98635.55,Online Purchase,Net Banking,1716,6,1
122047.98,Money Transfer,Credit Card,2471,1,1
39012.61,Online Purchase,Net Banking,2092,2,0
119067.75,Cash Withdrawal,Credit Card,1460,10,0
100063.73,Online Purchase,Credit Card,1068,0,0
64350.63,Bill Payment,Net Banking,1626,5,1
27306.77,Cash Withdrawal,Net Banking,1121,9,0
68757.69,Money Transfer,UPI,416,3,0
39179.1,Bill Payment,Net Banking,673,9,1
45366.53,Bill Payment,Net Banking,1355,1,0
79830.54,Money Transfer,Debit Card,216,9,0
44970.42,Cash Withdrawal,Credit Card,1402,9,1
61302.1,Bill Payment,Net Banking,344,2,0
137311.2,Money Transfer,Debit Card,1223,4,1
57345.46,Cash Withdrawal,Debit Card,2086,9,1
100869.58,Online Purchase,UPI,2439,3,0
143358.01,Bill Payment,Debit Card,196,8,0
12698.36,Online Purchase,Net Banking,2109,6,0
39662.63,Bill Payment,Net Banking,2148,6,0
137534.45,Money Transfer,Debit Card,14,7,1
13090.33,Online Purchase,Net Banking,1038,4,0
99508.33,Money Transfer,Net Banking,2470,7,0
100422.66,Cash Withdrawal,Credit Card,467,5,1
85766.02,Cash Withdrawal,UPI,86,5,0
11679.02,Online Purchase,UPI,2465,8,0
98529.64,Online Purchase,Credit Card,1971,4,1
12076.57,Money Transfer,Debit Card,1819,4,1
53745.37,Money Transfer,Debit Card,2146,10,1
126394.55,Money Transfer,Net Banking,123,8,1
111519.06,Bill Payment,Net Banking,1131,3,0
83529.1,Online Purchase,Credit Card,122,4,0
87400.7,Money Transfer,UPI,1647,0,0
18165.58,Money Transfer,UPI,1064,10,0
86280.66,Cash Withdrawal,Debit Card,1640,3,1
50308.5,Online Purchase,Credit Card,2268,6,1
126127.19,Bill Payment,Debit Card,2369,5,0
67398.26,Online Purchase,Debit Card,1320,4,0
124550.69,Cash Withdrawal,UPI,614,10,1
33409.96,Bill Payment,UPI,2183,8,0
59820.78,Online Purchase,Net Banking,1158,8,0
42440.52,Money Transfer,Credit Card,609,3,0
56998.84,Bill Payment,Debit Card,2047,0,0
22017.65,Money Transfer,Debit Card,1369,2,0
106833.3,Money Transfer,Net Banking,366,1,1
143063.74,Cash Withdrawal,Credit Card,1313,7,1
126679.28,Money Transfer,UPI,2038,5,0
75615.44,Online Purchase,Credit Card,2330,6,1
17767.28,Cash Withdrawal,UPI,2108,3,0
118766.49,Bill Payment,Net Banking,181,1,0
63465.19,Bill Payment,Net Banking,1862,7,0
50007.56,Money Transfer,UPI,1846,5,0
92012.37,Online Purchase,Debit Card,1601,1,0
85642.06,Money Transfer,Debit Card,1549,0,1
81308.81,Cash Withdrawal,Credit Card,1521,7,0
119092.99,Bill Payment,Debit Card,776,6,1
67468.02,Online Purchase,Debit Card,1852,1,0
82521.88,Bill Payment,Credit Card,1869,4,0
117459.78,Money Transfer,Credit Card,1030,6,1
49053.68,Bill Payment,Net Banking,1597,3,0
112405.94,Money Transfer,Net Banking,799,8,1
17092.2,Money Transfer,Debit Card,721,3,0
135805.46,Money Transfer,Credit Card,233,3,1
112459.34,Money Transfer,Credit Card,1238,10,1
84465.88,Money Transfer,Net Banking,189,1,1
30212.53,Cash Withdrawal,Debit Card,2025,10,0
110523.8,Online Purchase,Credit Card,733,9,1
124951.65,Money Transfer,Debit Card,99,1,1
66646.61,Bill Payment,UPI,1943,4,0
99343.0,Bill Payment,Credit Card,1936,4,0
11833.97,Online Purchase,Debit Card,2474,2,0
29525.59,Cash Withdrawal,Net Banking,1279,9,1
126041.92,Cash Withdrawal,Debit Card,359,3,0
103187.42,Money Transfer,Debit Card,2303,3,0
137682.52,Cash Withdrawal,Debit Card,1658,1,1
141322.87,Bill Payment,Net Banking,1696,1,0
132794.12,Cash Withdrawal,Credit Card,1309,8,1
16769.96,Online Purchase,Credit Card,1631,9,0
99253.22,Money Transfer,Debit Card,673,3,1
93101.83,Bill Payment,Debit Card,603,0,1
119200.49,Online Purchase,Credit Card,1970,2,1
109126.38,Money Transfer,Net Banking,1229,7,1
120157.29,Online Purchase,UPI,1096,1,1
141982.62,Money Transfer,UPI,1104,4,1
37298.27,Bill Payment,Debit Card,1093,9,0
13907.08,Cash Withdrawal,UPI,2249,4,0
74962.67,Money Transfer,Debit Card,2392,2,0
96062.26,Online Purchase,Credit Card,2470,1,0
136924.47,Online Purchase,Credit Card,1197,10,1
88954.93,Money Transfer,Debit Card,1271,1,1
112142.31,Money Transfer,UPI,592,5,1
91077.64,Cash Withdrawal,Debit Card,436,0,0
114410.91,Cash Withdrawal,UPI,1154,1,0
70335.28,Cash Withdrawal,Net Banking,2212,9,1
103498.45,Cash Withdrawal,Net Banking,766,9,0
18888.1,Online Purchase,UPI,697,9,0
118984.72,Online Purchase,Credit Card,383,4,1
108388.09,Money Transfer,UPI,2427,10,1
7195.49,Bill Payment,Credit Card,475,7,0
24242.08,Bill Payment,Credit Card,1311,2,0
124684.08,Online Purchase,Credit Card,1270,9,0
141251.69,Bill Payment,UPI,1716,9,1
126475.25,Bill Payment,UPI,357,7,0
2253.87,Bill Payment,Debit Card,204,4,0
125970.6,Cash Withdrawal,Net Banking,1358,2,1
24243.47,Bill Payment,UPI,474,3,0
28883.37,Online Purchase,Debit Card,303,0,0
112255.88,Online Purchase,Credit Card,582,3,0
47716.94,Money Transfer,Debit Card,1355,0,0
70320.22,Online Purchase,UPI,1939,0,0
140821.83,Money Transfer,Debit Card,2079,6,0
39653.68,Cash Withdrawal,Credit Card,1277,3,0
42018.75,Bill Payment,Credit Card,2061,9,1
46178.47,Bill Payment,UPI,1854,4,0
93966.85,Money Transfer,Debit Card,945,0,1
2509.14,Online Purchase,UPI,2243,1,0
54112.15,Bill Payment,Debit Card,1406,0,0
64528.98,Money Transfer,UPI,2193,10,1
112397.07,Bill Payment,Credit Card,2333,10,0
37795.49,Money Transfer,Net Banking,803,3,0
26507.61,Money Transfer,Net Banking,1446,5,0
82756.85,Online Purchase,Debit Card,561,0,0
2804.0,Money Transfer,UPI,2032,10,0
131371.87,Money Transfer,Net Banking,2434,5,1
128780.06,Bill Payment,Net Banking,1333,1,0
102522.66,Online Purchase,UPI,1781,1,0
6783.33,Bill Payment,Credit Card,1858,9,0
139359.6,Bill Payment,Credit Card,23,7,1
118253.27,Cash Withdrawal,Credit Card,410,0,0
120682.77,Money Transfer,Credit Card,1808,3,1
91070.17,Cash Withdrawal,Debit Card,718,1,0
33310.72,Money Transfer,Net Banking,1313,3,1
147310.77,Money Transfer,Net Banking,410,2,0
23868.59,Online Purchase,Credit Card,135,2,0
29678.67,Bill Payment,Credit Card,2184,3,0
95892.51,Money Transfer,Debit Card,2297,7,0
40178.09,Cash Withdrawal,UPI,2000,8,0
130477.28,Money Transfer,UPI,333,10,1
101074.67,Money Transfer,Net Banking,1274,2,1
45306.41,Money Transfer,UPI,298,6,0
141010.57,Bill Payment,UPI,2012,7,0
139502.36,Cash Withdrawal,Net Banking,815,9,1
122927.64,Online Purchase,UPI,1511,1,0
120135.71,Cash Withdrawal,Credit Card,1029,5,0
28392.36,Money Transfer,Credit Card,1186,3,0
40940.41,Online Purchase,UPI,2323,8,0
124478.83,Cash Withdrawal,Net Banking,1199,4,1
100987.26,Money Transfer,Credit Card,1078,10,0
21502.6,Online Purchase,Debit Card,83,0,0
118664.53,Online Purchase,Debit Card,2488,1,1
96469.56,Online Purchase,Net Banking,1411,5,0
70282.17,Cash Withdrawal,Debit Card,295,6,0
37927.29,Bill Payment,UPI,960,0,0
45242.13,Bill Payment,Net Banking,1379,5,1
77265.25,Money Transfer,Debit Card,2164,10,1
14710.92,Cash Withdrawal,Credit Card,955,7,0
87224.61,Bill Payment,Credit Card,2010,3,0
122780.32,Cash Withdrawal,Credit Card,1260,6,1
51549.79,Money Transfer,UPI,1781,8,0
32284.62,Cash Withdrawal,Debit Card,216,3,0
25107.31,Money Transfer,Debit Card,520,7,1
91478.26,Money Transfer,Debit Card,1954,4,1
57025.1,Bill Payment,UPI,740,4,1
139048.32,Money Transfer,Debit Card,1016,1,1
15003.88,Bill Payment,UPI,2197,0,0
111967.7,Online Purchase,UPI,966,10,1
106587.52,Cash Withdrawal,Debit Card,2000,10,1
40059.23,Online Purchase,UPI,1148,7,0
80168.86,Online Purchase,Debit Card,591,4,0
61025.07,Online Purchase,UPI,1676,1,0
52729.43,Cash Withdrawal,Debit Card,1013,7,1
129380.1,Bill Payment,UPI,1422,6,1
94590.98,Online Purchase,UPI,470,10,1
146710.19,Online Purchase,Credit Card,1844,4,1
21688.91,Money Transfer,Net Banking,1697,5,1
95172.34,Online Purchase,UPI,436,9,1
113636.69,Money Transfer,Net Banking,1140,5,1
41345.5,Cash Withdrawal,UPI,2382,10,0
22609.13,Bill Payment,Credit Card,1999,6,0
147470.16,Cash Withdrawal,Debit Card,1702,4,0
30260.08,Money Transfer,Net Banking,460,2,1
59181.47,Online Purchase,Net Banking,246,10,0
91203.05,Bill Payment,Debit Card,85,4,1
112680.5,Cash Withdrawal,Debit Card,612,3,1
26650.07,Bill Payment,UPI,2037,4,0
102479.22,Money Transfer,Net Banking,1612,7,1
141850.02,Online Purchase,Net Banking,66,8,1
7022.22,Cash Withdrawal,UPI,16,9,1
125820.04,Money Transfer,UPI,1603,4,1
118382.13,Money Transfer,UPI,897,9,1
130084.25,Cash Withdrawal,Debit Card,431,5,1
105773.27,Cash Withdrawal,Debit Card,1695,7,0
143225.21,Money Transfer,Net Banking,1957,0,1
64726.59,Online Purchase,Net Banking,1587,7,1
118820.62,Online Purchase,Net Banking,1835,5,1
121719.66,Bill Payment,UPI,1993,7,0
3715.69,Bill Payment,UPI,924,3,0
66418.94,Cash Withdrawal,Net Banking,2451,1,0
20731.78,Cash Withdrawal,Debit Card,1120,3,0
98811.29,Online Purchase,Net Banking,905,0,1
69908.98,Money Transfer,Debit Card,886,10,0
109133.43,Online Purchase,Net Banking,2049,7,0
99681.52,Bill Payment,Net Banking,906,9,1
16355.89,Cash Withdrawal,Credit Card,1574,2,0
145136.29,Cash Withdrawal,Net Banking,901,5,0
17660.31,Online Purchase,UPI,1894,3,0
117137.36,Cash Withdrawal,UPI,9,0,1
67307.55,Bill Payment,Net Banking,2427,2,0
127957.76,Cash Withdrawal,Credit Card,1590,6,0
136167.24,Online Purchase,Net Banking,2349,2,0
80998.48,Cash Withdrawal,Debit Card,1749,7,0
64208.58,Cash Withdrawal,Net Banking,944,5,1
35878.55,Online Purchase,Credit Card,1855,5,0
38599.35,Bill Payment,Credit Card,802,8,1
75126.0,Online Purchase,Credit Card,272,7,1
22463.97,Money Transfer,Credit Card,1922,9,1
74642.28,Cash Withdrawal,Credit Card,2116,2,0
105961.44,Cash Withdrawal,Net Banking,1069,0,0
82885.06,Online Purchase,Debit Card,2298,0,1
135879.46,Money Transfer,UPI,1205,6,1
145866.9,Cash Withdrawal,UPI,379,7,0
53974.68,Cash Withdrawal,Net Banking,1677,2,0
53294.29,Cash Withdrawal,Credit Card,1224,3,0
79536.09,Money Transfer,Debit Card,810,10,0
39833.54,Online Purchase,Debit Card,1620,9,1
60842.64,Bill Payment,UPI,1835,7,0
44543.9,Cash Withdrawal,Debit Card,1291,9,0
39353.42,Online Purchase,Net Banking,106,5,0
23237.18,Money Transfer,Net Banking,1098,6,0
120991.25,Cash Withdrawal,Net Banking,2434,4,0
16705.01,Online Purchase,Net Banking,1679,8,1
34922.22,Online Purchase,Credit Card,118,1,0
85404.41,Cash Withdrawal,Net Banking,1570,10,1
26919.39,Online Purchase,Credit Card,1024,6,0
19697.92,Money Transfer,Debit Card,1017,5,0
21237.4,Bill Payment,Credit Card,677,4,0
98227.86,Cash Withdrawal,Debit Card,445,2,0
134154.47,Money Transfer,UPI,1057,10,1
86595.66,Online Purchase,Credit Card,775,9,0
50061.57,Bill Payment,Debit Card,1349,5,1
116482.6,Bill Payment,Net Banking,2296,3,1
127229.21,Bill Payment,Credit Card,2456,10,0
61200.83,Cash Withdrawal,UPI,2012,2,1
109424.66,Money Transfer,Credit Card,1175,3,0
60860.18,Bill Payment,Debit Card,727,8,1
54992.74,Bill Payment,Net Banking,161,9,0
122014.34,Online Purchase,Net Banking,2449,9,1
82120.5,Money Transfer,Debit Card,1935,1,1
45564.78,Online Purchase,Net Banking,394,10,1
98970.55,Bill Payment,Net Banking,2214,9,1
144035.74,Cash Withdrawal,UPI,2208,0,1
15164.9,Cash Withdrawal,Net Banking,153,5,1
100722.82,Cash Withdrawal,UPI,311,8,1
93565.16,Money Transfer,UPI,740,9,1
142799.85,Money Transfer,Net Banking,2022,3,1
77118.16,Online Purchase,UPI,371,4,0
121939.84,Money Transfer,Net Banking,1280,10,1
117792.72,Bill Payment,Debit Card,841,2,0
5130.33,Cash Withdrawal,UPI,2239,6,1
136214.11,Money Transfer,Debit Card,1064,8,1
10138.33,Money Transfer,UPI,685,1,1
42780.34,Bill Payment,Net Banking,1920,5,0
73001.99,Money Transfer,UPI,347,10,1
50072.19,Cash Withdrawal,Credit Card,1870,3,0
26711.15,Money Transfer,Debit Card,475,9,1
143330.19,Bill Payment,Net Banking,1633,1,0
7371.62,Bill Payment,Debit Card,154,0,0
136489.69,Bill Payment,Credit Card,1839,2,0
40726.23,Cash Withdrawal,Net Banking,1351,4,1
148373.1,Money Transfer,Net Banking,795,0,0
128842.03,Online Purchase,UPI,225,8,0
